ISO-10303-21;
HEADER;
FILE_DESCRIPTION (( 'STEP AP214' ),
    '1' );
FILE_NAME ('Base1.STEP',
    '2026-04-16T17:57:10',
    ( '' ),
    ( '' ),
    'SwSTEP 2.0',
    'SolidWorks 2025',
    '' );
FILE_SCHEMA (( 'AUTOMOTIVE_DESIGN' ));
ENDSEC;

DATA;
#1 = CARTESIAN_POINT ( 'NONE',  ( -0.4049999999999999711, -1.125000000000000222, 0.3499999999999999778 ) ) ;
#2 = DIRECTION ( 'NONE',  ( 0.000000000000000000, 0.7071067811865475727, 0.7071067811865475727 ) ) ;
#3 = ORIENTED_EDGE ( 'NONE', *, *, #254, .T. ) ;
#4 = DIRECTION ( 'NONE',  ( -1.000000000000000000, 1.311287036958815737E-14, 0.000000000000000000 ) ) ;
#5 = ORIENTED_EDGE ( 'NONE', *, *, #285, .F. ) ;
#6 = CARTESIAN_POINT ( 'NONE',  ( -0.4049999999999999156, 1.062500000000000000, 0.6187500000000005773 ) ) ;
#7 = CARTESIAN_POINT ( 'NONE',  ( -0.6062499999999996225, -1.125000000000000000, 0.3499999999999999778 ) ) ;
#8 = ORIENTED_EDGE ( 'NONE', *, *, #1107, .T. ) ;
#9 = EDGE_CURVE ( 'NONE', #774, #394, #1123, .T. ) ;
#10 = AXIS2_PLACEMENT_3D ( 'NONE', #1775, #1165, #121 ) ;
#11 = DIRECTION ( 'NONE',  ( 1.000000000000000000, 0.000000000000000000, -0.000000000000000000 ) ) ;
#12 = DIRECTION ( 'NONE',  ( 0.000000000000000000, 0.000000000000000000, -1.000000000000000000 ) ) ;
#13 = CIRCLE ( 'NONE', #230, 0.09374999999999927836 ) ;
#14 = ORIENTED_EDGE ( 'NONE', *, *, #1082, .F. ) ;
#15 = CARTESIAN_POINT ( 'NONE',  ( 0.2875000000000004219, 0.6875000000000001110, -0.05000000000000007910 ) ) ;
#16 = VECTOR ( 'NONE', #753, 39.37007874015748143 ) ;
#17 = ORIENTED_EDGE ( 'NONE', *, *, #908, .F. ) ;
#18 = CARTESIAN_POINT ( 'NONE',  ( 0.4675000000000000822, 1.187500000000000000, 0.6499999999999999112 ) ) ;
#19 = LINE ( 'NONE', #580, #1127 ) ;
#20 = CIRCLE ( 'NONE', #1810, 0.06250000000000001388 ) ;
#21 = VERTEX_POINT ( 'NONE', #741 ) ;
#22 = LINE ( 'NONE', #1812, #1151 ) ;
#23 = EDGE_CURVE ( 'NONE', #834, #511, #1155, .T. ) ;
#24 = DIRECTION ( 'NONE',  ( 1.000000000000000000, 1.365923996832131609E-16, 0.000000000000000000 ) ) ;
#25 = CIRCLE ( 'NONE', #1383, 0.03125000000000065919 ) ;
#26 = EDGE_CURVE ( 'NONE', #277, #717, #1800, .T. ) ;
#27 = VECTOR ( 'NONE', #1895, 39.37007874015748854 ) ;
#28 = ORIENTED_EDGE ( 'NONE', *, *, #101, .F. ) ;
#29 = DIRECTION ( 'NONE',  ( -1.000000000000000000, 0.000000000000000000, 0.000000000000000000 ) ) ;
#30 = DIRECTION ( 'NONE',  ( -0.000000000000000000, 0.000000000000000000, 1.000000000000000000 ) ) ;
#31 = AXIS2_PLACEMENT_3D ( 'NONE', #110, #719, #709 ) ;
#32 = ORIENTED_EDGE ( 'NONE', *, *, #1697, .F. ) ;
#33 = CARTESIAN_POINT ( 'NONE',  ( 0.5625000000000001110, -0.7500000000000001110, 0.3187500000000006439 ) ) ;
#34 = EDGE_CURVE ( 'NONE', #638, #511, #1603, .T. ) ;
#35 = CARTESIAN_POINT ( 'NONE',  ( 0.2250000000000001166, -0.6875000000000001110, 0.3187500000000006439 ) ) ;
#36 = ORIENTED_EDGE ( 'NONE', *, *, #606, .F. ) ;
#37 = EDGE_CURVE ( 'NONE', #1848, #141, #68, .T. ) ;
#38 = VERTEX_POINT ( 'NONE', #111 ) ;
#39 = CARTESIAN_POINT ( 'NONE',  ( 0.4675000000000000822, -1.187500000000000000, 0.3499999999999999778 ) ) ;
#40 = CARTESIAN_POINT ( 'NONE',  ( 0.4362500000000006928, 1.125000000000000000, 0.6499999999999999112 ) ) ;
#41 = ORIENTED_EDGE ( 'NONE', *, *, #193, .T. ) ;
#42 = CARTESIAN_POINT ( 'NONE',  ( 0.4675000000000000822, 1.125000000000000000, 0.6499999999999999112 ) ) ;
#43 = DIRECTION ( 'NONE',  ( -1.000000000000000000, 0.000000000000000000, 0.000000000000000000 ) ) ;
#44 = ORIENTED_EDGE ( 'NONE', *, *, #1347, .F. ) ;
#45 = CIRCLE ( 'NONE', #583, 0.09375000000000019429 ) ;
#46 = PRESENTATION_STYLE_ASSIGNMENT (( #1402 ) ) ;
#47 = DIRECTION ( 'NONE',  ( -0.000000000000000000, -0.000000000000000000, 1.000000000000000000 ) ) ;
#48 = EDGE_CURVE ( 'NONE', #1952, #1575, #1613, .T. ) ;
#49 = ORIENTED_EDGE ( 'NONE', *, *, #1552, .F. ) ;
#50 = DIRECTION ( 'NONE',  ( 0.000000000000000000, 0.000000000000000000, -1.000000000000000000 ) ) ;
#51 = FACE_OUTER_BOUND ( 'NONE', #1016, .T. ) ;
#52 = CONICAL_SURFACE ( 'NONE', #752, 0.03125000000000065919, 0.7853981633974491672 ) ;
#53 = ORIENTED_EDGE ( 'NONE', *, *, #991, .F. ) ;
#54 = EDGE_CURVE ( 'NONE', #1428, #320, #281, .T. ) ;
#55 = DIRECTION ( 'NONE',  ( -1.000000000000000000, 0.000000000000000000, 0.000000000000000000 ) ) ;
#56 = ORIENTED_EDGE ( 'NONE', *, *, #1516, .T. ) ;
#57 = EDGE_CURVE ( 'NONE', #394, #893, #712, .T. ) ;
#58 = CARTESIAN_POINT ( 'NONE',  ( -0.6062499999999996225, -1.125000000000000000, -0.1000000000000000194 ) ) ;
#59 = CONICAL_SURFACE ( 'NONE', #1109, 0.03125000000000065919, 0.7853981633974491672 ) ;
#60 = CIRCLE ( 'NONE', #245, 0.09375000000000019429 ) ;
#61 = CARTESIAN_POINT ( 'NONE',  ( -0.7124999999999998002, 0.2125000000000001610, -0.1000000000000000194 ) ) ;
#62 = ORIENTED_EDGE ( 'NONE', *, *, #606, .T. ) ;
#63 = CYLINDRICAL_SURFACE ( 'NONE', #1261, 0.06250000000000001388 ) ;
#64 = DIRECTION ( 'NONE',  ( -0.7071067811865474617, 0.000000000000000000, -0.7071067811865474617 ) ) ;
#65 = ORIENTED_EDGE ( 'NONE', *, *, #200, .T. ) ;
#66 = CARTESIAN_POINT ( 'NONE',  ( -0.4049999999999999156, 1.125000000000000222, 0.6187500000000005773 ) ) ;
#67 = PLANE ( 'NONE',  #914 ) ;
#68 = CIRCLE ( 'NONE', #504, 0.03125000000000065919 ) ;
#69 = EDGE_LOOP ( 'NONE', ( #250, #689, #683, #1178 ) ) ;
#70 = DIRECTION ( 'NONE',  ( 0.000000000000000000, -0.000000000000000000, -1.000000000000000000 ) ) ;
#71 = CARTESIAN_POINT ( 'NONE',  ( 1.000000000000000222, -0.6781249999999997558, 0.7218750000000000444 ) ) ;
#72 = PRODUCT_CONTEXT ( 'NONE', #483, 'mechanical' ) ;
#73 = VERTEX_POINT ( 'NONE', #1755 ) ;
#74 = VECTOR ( 'NONE', #1230, 39.37007874015748143 ) ;
#75 = CARTESIAN_POINT ( 'NONE',  ( 1.000000000000000222, -0.8218750000000003553, -0.7781249999999995115 ) ) ;
#76 = FACE_OUTER_BOUND ( 'NONE', #814, .T. ) ;
#77 = ORIENTED_EDGE ( 'NONE', *, *, #642, .T. ) ;
#78 = DIRECTION ( 'NONE',  ( 1.000000000000000000, 0.000000000000000000, 0.000000000000000000 ) ) ;
#79 = LINE ( 'NONE', #1886, #946 ) ;
#80 = AXIS2_PLACEMENT_3D ( 'NONE', #522, #1188, #1734 ) ;
#81 = VERTEX_POINT ( 'NONE', #851 ) ;
#82 = VECTOR ( 'NONE', #1550, 39.37007874015748143 ) ;
#83 = DIRECTION ( 'NONE',  ( -1.000000000000000000, 0.000000000000000000, 0.000000000000000000 ) ) ;
#84 = AXIS2_PLACEMENT_3D ( 'NONE', #1808, #943, #624 ) ;
#85 = DIRECTION ( 'NONE',  ( 1.000000000000000000, 0.000000000000000000, 0.000000000000000000 ) ) ;
#86 = CARTESIAN_POINT ( 'NONE',  ( -0.9999999999999996669, -1.499999999999999778, -0.1000000000000000056 ) ) ;
#87 = AXIS2_PLACEMENT_3D ( 'NONE', #1296, #698, #545 ) ;
#88 = VERTEX_POINT ( 'NONE', #413 ) ;
#89 = EDGE_CURVE ( 'NONE', #1332, #724, #1018, .T. ) ;
#90 = PLANE ( 'NONE',  #378 ) ;
#91 = LINE ( 'NONE', #1865, #1468 ) ;
#92 = APPLICATION_PROTOCOL_DEFINITION ( 'draft international standard', 'automotive_design', 1998, #318 ) ;
#93 = ORIENTED_EDGE ( 'NONE', *, *, #152, .T. ) ;
#94 = CARTESIAN_POINT ( 'NONE',  ( -0.4049999999999999156, -1.125000000000000000, 0.6499999999999999112 ) ) ;
#95 = ORIENTED_EDGE ( 'NONE', *, *, #1872, .F. ) ;
#96 = DIRECTION ( 'NONE',  ( 1.000000000000000000, 0.000000000000000000, 0.000000000000000000 ) ) ;
#97 = CARTESIAN_POINT ( 'NONE',  ( 0.5625000000000001110, 0.6875000000000001110, 0.3187500000000006439 ) ) ;
#98 = PRODUCT ( 'Base1', 'Base1', '', ( #72 ) ) ;
#99 = ORIENTED_EDGE ( 'NONE', *, *, #1082, .T. ) ;
#100 = CARTESIAN_POINT ( 'NONE',  ( 0.2875000000000004219, 0.6875000000000001110, 0.3187500000000006439 ) ) ;
#101 = EDGE_CURVE ( 'NONE', #415, #460, #1320, .T. ) ;
#102 = VERTEX_POINT ( 'NONE', #1352 ) ;
#103 = DIRECTION ( 'NONE',  ( 1.000000000000000000, 0.000000000000000000, 0.000000000000000000 ) ) ;
#104 = ADVANCED_FACE ( 'NONE', ( #794 ), #324, .T. ) ;
#105 = CIRCLE ( 'NONE', #424, 0.06250000000000001388 ) ;
#106 = ORIENTED_EDGE ( 'NONE', *, *, #101, .T. ) ;
#107 = CARTESIAN_POINT ( 'NONE',  ( 0.5625000000000001110, 0.6875000000000001110, -0.05000000000000007910 ) ) ;
#108 = CARTESIAN_POINT ( 'NONE',  ( -0.4049999999999996936, -1.187500000000000000, 0.3499999999999999778 ) ) ;
#109 = ORIENTED_EDGE ( 'NONE', *, *, #484, .T. ) ;
#110 = CARTESIAN_POINT ( 'NONE',  ( -0.4049999999999999156, 1.125000000000000222, 0.6499999999999999112 ) ) ;
#111 = CARTESIAN_POINT ( 'NONE',  ( -0.7124999999999998002, -0.2749999999999999112, 0.3499999999999999778 ) ) ;
#112 = CARTESIAN_POINT ( 'NONE',  ( -0.4049999999999999711, -1.187500000000000000, 0.6499999999999999112 ) ) ;
#113 = AXIS2_PLACEMENT_3D ( 'NONE', #989, #238, #1876 ) ;
#114 = ORIENTED_EDGE ( 'NONE', *, *, #870, .F. ) ;
#115 = ADVANCED_FACE ( 'NONE', ( #772 ), #151, .T. ) ;
#116 = LINE ( 'NONE', #697, #1770 ) ;
#117 = CARTESIAN_POINT ( 'NONE',  ( -0.4049999999999999156, 1.062500000000000000, 0.6499999999999999112 ) ) ;
#118 = AXIS2_PLACEMENT_3D ( 'NONE', #429, #265, #1611 ) ;
#119 = EDGE_LOOP ( 'NONE', ( #388, #1257, #130, #1487 ) ) ;
#120 = DIRECTION ( 'NONE',  ( -1.000000000000000000, 0.000000000000000000, 0.000000000000000000 ) ) ;
#121 = DIRECTION ( 'NONE',  ( 1.000000000000000000, 0.000000000000000000, 0.000000000000000000 ) ) ;
#122 = LINE ( 'NONE', #732, #1278 ) ;
#123 = EDGE_LOOP ( 'NONE', ( #1694, #1741, #733, #1205 ) ) ;
#124 = DIRECTION ( 'NONE',  ( 0.000000000000000000, -1.000000000000000000, 0.000000000000000000 ) ) ;
#125 = CARTESIAN_POINT ( 'NONE',  ( 0.5625000000000001110, 0.7500000000000001110, -0.05000000000000007910 ) ) ;
#126 = LINE ( 'NONE', #71, #27 ) ;
#127 = ADVANCED_FACE ( 'NONE', ( #1206 ), #1936, .F. ) ;
#128 = ORIENTED_EDGE ( 'NONE', *, *, #1182, .F. ) ;
#129 = CARTESIAN_POINT ( 'NONE',  ( -0.6062499999999996225, 1.125000000000000000, -0.1000000000000000194 ) ) ;
#130 = ORIENTED_EDGE ( 'NONE', *, *, #48, .F. ) ;
#131 = CARTESIAN_POINT ( 'NONE',  ( 0.6250000000000001110, -0.6875000000000001110, 0.3499999999999999778 ) ) ;
#132 = DIRECTION ( 'NONE',  ( -0.000000000000000000, 1.000000000000000000, -0.000000000000000000 ) ) ;
#133 = EDGE_LOOP ( 'NONE', ( #380, #1236, #1635, #1500 ) ) ;
#134 = PLANE ( 'NONE',  #1557 ) ;
#135 = CIRCLE ( 'NONE', #1493, 0.03125000000000072858 ) ;
#136 = ADVANCED_FACE ( 'NONE', ( #1539 ), #1061, .F. ) ;
#137 = DIRECTION ( 'NONE',  ( 2.048885995248197660E-16, 1.000000000000000000, -0.000000000000000000 ) ) ;
#138 = ORIENTED_EDGE ( 'NONE', *, *, #1107, .F. ) ;
#139 = PLANE ( 'NONE',  #1701 ) ;
#140 = EDGE_CURVE ( 'NONE', #277, #1517, #301, .T. ) ;
#141 = VERTEX_POINT ( 'NONE', #1948 ) ;
#142 = DIRECTION ( 'NONE',  ( -1.000000000000000000, -0.000000000000000000, -0.000000000000000000 ) ) ;
#143 = CARTESIAN_POINT ( 'NONE',  ( 0.2875000000000000888, -0.6875000000000001110, 0.3499999999999999778 ) ) ;
#144 = VERTEX_POINT ( 'NONE', #602 ) ;
#145 = DIRECTION ( 'NONE',  ( 1.000000000000000000, 0.000000000000000000, 0.000000000000000000 ) ) ;
#146 = CIRCLE ( 'NONE', #1537, 0.09374999999999930611 ) ;
#147 = CARTESIAN_POINT ( 'NONE',  ( 0.2875000000000000888, -0.7812499999999993339, 0.3499999999999999778 ) ) ;
#148 = EDGE_CURVE ( 'NONE', #900, #316, #1786, .T. ) ;
#149 = EDGE_LOOP ( 'NONE', ( #1655, #1899, #875, #1388 ) ) ;
#150 = FACE_OUTER_BOUND ( 'NONE', #550, .T. ) ;
#151 = CONICAL_SURFACE ( 'NONE', #84, 0.03125000000000065919, 0.7853981633974491672 ) ;
#152 = EDGE_CURVE ( 'NONE', #1370, #1119, #887, .T. ) ;
#153 = ORIENTED_EDGE ( 'NONE', *, *, #618, .T. ) ;
#154 = CARTESIAN_POINT ( 'NONE',  ( -0.4674999999999999156, -1.062500000000000000, 0.6187500000000005773 ) ) ;
#155 = VECTOR ( 'NONE', #1225, 39.37007874015748854 ) ;
#156 = DIRECTION ( 'NONE',  ( 0.000000000000000000, 0.000000000000000000, 1.000000000000000000 ) ) ;
#157 = ORIENTED_EDGE ( 'NONE', *, *, #813, .F. ) ;
#158 = AXIS2_PLACEMENT_3D ( 'NONE', #1495, #1528, #903 ) ;
#159 = DIRECTION ( 'NONE',  ( -1.000000000000000000, 0.000000000000000000, 0.000000000000000000 ) ) ;
#160 = DIRECTION ( 'NONE',  ( 0.000000000000000000, 0.7071067811865475727, -0.7071067811865475727 ) ) ;
#161 = ORIENTED_EDGE ( 'NONE', *, *, #542, .T. ) ;
#162 = CARTESIAN_POINT ( 'NONE',  ( 0.4050000000000001377, -1.125000000000000000, 0.3499999999999999778 ) ) ;
#163 = ORIENTED_EDGE ( 'NONE', *, *, #1326, .T. ) ;
#164 = CARTESIAN_POINT ( 'NONE',  ( 0.2875000000000004219, 0.7500000000000001110, -0.05000000000000007910 ) ) ;
#165 = EDGE_CURVE ( 'NONE', #1420, #141, #443, .T. ) ;
#166 = DIRECTION ( 'NONE',  ( 0.000000000000000000, 1.000000000000000000, 0.000000000000000000 ) ) ;
#167 = ORIENTED_EDGE ( 'NONE', *, *, #337, .T. ) ;
#168 = EDGE_CURVE ( 'NONE', #364, #1600, #481, .T. ) ;
#169 = CARTESIAN_POINT ( 'NONE',  ( 0.4675000000000000822, 1.125000000000000000, 0.6187500000000005773 ) ) ;
#170 = DIRECTION ( 'NONE',  ( 0.000000000000000000, -1.000000000000000000, 0.000000000000000000 ) ) ;
#171 = CARTESIAN_POINT ( 'NONE',  ( 0.000000000000000000, 0.000000000000000000, -0.1000000000000000056 ) ) ;
#172 = AXIS2_PLACEMENT_3D ( 'NONE', #1, #1801, #607 ) ;
#173 = EDGE_LOOP ( 'NONE', ( #1158, #747 ) ) ;
#174 = VECTOR ( 'NONE', #1937, 39.37007874015748143 ) ;
#175 = ORIENTED_EDGE ( 'NONE', *, *, #1516, .F. ) ;
#176 = DIRECTION ( 'NONE',  ( -2.048885995248197660E-16, -1.000000000000000000, 0.000000000000000000 ) ) ;
#177 = CARTESIAN_POINT ( 'NONE',  ( 1.000000000000000222, 1.500000000000000444, 0.3499999999999999778 ) ) ;
#178 = EDGE_CURVE ( 'NONE', #88, #1420, #1796, .T. ) ;
#179 = ORIENTED_EDGE ( 'NONE', *, *, #1421, .F. ) ;
#180 = CARTESIAN_POINT ( 'NONE',  ( 0.4675000000000000822, -1.125000000000000000, 0.3499999999999999778 ) ) ;
#181 = ADVANCED_FACE ( 'NONE', ( #474 ), #764, .F. ) ;
#182 = DIRECTION ( 'NONE',  ( -1.000000000000000000, 0.000000000000000000, -0.000000000000000000 ) ) ;
#183 = CIRCLE ( 'NONE', #1349, 0.06250000000000001388 ) ;
#184 = ORIENTED_EDGE ( 'NONE', *, *, #1210, .F. ) ;
#185 = VECTOR ( 'NONE', #812, 39.37007874015748143 ) ;
#186 = ORIENTED_EDGE ( 'NONE', *, *, #993, .F. ) ;
#187 = CARTESIAN_POINT ( 'NONE',  ( -0.6062499999999996225, 1.125000000000000000, -0.1000000000000000194 ) ) ;
#188 = LINE ( 'NONE', #1395, #1663 ) ;
#189 = AXIS2_PLACEMENT_3D ( 'NONE', #1338, #278, #923 ) ;
#190 = ORIENTED_EDGE ( 'NONE', *, *, #140, .F. ) ;
#191 = DIRECTION ( 'NONE',  ( -0.000000000000000000, -0.000000000000000000, 1.000000000000000000 ) ) ;
#192 = CARTESIAN_POINT ( 'NONE',  ( -0.9999999999999996669, 1.500000000000000222, 0.3499999999999999778 ) ) ;
#193 = EDGE_CURVE ( 'NONE', #1526, #1564, #462, .T. ) ;
#194 = ORIENTED_EDGE ( 'NONE', *, *, #1326, .F. ) ;
#195 = LINE ( 'NONE', #501, #1266 ) ;
#196 = DIRECTION ( 'NONE',  ( -1.000000000000000000, 0.000000000000000000, 0.000000000000000000 ) ) ;
#197 = ORIENTED_EDGE ( 'NONE', *, *, #467, .T. ) ;
#198 = LINE ( 'NONE', #515, #937 ) ;
#199 = DIRECTION ( 'NONE',  ( 0.000000000000000000, 0.000000000000000000, 1.000000000000000000 ) ) ;
#200 = EDGE_CURVE ( 'NONE', #1652, #1888, #763, .T. ) ;
#201 = CIRCLE ( 'NONE', #172, 0.06250000000000001388 ) ;
#202 = DIRECTION ( 'NONE',  ( 0.000000000000000000, 1.000000000000000000, 0.000000000000000000 ) ) ;
#203 = EDGE_LOOP ( 'NONE', ( #801, #1624, #157, #1732 ) ) ;
#204 = EDGE_CURVE ( 'NONE', #1174, #490, #1415, .T. ) ;
#205 = VECTOR ( 'NONE', #1907, 39.37007874015748143 ) ;
#206 = DIRECTION ( 'NONE',  ( 0.7071067811865474617, 0.000000000000000000, -0.7071067811865474617 ) ) ;
#207 = CARTESIAN_POINT ( 'NONE',  ( -0.4049999999999999156, 1.093749999999999334, 0.6499999999999999112 ) ) ;
#208 = ORIENTED_EDGE ( 'NONE', *, *, #1719, .F. ) ;
#209 = DIRECTION ( 'NONE',  ( -0.000000000000000000, -0.000000000000000000, -1.000000000000000000 ) ) ;
#210 = CARTESIAN_POINT ( 'NONE',  ( -0.6499999999999999112, 0.2125000000000001610, -0.1000000000000000194 ) ) ;
#211 = VECTOR ( 'NONE', #1566, 39.37007874015748143 ) ;
#212 = VERTEX_POINT ( 'NONE', #1071 ) ;
#213 =( NAMED_UNIT ( * ) SI_UNIT ( $, .STERADIAN. ) SOLID_ANGLE_UNIT ( ) );
#214 = LINE ( 'NONE', #803, #1317 ) ;
#215 = ORIENTED_EDGE ( 'NONE', *, *, #1235, .F. ) ;
#216 = CARTESIAN_POINT ( 'NONE',  ( 0.6250000000000001110, -0.7500000000000001110, -0.05000000000000007910 ) ) ;
#217 = CIRCLE ( 'NONE', #534, 0.06250000000000001388 ) ;
#218 = VECTOR ( 'NONE', #861, 39.37007874015748143 ) ;
#219 = CARTESIAN_POINT ( 'NONE',  ( 1.000000000000000222, -1.499999999999999778, -0.1000000000000000056 ) ) ;
#220 = ORIENTED_EDGE ( 'NONE', *, *, #985, .F. ) ;
#221 = CARTESIAN_POINT ( 'NONE',  ( 0.2250000000000004219, 0.7500000000000001110, -0.05000000000000007910 ) ) ;
#222 = EDGE_LOOP ( 'NONE', ( #1152, #1438, #242, #595 ) ) ;
#223 = EDGE_CURVE ( 'NONE', #1351, #1038, #1237, .T. ) ;
#224 = CARTESIAN_POINT ( 'NONE',  ( 0.4050000000000000266, -1.187500000000000000, 0.3499999999999999778 ) ) ;
#225 = ADVANCED_FACE ( 'NONE', ( #290 ), #1666, .F. ) ;
#226 = DIRECTION ( 'NONE',  ( 1.000000000000000000, 0.000000000000000000, 0.000000000000000000 ) ) ;
#227 = ORIENTED_EDGE ( 'NONE', *, *, #1875, .T. ) ;
#228 = LINE ( 'NONE', #39, #1668 ) ;
#229 = DIRECTION ( 'NONE',  ( 0.000000000000000000, -1.000000000000000000, 0.000000000000000000 ) ) ;
#230 = AXIS2_PLACEMENT_3D ( 'NONE', #897, #566, #1171 ) ;
#231 = ORIENTED_EDGE ( 'NONE', *, *, #728, .T. ) ;
#232 = FACE_OUTER_BOUND ( 'NONE', #1761, .T. ) ;
#233 = ORIENTED_EDGE ( 'NONE', *, *, #1932, .F. ) ;
#234 = FACE_OUTER_BOUND ( 'NONE', #626, .T. ) ;
#235 = EDGE_CURVE ( 'NONE', #893, #1130, #354, .T. ) ;
#236 = VERTEX_POINT ( 'NONE', #646 ) ;
#237 = DIRECTION ( 'NONE',  ( 0.000000000000000000, 1.000000000000000000, 0.000000000000000000 ) ) ;
#238 = DIRECTION ( 'NONE',  ( 0.000000000000000000, 0.000000000000000000, -1.000000000000000000 ) ) ;
#239 = VECTOR ( 'NONE', #1930, 39.37007874015748143 ) ;
#240 = DIRECTION ( 'NONE',  ( -0.000000000000000000, 0.000000000000000000, 1.000000000000000000 ) ) ;
#241 = LINE ( 'NONE', #853, #1460 ) ;
#242 = ORIENTED_EDGE ( 'NONE', *, *, #813, .T. ) ;
#243 = PLANE ( 'NONE',  #1162 ) ;
#244 = DIRECTION ( 'NONE',  ( -0.000000000000000000, -0.000000000000000000, -1.000000000000000000 ) ) ;
#245 = AXIS2_PLACEMENT_3D ( 'NONE', #588, #622, #309 ) ;
#246 = EDGE_CURVE ( 'NONE', #1292, #1526, #1726, .T. ) ;
#247 = ORIENTED_EDGE ( 'NONE', *, *, #633, .F. ) ;
#248 = DIRECTION ( 'NONE',  ( 1.000000000000000000, 0.000000000000000000, 0.000000000000000000 ) ) ;
#249 = EDGE_CURVE ( 'NONE', #1280, #883, #195, .T. ) ;
#250 = ORIENTED_EDGE ( 'NONE', *, *, #603, .T. ) ;
#251 = CARTESIAN_POINT ( 'NONE',  ( 0.000000000000000000, -1.093749999999999334, 0.6499999999999999112 ) ) ;
#252 = DIRECTION ( 'NONE',  ( -0.000000000000000000, -0.000000000000000000, -1.000000000000000000 ) ) ;
#253 = FACE_OUTER_BOUND ( 'NONE', #1095, .T. ) ;
#254 = EDGE_CURVE ( 'NONE', #88, #289, #1136, .T. ) ;
#255 = ORIENTED_EDGE ( 'NONE', *, *, #285, .T. ) ;
#256 = CARTESIAN_POINT ( 'NONE',  ( -0.4049999999999999156, -1.125000000000000000, 0.6187500000000005773 ) ) ;
#257 = DIRECTION ( 'NONE',  ( 0.000000000000000000, 0.000000000000000000, 1.000000000000000000 ) ) ;
#258 = EDGE_CURVE ( 'NONE', #883, #1342, #564, .T. ) ;
#259 = CARTESIAN_POINT ( 'NONE',  ( 0.2250000000000004219, 0.7500000000000001110, -0.05000000000000007910 ) ) ;
#260 = DIRECTION ( 'NONE',  ( 0.000000000000000000, 0.000000000000000000, -1.000000000000000000 ) ) ;
#261 = CIRCLE ( 'NONE', #1376, 0.09375000000000019429 ) ;
#262 = LINE ( 'NONE', #876, #369 ) ;
#263 = DIRECTION ( 'NONE',  ( -1.000000000000000000, 0.000000000000000000, 0.000000000000000000 ) ) ;
#264 = ORIENTED_EDGE ( 'NONE', *, *, #1311, .T. ) ;
#265 = DIRECTION ( 'NONE',  ( -0.000000000000000000, -0.000000000000000000, 1.000000000000000000 ) ) ;
#266 = ORIENTED_EDGE ( 'NONE', *, *, #1922, .T. ) ;
#267 = AXIS2_PLACEMENT_3D ( 'NONE', #468, #1524, #478 ) ;
#268 = ADVANCED_FACE ( 'NONE', ( #1112 ), #1101, .F. ) ;
#269 = PLANE ( 'NONE',  #871 ) ;
#270 = AXIS2_PLACEMENT_3D ( 'NONE', #1093, #1419, #503 ) ;
#271 = EDGE_LOOP ( 'NONE', ( #771, #1141, #1209, #906 ) ) ;
#272 = EDGE_CURVE ( 'NONE', #623, #1011, #228, .T. ) ;
#273 = DIRECTION ( 'NONE',  ( 0.000000000000000000, -0.7071067811865475727, 0.7071067811865475727 ) ) ;
#274 = CARTESIAN_POINT ( 'NONE',  ( 0.6250000000000001110, 0.6875000000000000000, 0.3187500000000006439 ) ) ;
#275 = PLANE ( 'NONE',  #1570 ) ;
#276 = AXIS2_PLACEMENT_3D ( 'NONE', #1228, #751, #1518 ) ;
#277 = VERTEX_POINT ( 'NONE', #1245 ) ;
#278 = DIRECTION ( 'NONE',  ( -0.000000000000000000, 0.7071067811865475727, 0.7071067811865475727 ) ) ;
#279 =( NAMED_UNIT ( * ) PLANE_ANGLE_UNIT ( ) SI_UNIT ( $, .RADIAN. ) );
#280 = ORIENTED_EDGE ( 'NONE', *, *, #235, .T. ) ;
#281 = LINE ( 'NONE', #894, #1700 ) ;
#282 = DIRECTION ( 'NONE',  ( -1.000000000000000000, 0.000000000000000000, 0.000000000000000000 ) ) ;
#283 = EDGE_CURVE ( 'NONE', #327, #900, #1418, .T. ) ;
#284 = CARTESIAN_POINT ( 'NONE',  ( 0.5625000000000001110, 0.7812499999999993339, 0.3499999999999999778 ) ) ;
#285 = EDGE_CURVE ( 'NONE', #1074, #1564, #1864, .T. ) ;
#286 = CARTESIAN_POINT ( 'NONE',  ( 0.4050000000000001377, -1.062500000000000000, 0.6187500000000005773 ) ) ;
#287 = ORIENTED_EDGE ( 'NONE', *, *, #884, .T. ) ;
#288 = CARTESIAN_POINT ( 'NONE',  ( -0.9999999999999996669, -1.499999999999999778, -0.1000000000000000056 ) ) ;
#289 = VERTEX_POINT ( 'NONE', #980 ) ;
#290 = FACE_OUTER_BOUND ( 'NONE', #902, .T. ) ;
#291 = DIRECTION ( 'NONE',  ( -0.000000000000000000, -0.000000000000000000, 1.000000000000000000 ) ) ;
#292 = ORIENTED_EDGE ( 'NONE', *, *, #1380, .T. ) ;
#293 = ADVANCED_FACE ( 'NONE', ( #811 ), #59, .T. ) ;
#294 = DIRECTION ( 'NONE',  ( -1.000000000000000000, 0.000000000000000000, -0.000000000000000000 ) ) ;
#295 = VECTOR ( 'NONE', #202, 39.37007874015748143 ) ;
#296 = DIRECTION ( 'NONE',  ( 0.000000000000000000, -0.000000000000000000, -1.000000000000000000 ) ) ;
#297 = ORIENTED_EDGE ( 'NONE', *, *, #492, .T. ) ;
#298 = FACE_OUTER_BOUND ( 'NONE', #1925, .T. ) ;
#299 = MANIFOLD_SOLID_BREP ( 'Chamfer2', #371 ) ;
#300 = ORIENTED_EDGE ( 'NONE', *, *, #1774, .T. ) ;
#301 = LINE ( 'NONE', #1506, #1605 ) ;
#302 = FACE_OUTER_BOUND ( 'NONE', #532, .T. ) ;
#303 = EDGE_LOOP ( 'NONE', ( #543, #1287, #1417, #1202 ) ) ;
#304 = FACE_OUTER_BOUND ( 'NONE', #149, .T. ) ;
#305 = AXIS2_PLACEMENT_3D ( 'NONE', #1149, #715, #85 ) ;
#306 = FACE_OUTER_BOUND ( 'NONE', #1542, .T. ) ;
#307 = ORIENTED_EDGE ( 'NONE', *, *, #492, .F. ) ;
#308 = ADVANCED_FACE ( 'NONE', ( #827 ), #63, .T. ) ;
#309 = DIRECTION ( 'NONE',  ( 1.000000000000000000, 0.000000000000000000, 0.000000000000000000 ) ) ;
#310 = VECTOR ( 'NONE', #1684, 39.37007874015748854 ) ;
#311 = ORIENTED_EDGE ( 'NONE', *, *, #1651, .T. ) ;
#312 = ADVANCED_FACE ( 'NONE', ( #1435 ), #560, .F. ) ;
#313 = DIRECTION ( 'NONE',  ( -0.000000000000000000, -0.000000000000000000, 1.000000000000000000 ) ) ;
#314 = AXIS2_PLACEMENT_3D ( 'NONE', #1742, #1005, #248 ) ;
#315 = CARTESIAN_POINT ( 'NONE',  ( -0.4049999999999996936, 1.156250000000000888, 0.6499999999999999112 ) ) ;
#316 = VERTEX_POINT ( 'NONE', #1453 ) ;
#317 = CARTESIAN_POINT ( 'NONE',  ( 0.2250000000000001166, -0.6874999999999995559, -0.05000000000000007910 ) ) ;
#318 = APPLICATION_CONTEXT ( 'automotive_design' ) ;
#319 = PLANE ( 'NONE',  #846 ) ;
#320 = VERTEX_POINT ( 'NONE', #1762 ) ;
#321 = LINE ( 'NONE', #748, #1510 ) ;
#322 = EDGE_CURVE ( 'NONE', #644, #635, #1289, .T. ) ;
#323 = EDGE_LOOP ( 'NONE', ( #374, #1132, #184, #1378 ) ) ;
#324 = CYLINDRICAL_SURFACE ( 'NONE', #597, 0.06250000000000001388 ) ;
#325 = LINE ( 'NONE', #475, #788 ) ;
#326 = EDGE_CURVE ( 'NONE', #1011, #660, #1924, .T. ) ;
#327 = VERTEX_POINT ( 'NONE', #411 ) ;
#328 = FACE_BOUND ( 'NONE', #173, .T. ) ;
#329 = DIRECTION ( 'NONE',  ( 1.000000000000000000, 0.000000000000000000, 0.000000000000000000 ) ) ;
#330 = AXIS2_PLACEMENT_3D ( 'NONE', #1243, #1090, #643 ) ;
#331 = EDGE_LOOP ( 'NONE', ( #53, #1034, #1669, #28 ) ) ;
#332 = VECTOR ( 'NONE', #705, 39.37007874015748143 ) ;
#333 = ORIENTED_EDGE ( 'NONE', *, *, #936, .T. ) ;
#334 = CARTESIAN_POINT ( 'NONE',  ( -0.4674999999999999156, -1.062500000000000000, 0.3499999999999999778 ) ) ;
#335 = DIRECTION ( 'NONE',  ( 1.000000000000000000, 0.000000000000000000, 0.000000000000000000 ) ) ;
#336 = ORIENTED_EDGE ( 'NONE', *, *, #352, .F. ) ;
#337 = EDGE_CURVE ( 'NONE', #364, #1526, #405, .T. ) ;
#338 = FACE_OUTER_BOUND ( 'NONE', #1606, .T. ) ;
#339 = ADVANCED_FACE ( 'NONE', ( #690 ), #849, .T. ) ;
#340 = CARTESIAN_POINT ( 'NONE',  ( 0.4050000000000001377, 1.093749999999999334, 0.6499999999999999112 ) ) ;
#341 = VECTOR ( 'NONE', #746, 39.37007874015748854 ) ;
#342 = CARTESIAN_POINT ( 'NONE',  ( 0.6562499999999994449, 0.6875000000000001110, 0.3499999999999999778 ) ) ;
#343 = ORIENTED_EDGE ( 'NONE', *, *, #1946, .T. ) ;
#344 = CARTESIAN_POINT ( 'NONE',  ( 0.2250000000000001166, -0.7500000000000001110, -0.05000000000000007910 ) ) ;
#345 = AXIS2_PLACEMENT_3D ( 'NONE', #636, #1646, #592 ) ;
#346 = PLANE ( 'NONE',  #882 ) ;
#347 = CIRCLE ( 'NONE', #1356, 0.06250000000000001388 ) ;
#348 = ORIENTED_EDGE ( 'NONE', *, *, #1347, .T. ) ;
#349 = DIRECTION ( 'NONE',  ( 0.000000000000000000, 0.000000000000000000, -1.000000000000000000 ) ) ;
#350 = ADVANCED_FACE ( 'NONE', ( #1179 ), #1904, .T. ) ;
#351 = CARTESIAN_POINT ( 'NONE',  ( 0.4050000000000000266, 1.125000000000000000, 0.6499999999999999112 ) ) ;
#352 = EDGE_CURVE ( 'NONE', #1648, #88, #217, .T. ) ;
#353 = ORIENTED_EDGE ( 'NONE', *, *, #993, .T. ) ;
#354 = LINE ( 'NONE', #491, #1441 ) ;
#355 = CARTESIAN_POINT ( 'NONE',  ( -0.6499999999999999112, -0.2124999999999999667, 0.3499999999999999778 ) ) ;
#356 = ORIENTED_EDGE ( 'NONE', *, *, #1763, .F. ) ;
#357 = CARTESIAN_POINT ( 'NONE',  ( -0.9999999999999996669, 1.500000000000000222, -0.1000000000000000056 ) ) ;
#358 = PRODUCT_DEFINITION_CONTEXT ( 'detailed design', #318, 'design' ) ;
#359 = VECTOR ( 'NONE', #1744, 39.37007874015748143 ) ;
#360 = ADVANCED_FACE ( 'NONE', ( #1298 ), #1822, .F. ) ;
#361 = DIRECTION ( 'NONE',  ( 0.000000000000000000, -1.000000000000000000, 0.000000000000000000 ) ) ;
#362 = ADVANCED_FACE ( 'NONE', ( #1144 ), #868, .F. ) ;
#363 = CONICAL_SURFACE ( 'NONE', #1060, 0.03125000000000072858, 0.7853981633974480570 ) ;
#364 = VERTEX_POINT ( 'NONE', #1036 ) ;
#365 = AXIS2_PLACEMENT_3D ( 'NONE', #1147, #393, #999 ) ;
#366 = CARTESIAN_POINT ( 'NONE',  ( 0.2250000000000004219, 0.6875000000000001110, -0.05000000000000007910 ) ) ;
#367 = ORIENTED_EDGE ( 'NONE', *, *, #9, .F. ) ;
#368 = DIRECTION ( 'NONE',  ( -0.000000000000000000, -0.000000000000000000, 1.000000000000000000 ) ) ;
#369 = VECTOR ( 'NONE', #1465, 39.37007874015748143 ) ;
#370 = PLANE ( 'NONE',  #527 ) ;
#371 = CLOSED_SHELL ( 'NONE', ( #1055, #181, #809, #1207, #958, #921, #1760, #551, #1685, #362, #1002, #1223, #1588, #949, #268, #1401, #1790, #652, #312, #136, #1840, #225, #1887, #1912, #1451, #1116, #127, #376, #308, #1628, #104, #1399, #350, #631, #1862, #1689, #1815, #496, #578, #1339, #675, #668, #293, #1623, #982, #517, #407, #115, #1423, #789, #750, #1828, #457, #677, #1610, #836, #360, #1407, #1259, #1392, #699, #1849, #1505, #1157, #339 ) ) ;
#372 = VECTOR ( 'NONE', #934, 39.37007874015748143 ) ;
#373 = EDGE_CURVE ( 'NONE', #1811, #1858, #1462, .T. ) ;
#374 = ORIENTED_EDGE ( 'NONE', *, *, #446, .T. ) ;
#375 = LINE ( 'NONE', #736, #239 ) ;
#376 = ADVANCED_FACE ( 'NONE', ( #701 ), #90, .T. ) ;
#377 = ORIENTED_EDGE ( 'NONE', *, *, #1269, .T. ) ;
#378 = AXIS2_PLACEMENT_3D ( 'NONE', #1329, #1601, #1153 ) ;
#379 = LINE ( 'NONE', #1853, #1693 ) ;
#380 = ORIENTED_EDGE ( 'NONE', *, *, #1774, .F. ) ;
#381 = DIRECTION ( 'NONE',  ( 0.000000000000000000, -0.7071067811865474617, 0.7071067811865474617 ) ) ;
#382 = EDGE_CURVE ( 'NONE', #886, #144, #634, .T. ) ;
#383 = DIRECTION ( 'NONE',  ( -1.000000000000000000, 0.000000000000000000, 0.000000000000000000 ) ) ;
#384 = ORIENTED_EDGE ( 'NONE', *, *, #471, .T. ) ;
#385 = EDGE_CURVE ( 'NONE', #1342, #1303, #505, .T. ) ;
#386 = FACE_OUTER_BOUND ( 'NONE', #1456, .T. ) ;
#387 = LINE ( 'NONE', #1108, #1594 ) ;
#388 = ORIENTED_EDGE ( 'NONE', *, *, #1802, .F. ) ;
#389 = DIRECTION ( 'NONE',  ( 0.000000000000000000, -0.000000000000000000, 1.000000000000000000 ) ) ;
#390 = DIRECTION ( 'NONE',  ( -0.000000000000000000, -0.000000000000000000, -1.000000000000000000 ) ) ;
#391 = AXIS2_PLACEMENT_3D ( 'NONE', #94, #260, #83 ) ;
#392 = ORIENTED_EDGE ( 'NONE', *, *, #1710, .F. ) ;
#393 = DIRECTION ( 'NONE',  ( -0.000000000000000000, -0.000000000000000000, 1.000000000000000000 ) ) ;
#394 = VERTEX_POINT ( 'NONE', #881 ) ;
#395 = CARTESIAN_POINT ( 'NONE',  ( 0.4050000000000001377, -1.062500000000000000, 0.6499999999999999112 ) ) ;
#396 = CARTESIAN_POINT ( 'NONE',  ( 0.4050000000000000266, -1.187500000000000000, 0.6187500000000005773 ) ) ;
#397 = EDGE_CURVE ( 'NONE', #1280, #316, #1915, .T. ) ;
#398 = ORIENTED_EDGE ( 'NONE', *, *, #168, .F. ) ;
#399 = DIRECTION ( 'NONE',  ( -0.000000000000000000, -0.000000000000000000, 1.000000000000000000 ) ) ;
#400 = DIRECTION ( 'NONE',  ( 0.000000000000000000, 0.7071067811865475727, 0.7071067811865475727 ) ) ;
#401 = VECTOR ( 'NONE', #1304, 39.37007874015748143 ) ;
#402 = CARTESIAN_POINT ( 'NONE',  ( -0.9999999999999996669, -1.499999999999999778, -0.1000000000000000056 ) ) ;
#403 = DIRECTION ( 'NONE',  ( 0.000000000000000000, 0.000000000000000000, -1.000000000000000000 ) ) ;
#404 = VERTEX_POINT ( 'NONE', #1164 ) ;
#405 = CIRCLE ( 'NONE', #1508, 0.06250000000000001388 ) ;
#406 = PLANE ( 'NONE',  #687 ) ;
#407 = ADVANCED_FACE ( 'NONE', ( #569 ), #1025, .F. ) ;
#408 = DIRECTION ( 'NONE',  ( 0.000000000000000000, -1.000000000000000000, 0.000000000000000000 ) ) ;
#409 = VECTOR ( 'NONE', #1921, 39.37007874015748143 ) ;
#410 = ORIENTED_EDGE ( 'NONE', *, *, #1255, .F. ) ;
#411 = CARTESIAN_POINT ( 'NONE',  ( 0.4049999999999998601, 1.062500000000000000, 0.3499999999999999778 ) ) ;
#412 =( GEOMETRIC_REPRESENTATION_CONTEXT ( 3 ) GLOBAL_UNCERTAINTY_ASSIGNED_CONTEXT ( ( #1051 ) ) GLOBAL_UNIT_ASSIGNED_CONTEXT ( ( #1409, #512, #213 ) ) REPRESENTATION_CONTEXT ( 'NONE', 'WORKASPACE' ) );
#413 = CARTESIAN_POINT ( 'NONE',  ( -0.4049999999999999156, -1.062500000000000000, 0.6187500000000005773 ) ) ;
#414 = CARTESIAN_POINT ( 'NONE',  ( -0.4674999999999999156, 1.062500000000000000, 0.6499999999999999112 ) ) ;
#415 = VERTEX_POINT ( 'NONE', #129 ) ;
#416 = CYLINDRICAL_SURFACE ( 'NONE', #1258, 0.06250000000000001388 ) ;
#417 = DIRECTION ( 'NONE',  ( -0.000000000000000000, -0.000000000000000000, -1.000000000000000000 ) ) ;
#418 = ORIENTED_EDGE ( 'NONE', *, *, #1736, .F. ) ;
#419 = EDGE_CURVE ( 'NONE', #1858, #1638, #321, .T. ) ;
#420 = DIRECTION ( 'NONE',  ( -1.000000000000000000, 0.000000000000000000, 0.000000000000000000 ) ) ;
#421 = CARTESIAN_POINT ( 'NONE',  ( -0.9999999999999996669, -1.499999999999999778, -0.1000000000000000056 ) ) ;
#422 = CARTESIAN_POINT ( 'NONE',  ( 0.6250000000000001110, 0.2750000000000000222, 0.3187500000000006439 ) ) ;
#423 = DIRECTION ( 'NONE',  ( 1.000000000000000000, 0.000000000000000000, 0.000000000000000000 ) ) ;
#424 = AXIS2_PLACEMENT_3D ( 'NONE', #66, #349, #1560 ) ;
#425 = VECTOR ( 'NONE', #282, 39.37007874015748143 ) ;
#426 = LINE ( 'NONE', #395, #1316 ) ;
#427 = CARTESIAN_POINT ( 'NONE',  ( 0.5625000000000001110, -0.6875000000000001110, 0.3499999999999999778 ) ) ;
#428 = VERTEX_POINT ( 'NONE', #610 ) ;
#429 = CARTESIAN_POINT ( 'NONE',  ( 0.5625000000000001110, -0.6875000000000001110, 0.3499999999999999778 ) ) ;
#430 = EDGE_CURVE ( 'NONE', #1564, #724, #1644, .T. ) ;
#431 = VERTEX_POINT ( 'NONE', #1483 ) ;
#432 = AXIS2_PLACEMENT_3D ( 'NONE', #1910, #1595, #888 ) ;
#433 = LINE ( 'NONE', #1519, #1218 ) ;
#434 = CIRCLE ( 'NONE', #270, 0.06249999999999995143 ) ;
#435 = ORIENTED_EDGE ( 'NONE', *, *, #1302, .F. ) ;
#436 = CARTESIAN_POINT ( 'NONE',  ( 1.000000000000000222, -1.499999999999999778, 0.3499999999999999778 ) ) ;
#437 = FACE_OUTER_BOUND ( 'NONE', #1355, .T. ) ;
#438 = FACE_OUTER_BOUND ( 'NONE', #1504, .T. ) ;
#439 = CIRCLE ( 'NONE', #87, 0.09375000000000019429 ) ;
#440 = ORIENTED_EDGE ( 'NONE', *, *, #933, .T. ) ;
#441 = DIRECTION ( 'NONE',  ( -1.000000000000000000, 0.000000000000000000, 0.000000000000000000 ) ) ;
#442 = ORIENTED_EDGE ( 'NONE', *, *, #178, .F. ) ;
#443 = LINE ( 'NONE', #913, #310 ) ;
#444 = CARTESIAN_POINT ( 'NONE',  ( 0.6250000000000001110, -0.2750000000000000222, -0.05000000000000007910 ) ) ;
#445 = ORIENTED_EDGE ( 'NONE', *, *, #1719, .T. ) ;
#446 = EDGE_CURVE ( 'NONE', #1888, #1870, #1673, .T. ) ;
#447 = DIRECTION ( 'NONE',  ( 1.000000000000000000, 0.000000000000000000, 0.000000000000000000 ) ) ;
#448 = LINE ( 'NONE', #1056, #559 ) ;
#449 = ORIENTED_EDGE ( 'NONE', *, *, #1377, .F. ) ;
#450 = CARTESIAN_POINT ( 'NONE',  ( -0.7124999999999998002, -0.2124999999999999667, -0.1000000000000000194 ) ) ;
#451 = ORIENTED_EDGE ( 'NONE', *, *, #254, .F. ) ;
#452 = DIRECTION ( 'NONE',  ( 0.000000000000000000, -0.000000000000000000, 1.000000000000000000 ) ) ;
#453 = DIRECTION ( 'NONE',  ( 0.000000000000000000, 1.000000000000000000, 0.000000000000000000 ) ) ;
#454 = ORIENTED_EDGE ( 'NONE', *, *, #57, .F. ) ;
#455 = VECTOR ( 'NONE', #917, 39.37007874015748143 ) ;
#456 = LINE ( 'NONE', #1659, #455 ) ;
#457 = ADVANCED_FACE ( 'NONE', ( #1203 ), #738, .T. ) ;
#458 = VECTOR ( 'NONE', #1301, 39.37007874015748854 ) ;
#459 = CARTESIAN_POINT ( 'NONE',  ( 0.4050000000000000266, 1.187500000000000000, 0.6187500000000005773 ) ) ;
#460 = VERTEX_POINT ( 'NONE', #600 ) ;
#461 = CARTESIAN_POINT ( 'NONE',  ( 0.2250000000000001166, -0.6875000000000001110, -0.05000000000000007910 ) ) ;
#462 = LINE ( 'NONE', #612, #1599 ) ;
#463 = LINE ( 'NONE', #1667, #1868 ) ;
#464 = ORIENTED_EDGE ( 'NONE', *, *, #1598, .T. ) ;
#465 = AXIS2_PLACEMENT_3D ( 'NONE', #919, #160, #329 ) ;
#466 = DIRECTION ( 'NONE',  ( -1.000000000000000000, 0.000000000000000000, 0.000000000000000000 ) ) ;
#467 = EDGE_CURVE ( 'NONE', #1041, #327, #1805, .T. ) ;
#468 = CARTESIAN_POINT ( 'NONE',  ( 0.2875000000000000888, -0.6875000000000001110, 0.3187500000000006439 ) ) ;
#469 = ORIENTED_EDGE ( 'NONE', *, *, #1883, .F. ) ;
#470 = DIRECTION ( 'NONE',  ( -0.000000000000000000, -0.000000000000000000, 1.000000000000000000 ) ) ;
#471 = EDGE_CURVE ( 'NONE', #1348, #638, #891, .T. ) ;
#472 = MECHANICAL_DESIGN_GEOMETRIC_PRESENTATION_REPRESENTATION (  '', ( #667 ), #412 ) ;
#473 = ORIENTED_EDGE ( 'NONE', *, *, #518, .F. ) ;
#474 = FACE_OUTER_BOUND ( 'NONE', #331, .T. ) ;
#475 = CARTESIAN_POINT ( 'NONE',  ( 0.6562499999999994449, -0.6875000000000001110, 0.3499999999999999778 ) ) ;
#476 = ORIENTED_EDGE ( 'NONE', *, *, #1932, .T. ) ;
#477 = FACE_OUTER_BOUND ( 'NONE', #648, .T. ) ;
#478 = DIRECTION ( 'NONE',  ( 1.000000000000000000, 0.000000000000000000, 0.000000000000000000 ) ) ;
#479 = PLANE ( 'NONE',  #330 ) ;
#480 = ORIENTED_EDGE ( 'NONE', *, *, #397, .T. ) ;
#481 = LINE ( 'NONE', #164, #852 ) ;
#482 = CARTESIAN_POINT ( 'NONE',  ( -0.7937499999999999556, -1.125000000000000000, -0.1000000000000000194 ) ) ;
#483 = APPLICATION_CONTEXT ( 'automotive_design' ) ;
#484 = EDGE_CURVE ( 'NONE', #1328, #810, #60, .T. ) ;
#485 = ORIENTED_EDGE ( 'NONE', *, *, #1161, .F. ) ;
#486 = CARTESIAN_POINT ( 'NONE',  ( -0.7937499999999999556, 1.125000000000000000, 0.3499999999999999778 ) ) ;
#487 = DIRECTION ( 'NONE',  ( 0.000000000000000000, 0.000000000000000000, -1.000000000000000000 ) ) ;
#488 = VECTOR ( 'NONE', #489, 39.37007874015748143 ) ;
#489 = DIRECTION ( 'NONE',  ( 0.000000000000000000, 0.000000000000000000, -1.000000000000000000 ) ) ;
#490 = VERTEX_POINT ( 'NONE', #1191 ) ;
#491 = CARTESIAN_POINT ( 'NONE',  ( 0.6250000000000001110, -0.2750000000000000222, 0.3187500000000006439 ) ) ;
#492 = EDGE_CURVE ( 'NONE', #1351, #804, #1787, .T. ) ;
#493 = CARTESIAN_POINT ( 'NONE',  ( 1.000000000000000222, 0.2750000000000000222, -0.05000000000000007910 ) ) ;
#494 = AXIS2_PLACEMENT_3D ( 'NONE', #1612, #257, #829 ) ;
#495 = ORIENTED_EDGE ( 'NONE', *, *, #258, .T. ) ;
#496 = ADVANCED_FACE ( 'NONE', ( #298 ), #1515, .F. ) ;
#497 = CARTESIAN_POINT ( 'NONE',  ( 1.000000000000000222, 0.2750000000000000222, -0.05000000000000007910 ) ) ;
#498 = CARTESIAN_POINT ( 'NONE',  ( 1.000000000000000222, -1.499999999999999778, -0.1000000000000000056 ) ) ;
#499 = VECTOR ( 'NONE', #1142, 39.37007874015748854 ) ;
#500 = VERTEX_POINT ( 'NONE', #1371 ) ;
#501 = CARTESIAN_POINT ( 'NONE',  ( 0.4049999999999998601, 1.093749999999999334, 0.6499999999999999112 ) ) ;
#502 = VECTOR ( 'NONE', #1894, 39.37007874015748143 ) ;
#503 = DIRECTION ( 'NONE',  ( -1.000000000000000000, 0.000000000000000000, 0.000000000000000000 ) ) ;
#504 = AXIS2_PLACEMENT_3D ( 'NONE', #562, #1146, #731 ) ;
#505 = CIRCLE ( 'NONE', #314, 0.03125000000000065919 ) ;
#506 = EDGE_CURVE ( 'NONE', #1952, #1811, #1818, .T. ) ;
#507 = ORIENTED_EDGE ( 'NONE', *, *, #642, .F. ) ;
#508 = DIRECTION ( 'NONE',  ( -0.000000000000000000, -0.000000000000000000, -1.000000000000000000 ) ) ;
#509 = AXIS2_PLACEMENT_3D ( 'NONE', #344, #1581, #954 ) ;
#510 = CARTESIAN_POINT ( 'NONE',  ( 0.4050000000000000266, -1.125000000000000222, 0.6187500000000005773 ) ) ;
#511 = VERTEX_POINT ( 'NONE', #1214 ) ;
#512 =( NAMED_UNIT ( * ) PLANE_ANGLE_UNIT ( ) SI_UNIT ( $, .RADIAN. ) );
#513 = LINE ( 'NONE', #1857, #948 ) ;
#514 = ORIENTED_EDGE ( 'NONE', *, *, #1717, .T. ) ;
#515 = CARTESIAN_POINT ( 'NONE',  ( -0.7937499999999999556, -1.125000000000000000, -0.1000000000000000194 ) ) ;
#516 = CARTESIAN_POINT ( 'NONE',  ( -0.9999999999999998890, 0.2750000000000001887, 0.3499999999999999778 ) ) ;
#517 = ADVANCED_FACE ( 'NONE', ( #150 ), #759, .T. ) ;
#518 = EDGE_CURVE ( 'NONE', #1600, #1332, #347, .T. ) ;
#519 = AXIS2_PLACEMENT_3D ( 'NONE', #97, #574, #1001 ) ;
#520 = EDGE_LOOP ( 'NONE', ( #945, #8, #843, #1128, #912, #1004, #93, #128, #514, #485, #740, #1721, #1757, #1396, #641, #979, #1484, #1890, #959, #818, #1538, #1804 ) ) ;
#521 = AXIS2_PLACEMENT_3D ( 'NONE', #1040, #915, #1507 ) ;
#522 = CARTESIAN_POINT ( 'NONE',  ( 0.5625000000000001110, 0.6875000000000001110, 0.3499999999999999778 ) ) ;
#523 = ORIENTED_EDGE ( 'NONE', *, *, #1544, .T. ) ;
#524 = PLANE ( 'NONE',  #1340 ) ;
#525 = CIRCLE ( 'NONE', #1626, 0.06250000000000001388 ) ;
#526 = DIRECTION ( 'NONE',  ( 0.000000000000000000, 0.000000000000000000, -1.000000000000000000 ) ) ;
#527 = AXIS2_PLACEMENT_3D ( 'NONE', #219, #1578, #526 ) ;
#528 = VECTOR ( 'NONE', #702, 39.37007874015748143 ) ;
#529 = ORIENTED_EDGE ( 'NONE', *, *, #326, .F. ) ;
#530 = FILL_AREA_STYLE ('',( #802 ) ) ;
#531 = FACE_OUTER_BOUND ( 'NONE', #1662, .T. ) ;
#532 = EDGE_LOOP ( 'NONE', ( #384, #969, #208, #1494 ) ) ;
#533 = DIRECTION ( 'NONE',  ( 0.000000000000000000, 1.000000000000000000, 0.000000000000000000 ) ) ;
#534 = AXIS2_PLACEMENT_3D ( 'NONE', #256, #1590, #1017 ) ;
#535 = ORIENTED_EDGE ( 'NONE', *, *, #791, .T. ) ;
#536 = DIRECTION ( 'NONE',  ( 1.000000000000000000, 0.000000000000000000, -0.000000000000000000 ) ) ;
#537 = ORIENTED_EDGE ( 'NONE', *, *, #618, .F. ) ;
#538 = CARTESIAN_POINT ( 'NONE',  ( -0.4049999999999999156, 1.125000000000000000, 0.6499999999999999112 ) ) ;
#539 = DIRECTION ( 'NONE',  ( 1.000000000000000000, 0.000000000000000000, -0.000000000000000000 ) ) ;
#540 = ORIENTED_EDGE ( 'NONE', *, *, #1730, .F. ) ;
#541 = CARTESIAN_POINT ( 'NONE',  ( -0.4049999999999999156, -1.062500000000000000, 0.3499999999999999778 ) ) ;
#542 = EDGE_CURVE ( 'NONE', #289, #1652, #1043, .T. ) ;
#543 = ORIENTED_EDGE ( 'NONE', *, *, #1697, .T. ) ;
#544 = CARTESIAN_POINT ( 'NONE',  ( 0.4050000000000000266, -1.125000000000000222, 0.3499999999999999778 ) ) ;
#545 = DIRECTION ( 'NONE',  ( 1.000000000000000000, 0.000000000000000000, 0.000000000000000000 ) ) ;
#546 = ORIENTED_EDGE ( 'NONE', *, *, #322, .F. ) ;
#547 = CARTESIAN_POINT ( 'NONE',  ( 0.5625000000000001110, 0.7500000000000001110, 0.3499999999999999778 ) ) ;
#548 = DIRECTION ( 'NONE',  ( -1.000000000000000000, 0.000000000000000000, -0.000000000000000000 ) ) ;
#549 = AXIS2_PLACEMENT_3D ( 'NONE', #1768, #1450, #263 ) ;
#550 = EDGE_LOOP ( 'NONE', ( #783, #356, #1318, #220 ) ) ;
#551 = ADVANCED_FACE ( 'NONE', ( #1080 ), #139, .T. ) ;
#552 = CARTESIAN_POINT ( 'NONE',  ( 0.6250000000000001110, 0.2750000000000000222, -0.05000000000000007910 ) ) ;
#553 = ORIENTED_EDGE ( 'NONE', *, *, #1363, .T. ) ;
#554 = EDGE_CURVE ( 'NONE', #1198, #1752, #1334, .T. ) ;
#555 = PLANE ( 'NONE',  #1226 ) ;
#556 = CARTESIAN_POINT ( 'NONE',  ( -0.9999999999999996669, -1.499999999999999778, -0.1000000000000000056 ) ) ;
#557 =( GEOMETRIC_REPRESENTATION_CONTEXT ( 3 ) GLOBAL_UNCERTAINTY_ASSIGNED_CONTEXT ( ( #832 ) ) GLOBAL_UNIT_ASSIGNED_CONTEXT ( ( #1204, #279, #892 ) ) REPRESENTATION_CONTEXT ( 'NONE', 'WORKASPACE' ) );
#558 = ORIENTED_EDGE ( 'NONE', *, *, #1015, .F. ) ;
#559 = VECTOR ( 'NONE', #1660, 39.37007874015748143 ) ;
#560 = PLANE ( 'NONE',  #951 ) ;
#561 = CIRCLE ( 'NONE', #267, 0.06249999999999997918 ) ;
#562 = CARTESIAN_POINT ( 'NONE',  ( 0.4050000000000001377, -1.125000000000000000, 0.6499999999999999112 ) ) ;
#563 = CARTESIAN_POINT ( 'NONE',  ( -0.4674999999999999156, -1.125000000000000000, 0.3499999999999999778 ) ) ;
#564 = CIRCLE ( 'NONE', #1008, 0.03125000000000065919 ) ;
#565 = DIRECTION ( 'NONE',  ( 0.000000000000000000, 0.000000000000000000, -1.000000000000000000 ) ) ;
#566 = DIRECTION ( 'NONE',  ( -0.000000000000000000, -0.000000000000000000, -1.000000000000000000 ) ) ;
#567 = EDGE_CURVE ( 'NONE', #81, #1428, #663, .T. ) ;
#568 = VERTEX_POINT ( 'NONE', #1177 ) ;
#569 = FACE_OUTER_BOUND ( 'NONE', #1473, .T. ) ;
#570 = ORIENTED_EDGE ( 'NONE', *, *, #1476, .T. ) ;
#571 = DIRECTION ( 'NONE',  ( 0.000000000000000000, 0.000000000000000000, -1.000000000000000000 ) ) ;
#572 = ORIENTED_EDGE ( 'NONE', *, *, #847, .T. ) ;
#573 = DIRECTION ( 'NONE',  ( 0.000000000000000000, -0.000000000000000000, -1.000000000000000000 ) ) ;
#574 = DIRECTION ( 'NONE',  ( -0.000000000000000000, -0.000000000000000000, 1.000000000000000000 ) ) ;
#575 = EDGE_CURVE ( 'NONE', #460, #693, #439, .T. ) ;
#576 = ORIENTED_EDGE ( 'NONE', *, *, #1520, .F. ) ;
#577 = DIRECTION ( 'NONE',  ( -0.000000000000000000, 0.000000000000000000, 1.000000000000000000 ) ) ;
#578 = ADVANCED_FACE ( 'NONE', ( #1013 ), #585, .F. ) ;
#579 = ORIENTED_EDGE ( 'NONE', *, *, #1288, .F. ) ;
#580 = CARTESIAN_POINT ( 'NONE',  ( -0.6499999999999999112, 0.2750000000000001887, 0.3499999999999999778 ) ) ;
#581 = AXIS2_PLACEMENT_3D ( 'NONE', #357, #797, #1422 ) ;
#582 = ORIENTED_EDGE ( 'NONE', *, *, #1922, .F. ) ;
#583 = AXIS2_PLACEMENT_3D ( 'NONE', #1464, #1737, #1009 ) ;
#584 = DIRECTION ( 'NONE',  ( -1.000000000000000000, 9.756599977372368637E-17, -0.000000000000000000 ) ) ;
#585 = CYLINDRICAL_SURFACE ( 'NONE', #1110, 0.06250000000000001388 ) ;
#586 = DIRECTION ( 'NONE',  ( -0.000000000000000000, -0.000000000000000000, 1.000000000000000000 ) ) ;
#587 = ORIENTED_EDGE ( 'NONE', *, *, #1909, .F. ) ;
#588 = CARTESIAN_POINT ( 'NONE',  ( -0.6999999999999997335, -1.125000000000000000, -0.1000000000000000194 ) ) ;
#589 = APPLICATION_PROTOCOL_DEFINITION ( 'draft international standard', 'automotive_design', 1998, #483 ) ;
#590 = EDGE_CURVE ( 'NONE', #316, #1041, #1458, .T. ) ;
#591 = ORIENTED_EDGE ( 'NONE', *, *, #1052, .F. ) ;
#592 = DIRECTION ( 'NONE',  ( 1.000000000000000000, 0.000000000000000000, 0.000000000000000000 ) ) ;
#593 = VECTOR ( 'NONE', #950, 39.37007874015748143 ) ;
#594 = CARTESIAN_POINT ( 'NONE',  ( -0.6999999999999997335, -1.125000000000000000, 0.3499999999999999778 ) ) ;
#595 = ORIENTED_EDGE ( 'NONE', *, *, #385, .F. ) ;
#596 = DIRECTION ( 'NONE',  ( -0.000000000000000000, 0.000000000000000000, 1.000000000000000000 ) ) ;
#597 = AXIS2_PLACEMENT_3D ( 'NONE', #1374, #1083, #1195 ) ;
#598 = DIRECTION ( 'NONE',  ( 0.000000000000000000, -1.000000000000000000, 0.000000000000000000 ) ) ;
#599 = EDGE_LOOP ( 'NONE', ( #1807, #1313, #106, #1064 ) ) ;
#600 = CARTESIAN_POINT ( 'NONE',  ( -0.6062499999999996225, 1.125000000000000000, 0.3499999999999999778 ) ) ;
#601 = ORIENTED_EDGE ( 'NONE', *, *, #1568, .T. ) ;
#602 = CARTESIAN_POINT ( 'NONE',  ( -0.4362500000000005818, 1.125000000000000000, 0.6499999999999999112 ) ) ;
#603 = EDGE_CURVE ( 'NONE', #995, #1130, #1033, .T. ) ;
#604 = CARTESIAN_POINT ( 'NONE',  ( -0.4049999999999999156, -1.062500000000000000, 0.6499999999999999112 ) ) ;
#605 = ORIENTED_EDGE ( 'NONE', *, *, #798, .T. ) ;
#606 = EDGE_CURVE ( 'NONE', #1332, #1526, #727, .T. ) ;
#607 = DIRECTION ( 'NONE',  ( 1.000000000000000000, 0.000000000000000000, 0.000000000000000000 ) ) ;
#608 = FACE_OUTER_BOUND ( 'NONE', #323, .T. ) ;
#609 = ORIENTED_EDGE ( 'NONE', *, *, #1182, .T. ) ;
#610 = CARTESIAN_POINT ( 'NONE',  ( 0.4050000000000000266, -1.156250000000000888, 0.6499999999999999112 ) ) ;
#611 = EDGE_LOOP ( 'NONE', ( #464, #1841, #410, #1168 ) ) ;
#612 = CARTESIAN_POINT ( 'NONE',  ( 0.2250000000000001166, -0.6874999999999995559, 0.3187500000000006439 ) ) ;
#613 = DIRECTION ( 'NONE',  ( 0.000000000000000000, -0.7071067811865474617, -0.7071067811865474617 ) ) ;
#614 = EDGE_CURVE ( 'NONE', #1292, #855, #1754, .T. ) ;
#615 = ORIENTED_EDGE ( 'NONE', *, *, #899, .T. ) ;
#616 = AXIS2_PLACEMENT_3D ( 'NONE', #1065, #1098, #159 ) ;
#617 = DIRECTION ( 'NONE',  ( 0.000000000000000000, 0.000000000000000000, -1.000000000000000000 ) ) ;
#618 = EDGE_CURVE ( 'NONE', #500, #635, #1586, .T. ) ;
#619 = VECTOR ( 'NONE', #722, 39.37007874015748143 ) ;
#620 = DIRECTION ( 'NONE',  ( -1.000000000000000000, 0.000000000000000000, 0.000000000000000000 ) ) ;
#621 = VERTEX_POINT ( 'NONE', #1315 ) ;
#622 = DIRECTION ( 'NONE',  ( -0.000000000000000000, 0.000000000000000000, 1.000000000000000000 ) ) ;
#623 = VERTEX_POINT ( 'NONE', #108 ) ;
#624 = DIRECTION ( 'NONE',  ( -1.000000000000000000, 0.000000000000000000, 0.000000000000000000 ) ) ;
#625 = PLANE ( 'NONE',  #1028 ) ;
#626 = EDGE_LOOP ( 'NONE', ( #1239, #1308, #1271, #114 ) ) ;
#627 = CIRCLE ( 'NONE', #1632, 0.06250000000000001388 ) ;
#628 = DIRECTION ( 'NONE',  ( -0.000000000000000000, -0.7071067811865475727, 0.7071067811865475727 ) ) ;
#629 = VECTOR ( 'NONE', #1291, 39.37007874015748143 ) ;
#630 = CARTESIAN_POINT ( 'NONE',  ( 0.2875000000000004219, 0.7500000000000001110, -0.05000000000000007910 ) ) ;
#631 = ADVANCED_FACE ( 'NONE', ( #253 ), #1160, .T. ) ;
#632 = ORIENTED_EDGE ( 'NONE', *, *, #9, .T. ) ;
#633 = EDGE_CURVE ( 'NONE', #1215, #1569, #1305, .T. ) ;
#634 = CIRCLE ( 'NONE', #31, 0.03125000000000065919 ) ;
#635 = VERTEX_POINT ( 'NONE', #1902 ) ;
#636 = CARTESIAN_POINT ( 'NONE',  ( -0.6999999999999997335, -1.125000000000000000, 0.3499999999999999778 ) ) ;
#637 = LINE ( 'NONE', #1712, #82 ) ;
#638 = VERTEX_POINT ( 'NONE', #1740 ) ;
#639 = CARTESIAN_POINT ( 'NONE',  ( -0.9999999999999998890, -0.2750000000000001887, 0.3499999999999999778 ) ) ;
#640 = DIRECTION ( 'NONE',  ( -1.000000000000000000, 0.000000000000000000, 0.000000000000000000 ) ) ;
#641 = ORIENTED_EDGE ( 'NONE', *, *, #1771, .T. ) ;
#642 = EDGE_CURVE ( 'NONE', #511, #500, #1750, .T. ) ;
#643 = DIRECTION ( 'NONE',  ( -0.000000000000000000, -1.000000000000000000, 0.000000000000000000 ) ) ;
#644 = VERTEX_POINT ( 'NONE', #125 ) ;
#645 = EDGE_CURVE ( 'NONE', #693, #460, #1527, .T. ) ;
#646 = CARTESIAN_POINT ( 'NONE',  ( 0.2875000000000000888, -0.7500000000000001110, 0.3187500000000006439 ) ) ;
#647 = CARTESIAN_POINT ( 'NONE',  ( -0.7937499999999999556, 1.125000000000000000, -0.1000000000000000194 ) ) ;
#648 = EDGE_LOOP ( 'NONE', ( #56, #990, #1637, #1482 ) ) ;
#649 = DIRECTION ( 'NONE',  ( 1.000000000000000000, 0.000000000000000000, 0.000000000000000000 ) ) ;
#650 = CARTESIAN_POINT ( 'NONE',  ( -0.9999999999999998890, 0.2750000000000001887, -0.1000000000000000194 ) ) ;
#651 = VECTOR ( 'NONE', #889, 39.37007874015748143 ) ;
#652 = ADVANCED_FACE ( 'NONE', ( #437 ), #1928, .F. ) ;
#653 = CARTESIAN_POINT ( 'NONE',  ( 0.4675000000000000822, -1.125000000000000222, 0.6499999999999999112 ) ) ;
#654 = VERTEX_POINT ( 'NONE', #284 ) ;
#655 = CYLINDRICAL_SURFACE ( 'NONE', #1192, 0.06250000000000001388 ) ;
#656 = ORIENTED_EDGE ( 'NONE', *, *, #204, .T. ) ;
#657 = FACE_OUTER_BOUND ( 'NONE', #1816, .T. ) ;
#658 = DIRECTION ( 'NONE',  ( -0.000000000000000000, 0.000000000000000000, 1.000000000000000000 ) ) ;
#659 = AXIS2_PLACEMENT_3D ( 'NONE', #1901, #252, #96 ) ;
#660 = VERTEX_POINT ( 'NONE', #396 ) ;
#661 = DIRECTION ( 'NONE',  ( -0.000000000000000000, 0.000000000000000000, 1.000000000000000000 ) ) ;
#662 = CARTESIAN_POINT ( 'NONE',  ( 0.2875000000000000888, -0.7500000000000001110, 0.3499999999999999778 ) ) ;
#663 = CIRCLE ( 'NONE', #1290, 0.09374999999999916733 ) ;
#664 = ORIENTED_EDGE ( 'NONE', *, *, #1480, .T. ) ;
#665 = EDGE_CURVE ( 'NONE', #320, #1074, #13, .T. ) ;
#666 = DIRECTION ( 'NONE',  ( -1.000000000000000000, 0.000000000000000000, 0.000000000000000000 ) ) ;
#667 = STYLED_ITEM ( 'NONE', ( #46 ), #299 ) ;
#668 = ADVANCED_FACE ( 'NONE', ( #1759 ), #1022, .F. ) ;
#669 = DIRECTION ( 'NONE',  ( -1.000000000000000000, 0.000000000000000000, 0.000000000000000000 ) ) ;
#670 = VERTEX_POINT ( 'NONE', #639 ) ;
#671 = SURFACE_STYLE_FILL_AREA ( #530 ) ;
#672 = DIRECTION ( 'NONE',  ( 0.000000000000000000, 0.000000000000000000, 1.000000000000000000 ) ) ;
#673 = ORIENTED_EDGE ( 'NONE', *, *, #1946, .F. ) ;
#674 = CARTESIAN_POINT ( 'NONE',  ( 0.4050000000000001377, 1.062500000000000000, 0.6187500000000005773 ) ) ;
#675 = ADVANCED_FACE ( 'NONE', ( #907 ), #1791, .F. ) ;
#676 = LINE ( 'NONE', #192, #975 ) ;
#677 = ADVANCED_FACE ( 'NONE', ( #1523 ), #363, .T. ) ;
#678 = VECTOR ( 'NONE', #666, 39.37007874015748143 ) ;
#679 = ORIENTED_EDGE ( 'NONE', *, *, #23, .T. ) ;
#680 = DIRECTION ( 'NONE',  ( -1.000000000000000000, 0.000000000000000000, 0.000000000000000000 ) ) ;
#681 = LINE ( 'NONE', #981, #1131 ) ;
#682 = SHAPE_DEFINITION_REPRESENTATION ( #1579, #967 ) ;
#683 = ORIENTED_EDGE ( 'NONE', *, *, #1277, .F. ) ;
#684 = DIRECTION ( 'NONE',  ( -0.000000000000000000, -0.000000000000000000, 1.000000000000000000 ) ) ;
#685 = ORIENTED_EDGE ( 'NONE', *, *, #1267, .T. ) ;
#686 = CARTESIAN_POINT ( 'NONE',  ( 0.000000000000000000, 0.000000000000000000, -0.05000000000000007910 ) ) ;
#687 = AXIS2_PLACEMENT_3D ( 'NONE', #1324, #124, #1778 ) ;
#688 = VECTOR ( 'NONE', #1246, 39.37007874015748854 ) ;
#689 = ORIENTED_EDGE ( 'NONE', *, *, #235, .F. ) ;
#690 = FACE_OUTER_BOUND ( 'NONE', #780, .T. ) ;
#691 = EDGE_CURVE ( 'NONE', #415, #1365, #1180, .T. ) ;
#692 = CARTESIAN_POINT ( 'NONE',  ( -0.6499999999999999112, 0.2750000000000001887, -0.1000000000000000194 ) ) ;
#693 = VERTEX_POINT ( 'NONE', #486 ) ;
#694 = DIRECTION ( 'NONE',  ( 1.000000000000000000, -0.000000000000000000, 0.000000000000000000 ) ) ;
#695 = VECTOR ( 'NONE', #1653, 39.37007874015748143 ) ;
#696 = VERTEX_POINT ( 'NONE', #33 ) ;
#697 = CARTESIAN_POINT ( 'NONE',  ( -0.6499999999999999112, 0.2125000000000001610, -0.1000000000000000194 ) ) ;
#698 = DIRECTION ( 'NONE',  ( 0.000000000000000000, 0.000000000000000000, 1.000000000000000000 ) ) ;
#699 = ADVANCED_FACE ( 'NONE', ( #304 ), #1459, .F. ) ;
#700 = ORIENTED_EDGE ( 'NONE', *, *, #703, .F. ) ;
#701 = FACE_OUTER_BOUND ( 'NONE', #1263, .T. ) ;
#702 = DIRECTION ( 'NONE',  ( -0.000000000000000000, 1.000000000000000000, -0.000000000000000000 ) ) ;
#703 = EDGE_CURVE ( 'NONE', #431, #621, #22, .T. ) ;
#704 = ORIENTED_EDGE ( 'NONE', *, *, #26, .F. ) ;
#705 = DIRECTION ( 'NONE',  ( 1.000000000000000000, 0.000000000000000000, 0.000000000000000000 ) ) ;
#706 = CYLINDRICAL_SURFACE ( 'NONE', #432, 0.09375000000000019429 ) ;
#707 = DIRECTION ( 'NONE',  ( 0.000000000000000000, 0.000000000000000000, -1.000000000000000000 ) ) ;
#708 = ORIENTED_EDGE ( 'NONE', *, *, #1079, .T. ) ;
#709 = DIRECTION ( 'NONE',  ( 1.000000000000000000, 0.000000000000000000, 0.000000000000000000 ) ) ;
#710 = AXIS2_PLACEMENT_3D ( 'NONE', #785, #508, #1842 ) ;
#711 = AXIS2_PLACEMENT_3D ( 'NONE', #414, #453, #1343 ) ;
#712 = LINE ( 'NONE', #131, #1167 ) ;
#713 = LINE ( 'NONE', #112, #1433 ) ;
#714 = ORIENTED_EDGE ( 'NONE', *, *, #1377, .T. ) ;
#715 = DIRECTION ( 'NONE',  ( -0.000000000000000000, -0.000000000000000000, 1.000000000000000000 ) ) ;
#716 = DIRECTION ( 'NONE',  ( -0.000000000000000000, 0.000000000000000000, -1.000000000000000000 ) ) ;
#717 = VERTEX_POINT ( 'NONE', #1834 ) ;
#718 = VECTOR ( 'NONE', #825, 39.37007874015748143 ) ;
#719 = DIRECTION ( 'NONE',  ( -0.000000000000000000, 0.000000000000000000, 1.000000000000000000 ) ) ;
#720 = AXIS2_PLACEMENT_3D ( 'NONE', #1045, #400, #383 ) ;
#721 = DIRECTION ( 'NONE',  ( -2.048885995248197660E-16, -1.000000000000000000, 0.000000000000000000 ) ) ;
#722 = DIRECTION ( 'NONE',  ( 2.048885995248197660E-16, 1.000000000000000000, 0.000000000000000000 ) ) ;
#723 = EDGE_CURVE ( 'NONE', #1342, #823, #1075, .T. ) ;
#724 = VERTEX_POINT ( 'NONE', #317 ) ;
#725 = AXIS2_PLACEMENT_3D ( 'NONE', #839, #237, #389 ) ;
#726 = CARTESIAN_POINT ( 'NONE',  ( 0.4050000000000000266, 1.125000000000000222, 0.6187500000000005773 ) ) ;
#727 = LINE ( 'NONE', #1608, #409 ) ;
#728 = EDGE_CURVE ( 'NONE', #623, #1111, #201, .T. ) ;
#729 = VERTEX_POINT ( 'NONE', #1211 ) ;
#730 = DIRECTION ( 'NONE',  ( 9.756599977372370609E-16, -1.000000000000000000, 0.000000000000000000 ) ) ;
#731 = DIRECTION ( 'NONE',  ( -1.000000000000000000, 0.000000000000000000, 0.000000000000000000 ) ) ;
#732 = CARTESIAN_POINT ( 'NONE',  ( 0.4050000000000000266, 1.187500000000000000, 0.6499999999999999112 ) ) ;
#733 = ORIENTED_EDGE ( 'NONE', *, *, #168, .T. ) ;
#734 = FACE_OUTER_BOUND ( 'NONE', #1823, .T. ) ;
#735 = CARTESIAN_POINT ( 'NONE',  ( -0.6999999999999997335, 1.125000000000000000, 0.3499999999999999778 ) ) ;
#736 = CARTESIAN_POINT ( 'NONE',  ( -0.4674999999999999156, 1.125000000000000000, 0.6187500000000005773 ) ) ;
#737 = ORIENTED_EDGE ( 'NONE', *, *, #89, .F. ) ;
#738 = PLANE ( 'NONE',  #189 ) ;
#739 = DIRECTION ( 'NONE',  ( 1.000000000000000000, 4.370956789862820361E-15, 0.000000000000000000 ) ) ;
#740 = ORIENTED_EDGE ( 'NONE', *, *, #1802, .T. ) ;
#741 = CARTESIAN_POINT ( 'NONE',  ( 0.6562499999999994449, 0.6875000000000001110, 0.3499999999999999778 ) ) ;
#742 = CARTESIAN_POINT ( 'NONE',  ( -0.6499999999999999112, 0.2125000000000001610, 0.3499999999999999778 ) ) ;
#743 = AXIS2_PLACEMENT_3D ( 'NONE', #1498, #928, #466 ) ;
#744 = ORIENTED_EDGE ( 'NONE', *, *, #824, .F. ) ;
#745 = CARTESIAN_POINT ( 'NONE',  ( 0.000000000000000000, 0.000000000000000000, 0.3499999999999999778 ) ) ;
#746 = DIRECTION ( 'NONE',  ( 0.000000000000000000, 0.7071067811865474617, -0.7071067811865474617 ) ) ;
#747 = ORIENTED_EDGE ( 'NONE', *, *, #645, .F. ) ;
#748 = CARTESIAN_POINT ( 'NONE',  ( 1.000000000000000222, -1.499999999999999778, 0.3499999999999999778 ) ) ;
#749 = ORIENTED_EDGE ( 'NONE', *, *, #1488, .T. ) ;
#750 = ADVANCED_FACE ( 'NONE', ( #477 ), #1866, .T. ) ;
#751 = DIRECTION ( 'NONE',  ( 9.756599977372368637E-17, 1.000000000000000000, 0.000000000000000000 ) ) ;
#752 = AXIS2_PLACEMENT_3D ( 'NONE', #351, #1561, #669 ) ;
#753 = DIRECTION ( 'NONE',  ( 1.000000000000000000, 9.756599977372370609E-16, -0.000000000000000000 ) ) ;
#754 = ORIENTED_EDGE ( 'NONE', *, *, #193, .F. ) ;
#755 = DIRECTION ( 'NONE',  ( -1.000000000000000000, 0.000000000000000000, 0.000000000000000000 ) ) ;
#756 = VECTOR ( 'NONE', #1704, 39.37007874015748143 ) ;
#757 = LINE ( 'NONE', #909, #815 ) ;
#758 = VECTOR ( 'NONE', #721, 39.37007874015748143 ) ;
#759 = CONICAL_SURFACE ( 'NONE', #1445, 0.03125000000000072858, 0.7853981633974480570 ) ;
#760 = ORIENTED_EDGE ( 'NONE', *, *, #471, .F. ) ;
#761 = DIRECTION ( 'NONE',  ( 0.000000000000000000, 1.000000000000000000, 0.000000000000000000 ) ) ;
#762 = ORIENTED_EDGE ( 'NONE', *, *, #1534, .F. ) ;
#763 = CIRCLE ( 'NONE', #1197, 0.03125000000000065919 ) ;
#764 = CYLINDRICAL_SURFACE ( 'NONE', #158, 0.09375000000000019429 ) ;
#765 = DIRECTION ( 'NONE',  ( 1.000000000000000000, 0.000000000000000000, 0.000000000000000000 ) ) ;
#766 = EDGE_LOOP ( 'NONE', ( #1536, #685, #1091, #601 ) ) ;
#767 = FACE_OUTER_BOUND ( 'NONE', #520, .T. ) ;
#768 = CYLINDRICAL_SURFACE ( 'NONE', #1941, 0.06250000000000001388 ) ;
#769 = ORIENTED_EDGE ( 'NONE', *, *, #603, .F. ) ;
#770 = DIRECTION ( 'NONE',  ( 1.000000000000000000, 0.000000000000000000, 0.000000000000000000 ) ) ;
#771 = ORIENTED_EDGE ( 'NONE', *, *, #1161, .T. ) ;
#772 = FACE_OUTER_BOUND ( 'NONE', #1829, .T. ) ;
#773 = LINE ( 'NONE', #315, #174 ) ;
#774 = VERTEX_POINT ( 'NONE', #1087 ) ;
#775 = EDGE_CURVE ( 'NONE', #810, #1328, #1306, .T. ) ;
#776 = AXIS2_PLACEMENT_3D ( 'NONE', #1187, #1779, #1641 ) ;
#777 = CARTESIAN_POINT ( 'NONE',  ( -0.6999999999999997335, -1.125000000000000000, -0.1000000000000000194 ) ) ;
#778 = VECTOR ( 'NONE', #613, 39.37007874015748854 ) ;
#779 = FACE_OUTER_BOUND ( 'NONE', #1938, .T. ) ;
#780 = EDGE_LOOP ( 'NONE', ( #1253, #138, #679, #1183 ) ) ;
#781 = DIRECTION ( 'NONE',  ( 0.000000000000000000, -0.000000000000000000, -1.000000000000000000 ) ) ;
#782 = FACE_OUTER_BOUND ( 'NONE', #1452, .T. ) ;
#783 = ORIENTED_EDGE ( 'NONE', *, *, #1210, .T. ) ;
#784 = AXIS2_PLACEMENT_3D ( 'NONE', #1381, #487, #640 ) ;
#785 = CARTESIAN_POINT ( 'NONE',  ( 0.4050000000000000266, 1.125000000000000000, 0.3499999999999999778 ) ) ;
#786 = LINE ( 'NONE', #1939, #295 ) ;
#787 = DIRECTION ( 'NONE',  ( -1.000000000000000000, 0.000000000000000000, 0.000000000000000000 ) ) ;
#788 = VECTOR ( 'NONE', #64, 39.37007874015748854 ) ;
#789 = ADVANCED_FACE ( 'NONE', ( #338 ), #1678, .T. ) ;
#790 = CYLINDRICAL_SURFACE ( 'NONE', #784, 0.06250000000000001388 ) ;
#791 = EDGE_CURVE ( 'NONE', #1130, #1785, #456, .T. ) ;
#792 = ORIENTED_EDGE ( 'NONE', *, *, #1042, .T. ) ;
#793 = ORIENTED_EDGE ( 'NONE', *, *, #1951, .T. ) ;
#794 = FACE_OUTER_BOUND ( 'NONE', #1425, .T. ) ;
#795 = LINE ( 'NONE', #1556, #1781 ) ;
#796 = EDGE_LOOP ( 'NONE', ( #930, #1081, #1189, #1078, #1372, #1048 ) ) ;
#797 = DIRECTION ( 'NONE',  ( 1.365923996832131609E-16, -1.000000000000000000, 0.000000000000000000 ) ) ;
#798 = EDGE_CURVE ( 'NONE', #1589, #1215, #1232, .T. ) ;
#799 = CARTESIAN_POINT ( 'NONE',  ( -0.4049999999999999156, 1.125000000000000000, 0.6499999999999999112 ) ) ;
#800 = DIRECTION ( 'NONE',  ( -0.7071067811865474617, 0.000000000000000000, -0.7071067811865474617 ) ) ;
#801 = ORIENTED_EDGE ( 'NONE', *, *, #1125, .T. ) ;
#802 = FILL_AREA_STYLE_COLOUR ( '', #1854 ) ;
#803 = CARTESIAN_POINT ( 'NONE',  ( -0.6499999999999999112, -0.2124999999999999667, 0.3499999999999999778 ) ) ;
#804 = VERTEX_POINT ( 'NONE', #180 ) ;
#805 = PLANE ( 'NONE',  #1929 ) ;
#806 = VECTOR ( 'NONE', #1389, 39.37007874015748143 ) ;
#807 = LINE ( 'NONE', #1285, #1747 ) ;
#808 = AXIS2_PLACEMENT_3D ( 'NONE', #1345, #1200, #755 ) ;
#809 = ADVANCED_FACE ( 'NONE', ( #1511, #328, #767, #939, #1533 ), #134, .T. ) ;
#810 = VERTEX_POINT ( 'NONE', #1220 ) ;
#811 = FACE_OUTER_BOUND ( 'NONE', #133, .T. ) ;
#812 = DIRECTION ( 'NONE',  ( -1.000000000000000000, -1.365923996832131609E-16, 0.000000000000000000 ) ) ;
#813 = EDGE_CURVE ( 'NONE', #1609, #1303, #1522, .T. ) ;
#814 = EDGE_LOOP ( 'NONE', ( #1947, #1185, #1194, #953, #1224, #632, #792, #333, #1525, #615, #343, #1728 ) ) ;
#815 = VECTOR ( 'NONE', #1512, 39.37007874015748143 ) ;
#816 = CARTESIAN_POINT ( 'NONE',  ( -0.7124999999999998002, -0.2124999999999999667, 0.3499999999999999778 ) ) ;
#817 = VECTOR ( 'NONE', #30, 39.37007874015748143 ) ;
#818 = ORIENTED_EDGE ( 'NONE', *, *, #614, .T. ) ;
#819 = DIRECTION ( 'NONE',  ( 0.000000000000000000, 1.000000000000000000, 0.000000000000000000 ) ) ;
#820 = VECTOR ( 'NONE', #577, 39.37007874015748143 ) ;
#821 = PRODUCT_DEFINITION ( 'UNKNOWN', '', #877, #358 ) ;
#822 = LINE ( 'NONE', #1121, #1908 ) ;
#823 = VERTEX_POINT ( 'NONE', #169 ) ;
#824 = EDGE_CURVE ( 'NONE', #635, #364, #1824, .T. ) ;
#825 = DIRECTION ( 'NONE',  ( -0.000000000000000000, -0.000000000000000000, 1.000000000000000000 ) ) ;
#826 = EDGE_LOOP ( 'NONE', ( #1046, #927, #190, #587 ) ) ;
#827 = FACE_OUTER_BOUND ( 'NONE', #1020, .T. ) ;
#828 = FACE_OUTER_BOUND ( 'NONE', #1070, .T. ) ;
#829 = DIRECTION ( 'NONE',  ( 1.000000000000000000, 0.000000000000000000, 0.000000000000000000 ) ) ;
#830 = ORIENTED_EDGE ( 'NONE', *, *, #936, .F. ) ;
#831 = LINE ( 'NONE', #1593, #205 ) ;
#832 = UNCERTAINTY_MEASURE_WITH_UNIT (LENGTH_MEASURE( 1.000000000000000082E-05 ), #1204, 'distance_accuracy_value', 'NONE');
#833 = EDGE_CURVE ( 'NONE', #896, #1348, #786, .T. ) ;
#834 = VERTEX_POINT ( 'NONE', #968 ) ;
#835 = CARTESIAN_POINT ( 'NONE',  ( -0.4675000000000000266, -1.125000000000000222, 0.6187500000000005773 ) ) ;
#836 = ADVANCED_FACE ( 'NONE', ( #1562 ), #479, .T. ) ;
#837 = VECTOR ( 'NONE', #938, 39.37007874015748143 ) ;
#838 = ORIENTED_EDGE ( 'NONE', *, *, #1363, .F. ) ;
#839 = CARTESIAN_POINT ( 'NONE',  ( 0.6250000000000001110, 0.7500000000000001110, -0.05000000000000007910 ) ) ;
#840 = CARTESIAN_POINT ( 'NONE',  ( 0.000000000000000000, 0.000000000000000000, 0.6499999999999999112 ) ) ;
#841 = ORIENTED_EDGE ( 'NONE', *, *, #1480, .F. ) ;
#842 = LINE ( 'NONE', #1917, #1687 ) ;
#843 = ORIENTED_EDGE ( 'NONE', *, *, #554, .T. ) ;
#844 = DIRECTION ( 'NONE',  ( 1.000000000000000000, 0.000000000000000000, 0.000000000000000000 ) ) ;
#845 = EDGE_CURVE ( 'NONE', #729, #804, #1681, .T. ) ;
#846 = AXIS2_PLACEMENT_3D ( 'NONE', #171, #1535, #182 ) ;
#847 = EDGE_CURVE ( 'NONE', #21, #500, #1547, .T. ) ;
#848 = ORIENTED_EDGE ( 'NONE', *, *, #691, .T. ) ;
#849 = PLANE ( 'NONE',  #918 ) ;
#850 = CARTESIAN_POINT ( 'NONE',  ( 0.6562499999999994449, 0.2750000000000000222, 0.3499999999999999778 ) ) ;
#851 = CARTESIAN_POINT ( 'NONE',  ( 0.6562499999999994449, -0.6875000000000001110, 0.3499999999999999778 ) ) ;
#852 = VECTOR ( 'NONE', #781, 39.37007874015748143 ) ;
#853 = CARTESIAN_POINT ( 'NONE',  ( -0.7937499999999999556, 1.125000000000000000, -0.1000000000000000194 ) ) ;
#854 = VECTOR ( 'NONE', #716, 39.37007874015748143 ) ;
#855 = VERTEX_POINT ( 'NONE', #1252 ) ;
#856 = DIRECTION ( 'NONE',  ( -0.000000000000000000, -0.000000000000000000, -1.000000000000000000 ) ) ;
#857 = DIRECTION ( 'NONE',  ( 0.000000000000000000, 1.000000000000000000, 0.000000000000000000 ) ) ;
#858 = EDGE_CURVE ( 'NONE', #810, #1174, #1844, .T. ) ;
#859 = ORIENTED_EDGE ( 'NONE', *, *, #223, .T. ) ;
#860 = CARTESIAN_POINT ( 'NONE',  ( -0.4049999999999999156, 1.093749999999999334, 0.6499999999999999112 ) ) ;
#861 = DIRECTION ( 'NONE',  ( 0.000000000000000000, 1.000000000000000000, 0.000000000000000000 ) ) ;
#862 = LINE ( 'NONE', #1455, #1715 ) ;
#863 = ORIENTED_EDGE ( 'NONE', *, *, #1920, .F. ) ;
#864 = FACE_OUTER_BOUND ( 'NONE', #1833, .T. ) ;
#865 = CARTESIAN_POINT ( 'NONE',  ( 0.2875000000000004219, 0.6875000000000001110, -0.05000000000000007910 ) ) ;
#866 = VECTOR ( 'NONE', #1905, 39.37007874015748143 ) ;
#867 = ORIENTED_EDGE ( 'NONE', *, *, #791, .F. ) ;
#868 = PLANE ( 'NONE',  #725 ) ;
#869 = VECTOR ( 'NONE', #1640, 39.37007874015748854 ) ;
#870 = EDGE_CURVE ( 'NONE', #1213, #327, #1275, .T. ) ;
#871 = AXIS2_PLACEMENT_3D ( 'NONE', #1217, #885, #1030 ) ;
#872 = DIRECTION ( 'NONE',  ( 1.000000000000000000, 0.000000000000000000, 0.000000000000000000 ) ) ;
#873 = CARTESIAN_POINT ( 'NONE',  ( 0.5625000000000001110, 0.7812499999999993339, 0.3499999999999999778 ) ) ;
#874 = EDGE_CURVE ( 'NONE', #1517, #1903, #105, .T. ) ;
#875 = ORIENTED_EDGE ( 'NONE', *, *, #1269, .F. ) ;
#876 = CARTESIAN_POINT ( 'NONE',  ( 0.6250000000000001110, 0.2750000000000000222, -0.05000000000000007910 ) ) ;
#877 = PRODUCT_DEFINITION_FORMATION_WITH_SPECIFIED_SOURCE ( 'ANY', '', #98, .NOT_KNOWN. ) ;
#878 = DIRECTION ( 'NONE',  ( 0.000000000000000000, 0.000000000000000000, 1.000000000000000000 ) ) ;
#879 = EDGE_LOOP ( 'NONE', ( #1703, #1711, #1227, #197 ) ) ;
#880 = VECTOR ( 'NONE', #1012, 39.37007874015748143 ) ;
#881 = CARTESIAN_POINT ( 'NONE',  ( 0.6250000000000001110, -0.6875000000000001110, -0.05000000000000007910 ) ) ;
#882 = AXIS2_PLACEMENT_3D ( 'NONE', #955, #1154, #137 ) ;
#883 = VERTEX_POINT ( 'NONE', #1106 ) ;
#884 = EDGE_CURVE ( 'NONE', #823, #1213, #1240, .T. ) ;
#885 = DIRECTION ( 'NONE',  ( -0.7071067811865475727, 0.000000000000000000, 0.7071067811865475727 ) ) ;
#886 = VERTEX_POINT ( 'NONE', #1115 ) ;
#887 = CIRCLE ( 'NONE', #1321, 0.06249999999999995143 ) ;
#888 = DIRECTION ( 'NONE',  ( 1.000000000000000000, 0.000000000000000000, 0.000000000000000000 ) ) ;
#889 = DIRECTION ( 'NONE',  ( 0.000000000000000000, 1.000000000000000000, 0.000000000000000000 ) ) ;
#890 = CARTESIAN_POINT ( 'NONE',  ( 0.6250000000000001110, 0.7500000000000001110, -0.05000000000000007910 ) ) ;
#891 = LINE ( 'NONE', #1664, #1545 ) ;
#892 =( NAMED_UNIT ( * ) SI_UNIT ( $, .STERADIAN. ) SOLID_ANGLE_UNIT ( ) );
#893 = VERTEX_POINT ( 'NONE', #1707 ) ;
#894 = CARTESIAN_POINT ( 'NONE',  ( 0.2875000000000000888, -0.7812499999999993339, 0.3499999999999999778 ) ) ;
#895 = CARTESIAN_POINT ( 'NONE',  ( -0.9999999999999998890, 0.2750000000000001887, -0.1000000000000000194 ) ) ;
#896 = VERTEX_POINT ( 'NONE', #1532 ) ;
#897 = CARTESIAN_POINT ( 'NONE',  ( 0.2875000000000000888, -0.6875000000000001110, 0.3499999999999999778 ) ) ;
#898 = DIRECTION ( 'NONE',  ( 0.000000000000000000, -0.7071067811865474617, -0.7071067811865474617 ) ) ;
#899 = EDGE_CURVE ( 'NONE', #1348, #568, #963, .T. ) ;
#900 = VERTEX_POINT ( 'NONE', #674 ) ;
#901 = DIRECTION ( 'NONE',  ( -1.000000000000000000, 0.000000000000000000, 0.000000000000000000 ) ) ;
#902 = EDGE_LOOP ( 'NONE', ( #1896, #1893, #1680, #656 ) ) ;
#903 = DIRECTION ( 'NONE',  ( 1.000000000000000000, 0.000000000000000000, 0.000000000000000000 ) ) ;
#904 = FACE_OUTER_BOUND ( 'NONE', #1400, .T. ) ;
#905 = VECTOR ( 'NONE', #649, 39.37007874015748143 ) ;
#906 = ORIENTED_EDGE ( 'NONE', *, *, #1221, .T. ) ;
#907 = FACE_OUTER_BOUND ( 'NONE', #983, .T. ) ;
#908 = EDGE_CURVE ( 'NONE', #212, #1213, #1837, .T. ) ;
#909 = CARTESIAN_POINT ( 'NONE',  ( -0.4674999999999999156, -1.125000000000000222, 0.6499999999999999112 ) ) ;
#910 = ORIENTED_EDGE ( 'NONE', *, *, #1598, .F. ) ;
#911 = DIRECTION ( 'NONE',  ( 0.000000000000000000, 0.000000000000000000, 1.000000000000000000 ) ) ;
#912 = ORIENTED_EDGE ( 'NONE', *, *, #703, .T. ) ;
#913 = CARTESIAN_POINT ( 'NONE',  ( 0.4050000000000001377, -1.062500000000000000, 0.6187500000000005773 ) ) ;
#914 = AXIS2_PLACEMENT_3D ( 'NONE', #686, #1731, #536 ) ;
#915 = DIRECTION ( 'NONE',  ( 1.000000000000000000, 0.000000000000000000, 0.000000000000000000 ) ) ;
#916 = EDGE_LOOP ( 'NONE', ( #1884, #762, #49, #1916 ) ) ;
#917 = DIRECTION ( 'NONE',  ( 1.000000000000000000, 0.000000000000000000, -0.000000000000000000 ) ) ;
#918 = AXIS2_PLACEMENT_3D ( 'NONE', #1636, #1885, #1753 ) ;
#919 = CARTESIAN_POINT ( 'NONE',  ( 0.000000000000000000, -1.156250000000000888, 0.6499999999999999112 ) ) ;
#920 = AXIS2_PLACEMENT_3D ( 'NONE', #1631, #417, #1618 ) ;
#921 = ADVANCED_FACE ( 'NONE', ( #1699 ), #1543, .F. ) ;
#922 = EDGE_LOOP ( 'NONE', ( #848, #1100 ) ) ;
#923 = DIRECTION ( 'NONE',  ( 1.000000000000000000, 0.000000000000000000, 0.000000000000000000 ) ) ;
#924 = ORIENTED_EDGE ( 'NONE', *, *, #985, .T. ) ;
#925 = CARTESIAN_POINT ( 'NONE',  ( -0.6999999999999997335, -1.125000000000000000, -0.1000000000000000194 ) ) ;
#926 = CARTESIAN_POINT ( 'NONE',  ( 1.000000000000000222, 0.2750000000000000222, -0.05000000000000007910 ) ) ;
#927 = ORIENTED_EDGE ( 'NONE', *, *, #970, .T. ) ;
#928 = DIRECTION ( 'NONE',  ( 0.000000000000000000, 0.000000000000000000, -1.000000000000000000 ) ) ;
#929 = FACE_OUTER_BOUND ( 'NONE', #611, .T. ) ;
#930 = ORIENTED_EDGE ( 'NONE', *, *, #467, .F. ) ;
#931 = ORIENTED_EDGE ( 'NONE', *, *, #845, .F. ) ;
#932 = CARTESIAN_POINT ( 'NONE',  ( -0.7124999999999998002, 0.2125000000000001610, 0.3499999999999999778 ) ) ;
#933 = EDGE_CURVE ( 'NONE', #1328, #490, #198, .T. ) ;
#934 = DIRECTION ( 'NONE',  ( 0.000000000000000000, -0.000000000000000000, -1.000000000000000000 ) ) ;
#935 = ORIENTED_EDGE ( 'NONE', *, *, #1651, .F. ) ;
#936 = EDGE_CURVE ( 'NONE', #1248, #896, #974, .T. ) ;
#937 = VECTOR ( 'NONE', #368, 39.37007874015748143 ) ;
#938 = DIRECTION ( 'NONE',  ( -1.000000000000000000, 0.000000000000000000, 0.000000000000000000 ) ) ;
#939 = FACE_BOUND ( 'NONE', #1124, .T. ) ;
#940 = CONICAL_SURFACE ( 'NONE', #1286, 0.09374999999999927836, 0.7853981633974480570 ) ;
#941 = CARTESIAN_POINT ( 'NONE',  ( -0.4362500000000006373, -1.125000000000000222, 0.6499999999999999112 ) ) ;
#942 = ORIENTED_EDGE ( 'NONE', *, *, #385, .T. ) ;
#943 = DIRECTION ( 'NONE',  ( 0.000000000000000000, 0.000000000000000000, -1.000000000000000000 ) ) ;
#944 = DIRECTION ( 'NONE',  ( 0.000000000000000000, 0.000000000000000000, -1.000000000000000000 ) ) ;
#945 = ORIENTED_EDGE ( 'NONE', *, *, #1444, .T. ) ;
#946 = VECTOR ( 'NONE', #539, 39.37007874015748143 ) ;
#947 = DIRECTION ( 'NONE',  ( 1.000000000000000000, 0.000000000000000000, 0.000000000000000000 ) ) ;
#948 = VECTOR ( 'NONE', #672, 39.37007874015748143 ) ;
#949 = ADVANCED_FACE ( 'NONE', ( #657 ), #524, .F. ) ;
#950 = DIRECTION ( 'NONE',  ( -1.000000000000000000, 0.000000000000000000, 0.000000000000000000 ) ) ;
#951 = AXIS2_PLACEMENT_3D ( 'NONE', #1319, #730, #1173 ) ;
#952 = AXIS2_PLACEMENT_3D ( 'NONE', #1503, #470, #4 ) ;
#953 = ORIENTED_EDGE ( 'NONE', *, *, #1118, .T. ) ;
#954 = DIRECTION ( 'NONE',  ( 0.000000000000000000, -0.000000000000000000, -1.000000000000000000 ) ) ;
#955 = CARTESIAN_POINT ( 'NONE',  ( 0.2250000000000004219, 0.7500000000000001110, 0.3187500000000006439 ) ) ;
#956 = ORIENTED_EDGE ( 'NONE', *, *, #633, .T. ) ;
#957 = CARTESIAN_POINT ( 'NONE',  ( -0.7124999999999998002, -0.2749999999999999112, -0.1000000000000000194 ) ) ;
#958 = ADVANCED_FACE ( 'NONE', ( #1571 ), #805, .F. ) ;
#959 = ORIENTED_EDGE ( 'NONE', *, *, #1052, .T. ) ;
#960 = DIRECTION ( 'NONE',  ( 0.7071067811865479058, 0.000000000000000000, -0.7071067811865471286 ) ) ;
#961 = LINE ( 'NONE', #1676, #372 ) ;
#962 = EDGE_LOOP ( 'NONE', ( #572, #507, #1672, #1827 ) ) ;
#963 = LINE ( 'NONE', #497, #678 ) ;
#964 = AXIS2_PLACEMENT_3D ( 'NONE', #777, #596, #1649 ) ;
#965 = CYLINDRICAL_SURFACE ( 'NONE', #1069, 0.06249999999999995143 ) ;
#966 = AXIS2_PLACEMENT_3D ( 'NONE', #1050, #156, #765 ) ;
#967 = ADVANCED_BREP_SHAPE_REPRESENTATION ( 'Base1', ( #299, #494 ), #557 ) ;
#968 = CARTESIAN_POINT ( 'NONE',  ( 0.6562499999999994449, 0.3062499999999993561, 0.3499999999999999778 ) ) ;
#969 = ORIENTED_EDGE ( 'NONE', *, *, #34, .T. ) ;
#970 = EDGE_CURVE ( 'NONE', #316, #1517, #1738, .T. ) ;
#971 = CARTESIAN_POINT ( 'NONE',  ( 0.4050000000000001377, 1.062500000000000000, 0.6499999999999999112 ) ) ;
#972 = LINE ( 'NONE', #177, #185 ) ;
#973 = ORIENTED_EDGE ( 'NONE', *, *, #57, .T. ) ;
#974 = LINE ( 'NONE', #1869, #905 ) ;
#975 = VECTOR ( 'NONE', #361, 39.37007874015748143 ) ;
#976 = ORIENTED_EDGE ( 'NONE', *, *, #140, .T. ) ;
#977 = FACE_OUTER_BOUND ( 'NONE', #1521, .T. ) ;
#978 = CONICAL_SURFACE ( 'NONE', #113, 0.03125000000000072858, 0.7853981633974480570 ) ;
#979 = ORIENTED_EDGE ( 'NONE', *, *, #567, .T. ) ;
#980 = CARTESIAN_POINT ( 'NONE',  ( -0.4049999999999999156, -1.093749999999999334, 0.6499999999999999112 ) ) ;
#981 = CARTESIAN_POINT ( 'NONE',  ( 0.5625000000000001110, -0.7500000000000001110, -0.05000000000000007910 ) ) ;
#982 = ADVANCED_FACE ( 'NONE', ( #1439 ), #1249, .T. ) ;
#983 = EDGE_LOOP ( 'NONE', ( #1031, #311, #449, #1359 ) ) ;
#984 = CARTESIAN_POINT ( 'NONE',  ( 0.4050000000000000266, -1.125000000000000222, 0.6499999999999999112 ) ) ;
#985 = EDGE_CURVE ( 'NONE', #428, #1848, #135, .T. ) ;
#986 = DIRECTION ( 'NONE',  ( -0.000000000000000000, -0.000000000000000000, 1.000000000000000000 ) ) ;
#987 = EDGE_LOOP ( 'NONE', ( #1621, #1297 ) ) ;
#988 = CARTESIAN_POINT ( 'NONE',  ( -0.4049999999999999711, -1.125000000000000222, 0.6499999999999999112 ) ) ;
#989 = CARTESIAN_POINT ( 'NONE',  ( -0.4049999999999999156, 1.125000000000000000, 0.6499999999999999112 ) ) ;
#990 = ORIENTED_EDGE ( 'NONE', *, *, #382, .F. ) ;
#991 = EDGE_CURVE ( 'NONE', #1365, #415, #45, .T. ) ;
#992 = DIRECTION ( 'NONE',  ( 0.000000000000000000, 0.000000000000000000, -1.000000000000000000 ) ) ;
#993 = EDGE_CURVE ( 'NONE', #1870, #623, #713, .T. ) ;
#994 = CARTESIAN_POINT ( 'NONE',  ( 1.000000000000000222, 1.500000000000000444, 0.3499999999999999778 ) ) ;
#995 = VERTEX_POINT ( 'NONE', #1019 ) ;
#996 = DIRECTION ( 'NONE',  ( 0.000000000000000000, 0.000000000000000000, 1.000000000000000000 ) ) ;
#997 = DIRECTION ( 'NONE',  ( 1.000000000000000000, 0.000000000000000000, 0.000000000000000000 ) ) ;
#998 = DIRECTION ( 'NONE',  ( 0.000000000000000000, 0.000000000000000000, 1.000000000000000000 ) ) ;
#999 = DIRECTION ( 'NONE',  ( 1.000000000000000000, 0.000000000000000000, 0.000000000000000000 ) ) ;
#1000 = DIRECTION ( 'NONE',  ( 0.000000000000000000, 0.000000000000000000, 1.000000000000000000 ) ) ;
#1001 = DIRECTION ( 'NONE',  ( 1.000000000000000000, 0.000000000000000000, 0.000000000000000000 ) ) ;
#1002 = ADVANCED_FACE ( 'NONE', ( #386 ), #1429, .F. ) ;
#1003 = VECTOR ( 'NONE', #584, 39.37007874015748143 ) ;
#1004 = ORIENTED_EDGE ( 'NONE', *, *, #1830, .F. ) ;
#1005 = DIRECTION ( 'NONE',  ( -0.000000000000000000, 0.000000000000000000, 1.000000000000000000 ) ) ;
#1006 = CARTESIAN_POINT ( 'NONE',  ( -0.7124999999999998002, 0.2125000000000001610, -0.1000000000000000056 ) ) ;
#1007 = DIRECTION ( 'NONE',  ( -1.000000000000000000, 0.000000000000000000, 0.000000000000000000 ) ) ;
#1008 = AXIS2_PLACEMENT_3D ( 'NONE', #1272, #661, #1264 ) ;
#1009 = DIRECTION ( 'NONE',  ( 1.000000000000000000, 0.000000000000000000, 0.000000000000000000 ) ) ;
#1010 = VECTOR ( 'NONE', #1325, 39.37007874015748143 ) ;
#1011 = VERTEX_POINT ( 'NONE', #224 ) ;
#1012 = DIRECTION ( 'NONE',  ( 1.000000000000000000, 0.000000000000000000, 0.000000000000000000 ) ) ;
#1013 = FACE_OUTER_BOUND ( 'NONE', #1931, .T. ) ;
#1014 = VECTOR ( 'NONE', #1092, 39.37007874015748143 ) ;
#1015 = EDGE_CURVE ( 'NONE', #1811, #73, #1880, .T. ) ;
#1016 = EDGE_LOOP ( 'NONE', ( #1643, #540, #1846, #1509 ) ) ;
#1017 = DIRECTION ( 'NONE',  ( -1.000000000000000000, 0.000000000000000000, 0.000000000000000000 ) ) ;
#1018 = LINE ( 'NONE', #259, #758 ) ;
#1019 = CARTESIAN_POINT ( 'NONE',  ( 0.6562499999999994449, -0.3062499999999993561, 0.3499999999999999778 ) ) ;
#1020 = EDGE_LOOP ( 'NONE', ( #186, #1024, #910, #1337 ) ) ;
#1021 = CARTESIAN_POINT ( 'NONE',  ( -0.7124999999999998002, -0.2749999999999999112, -0.1000000000000000194 ) ) ;
#1022 = CYLINDRICAL_SURFACE ( 'NONE', #808, 0.06250000000000001388 ) ;
#1023 = EDGE_CURVE ( 'NONE', #855, #654, #1584, .T. ) ;
#1024 = ORIENTED_EDGE ( 'NONE', *, *, #1366, .T. ) ;
#1025 = PLANE ( 'NONE',  #1262 ) ;
#1026 = VECTOR ( 'NONE', #800, 39.37007874015748854 ) ;
#1027 =( LENGTH_UNIT ( ) NAMED_UNIT ( * ) SI_UNIT ( $, .METRE. ) );
#1028 = AXIS2_PLACEMENT_3D ( 'NONE', #926, #166, #1375 ) ;
#1029 = ORIENTED_EDGE ( 'NONE', *, *, #1736, .T. ) ;
#1030 = DIRECTION ( 'NONE',  ( -0.000000000000000000, -1.000000000000000000, 0.000000000000000000 ) ) ;
#1031 = ORIENTED_EDGE ( 'NONE', *, *, #430, .F. ) ;
#1032 = DIRECTION ( 'NONE',  ( -1.000000000000000000, 0.000000000000000000, 0.000000000000000000 ) ) ;
#1033 = LINE ( 'NONE', #1044, #1010 ) ;
#1034 = ORIENTED_EDGE ( 'NONE', *, *, #1094, .T. ) ;
#1035 = AXIS2_PLACEMENT_3D ( 'NONE', #1066, #2, #1212 ) ;
#1036 = CARTESIAN_POINT ( 'NONE',  ( 0.2875000000000004219, 0.7500000000000001110, 0.3187500000000006439 ) ) ;
#1037 = AXIS2_PLACEMENT_3D ( 'NONE', #840, #1446, #548 ) ;
#1038 = VERTEX_POINT ( 'NONE', #541 ) ;
#1039 = EDGE_LOOP ( 'NONE', ( #576, #1629, #454, #367 ) ) ;
#1040 = CARTESIAN_POINT ( 'NONE',  ( -0.9999999999999996669, -1.499999999999999778, -0.1000000000000000056 ) ) ;
#1041 = VERTEX_POINT ( 'NONE', #1614 ) ;
#1042 = EDGE_CURVE ( 'NONE', #394, #1248, #831, .T. ) ;
#1043 = CIRCLE ( 'NONE', #952, 0.03125000000000072858 ) ;
#1044 = CARTESIAN_POINT ( 'NONE',  ( 0.7833333333333334370, -0.4333333333333334036, 0.4770833333333339699 ) ) ;
#1045 = CARTESIAN_POINT ( 'NONE',  ( 0.2250000000000001166, -0.7500000000000001110, 0.3187500000000006439 ) ) ;
#1046 = ORIENTED_EDGE ( 'NONE', *, *, #590, .F. ) ;
#1047 = DIRECTION ( 'NONE',  ( -0.000000000000000000, -0.000000000000000000, -1.000000000000000000 ) ) ;
#1048 = ORIENTED_EDGE ( 'NONE', *, *, #870, .T. ) ;
#1049 = DIRECTION ( 'NONE',  ( -1.000000000000000000, 0.000000000000000000, 0.000000000000000000 ) ) ;
#1050 = CARTESIAN_POINT ( 'NONE',  ( 0.2875000000000000888, -0.6875000000000001110, -0.05000000000000007910 ) ) ;
#1051 = UNCERTAINTY_MEASURE_WITH_UNIT (LENGTH_MEASURE( 1.000000000000000082E-05 ), #1409, 'distance_accuracy_value', 'NONE');
#1052 = EDGE_CURVE ( 'NONE', #1074, #1292, #1156, .T. ) ;
#1053 = ORIENTED_EDGE ( 'NONE', *, *, #1105, .T. ) ;
#1054 = CARTESIAN_POINT ( 'NONE',  ( 0.2875000000000004219, 0.6875000000000001110, 0.3499999999999999778 ) ) ;
#1055 = ADVANCED_FACE ( 'NONE', ( #232 ), #1897, .F. ) ;
#1056 = CARTESIAN_POINT ( 'NONE',  ( -0.4049999999999999711, 1.187500000000000000, 0.6499999999999999112 ) ) ;
#1057 = ORIENTED_EDGE ( 'NONE', *, *, #1552, .T. ) ;
#1058 = CARTESIAN_POINT ( 'NONE',  ( 0.4050000000000000266, -1.125000000000000222, 0.6499999999999999112 ) ) ;
#1059 = ORIENTED_EDGE ( 'NONE', *, *, #165, .T. ) ;
#1060 = AXIS2_PLACEMENT_3D ( 'NONE', #1940, #617, #787 ) ;
#1061 = PLANE ( 'NONE',  #276 ) ;
#1062 = CARTESIAN_POINT ( 'NONE',  ( -0.6499999999999999112, -0.2749999999999998557, 0.3499999999999999778 ) ) ;
#1063 = CIRCLE ( 'NONE', #1620, 0.06250000000000001388 ) ;
#1064 = ORIENTED_EDGE ( 'NONE', *, *, #575, .T. ) ;
#1065 = CARTESIAN_POINT ( 'NONE',  ( -0.4049999999999999156, 1.125000000000000222, 0.6499999999999999112 ) ) ;
#1066 = CARTESIAN_POINT ( 'NONE',  ( 0.6250000000000001110, -0.2750000000000000222, 0.3187500000000006439 ) ) ;
#1067 = ORIENTED_EDGE ( 'NONE', *, *, #1563, .F. ) ;
#1068 = DIRECTION ( 'NONE',  ( 0.000000000000000000, 0.000000000000000000, -1.000000000000000000 ) ) ;
#1069 = AXIS2_PLACEMENT_3D ( 'NONE', #61, #1702, #1406 ) ;
#1070 = EDGE_LOOP ( 'NONE', ( #924, #1231, #1053, #161, #65, #264 ) ) ;
#1071 = CARTESIAN_POINT ( 'NONE',  ( 0.4050000000000000266, 1.187500000000000000, 0.3499999999999999778 ) ) ;
#1072 = CIRCLE ( 'NONE', #1540, 0.06250000000000001388 ) ;
#1073 = LINE ( 'NONE', #1331, #74 ) ;
#1074 = VERTEX_POINT ( 'NONE', #1322 ) ;
#1075 = LINE ( 'NONE', #1357, #806 ) ;
#1076 = VECTOR ( 'NONE', #381, 39.37007874015748854 ) ;
#1077 = FACE_BOUND ( 'NONE', #922, .T. ) ;
#1078 = ORIENTED_EDGE ( 'NONE', *, *, #1568, .F. ) ;
#1079 = EDGE_CURVE ( 'NONE', #1198, #638, #1175, .T. ) ;
#1080 = FACE_OUTER_BOUND ( 'NONE', #1122, .T. ) ;
#1081 = ORIENTED_EDGE ( 'NONE', *, *, #1909, .T. ) ;
#1082 = EDGE_CURVE ( 'NONE', #1248, #1130, #842, .T. ) ;
#1083 = DIRECTION ( 'NONE',  ( 0.000000000000000000, 0.000000000000000000, -1.000000000000000000 ) ) ;
#1084 = LINE ( 'NONE', #1529, #1879 ) ;
#1085 = ORIENTED_EDGE ( 'NONE', *, *, #1380, .F. ) ;
#1086 = CARTESIAN_POINT ( 'NONE',  ( 0.2875000000000004219, 0.7500000000000001110, 0.3187500000000006439 ) ) ;
#1087 = CARTESIAN_POINT ( 'NONE',  ( 0.5625000000000001110, -0.7500000000000001110, -0.05000000000000007910 ) ) ;
#1088 = LINE ( 'NONE', #147, #341 ) ;
#1089 = EDGE_CURVE ( 'NONE', #1420, #729, #1063, .T. ) ;
#1090 = DIRECTION ( 'NONE',  ( -0.7071067811865475727, 0.000000000000000000, 0.7071067811865475727 ) ) ;
#1091 = ORIENTED_EDGE ( 'NONE', *, *, #1235, .T. ) ;
#1092 = DIRECTION ( 'NONE',  ( 1.000000000000000000, 0.000000000000000000, 0.000000000000000000 ) ) ;
#1093 = CARTESIAN_POINT ( 'NONE',  ( -0.7124999999999998002, -0.2124999999999999667, -0.1000000000000000056 ) ) ;
#1094 = EDGE_CURVE ( 'NONE', #1365, #693, #241, .T. ) ;
#1095 = EDGE_LOOP ( 'NONE', ( #976, #1114, #1300, #704 ) ) ;
#1096 = AXIS2_PLACEMENT_3D ( 'NONE', #1850, #403, #1729 ) ;
#1097 = DIRECTION ( 'NONE',  ( 1.000000000000000000, -0.000000000000000000, 0.000000000000000000 ) ) ;
#1098 = DIRECTION ( 'NONE',  ( 0.000000000000000000, 0.000000000000000000, -1.000000000000000000 ) ) ;
#1099 = LINE ( 'NONE', #1572, #1814 ) ;
#1100 = ORIENTED_EDGE ( 'NONE', *, *, #991, .T. ) ;
#1101 = PLANE ( 'NONE',  #509 ) ;
#1102 = DIRECTION ( 'NONE',  ( -0.000000000000000000, 0.000000000000000000, 1.000000000000000000 ) ) ;
#1103 = ORIENTED_EDGE ( 'NONE', *, *, #1279, .F. ) ;
#1104 = VECTOR ( 'NONE', #1835, 39.37007874015748854 ) ;
#1105 = EDGE_CURVE ( 'NONE', #141, #289, #1284, .T. ) ;
#1106 = CARTESIAN_POINT ( 'NONE',  ( 0.4050000000000001377, 1.093749999999999334, 0.6499999999999999112 ) ) ;
#1107 = EDGE_CURVE ( 'NONE', #834, #1198, #862, .T. ) ;
#1108 = CARTESIAN_POINT ( 'NONE',  ( 1.000000000000000222, 1.500000000000000444, -0.1000000000000000056 ) ) ;
#1109 = AXIS2_PLACEMENT_3D ( 'NONE', #988, #1695, #1549 ) ;
#1110 = AXIS2_PLACEMENT_3D ( 'NONE', #865, #707, #1150 ) ;
#1111 = VERTEX_POINT ( 'NONE', #563 ) ;
#1112 = FACE_OUTER_BOUND ( 'NONE', #1391, .T. ) ;
#1113 = CARTESIAN_POINT ( 'NONE',  ( 0.5625000000000001110, 0.6875000000000001110, -0.05000000000000007910 ) ) ;
#1114 = ORIENTED_EDGE ( 'NONE', *, *, #874, .T. ) ;
#1115 = CARTESIAN_POINT ( 'NONE',  ( -0.4049999999999999711, 1.156250000000000888, 0.6499999999999999112 ) ) ;
#1116 = ADVANCED_FACE ( 'NONE', ( #1166 ), #1756, .F. ) ;
#1117 = DIRECTION ( 'NONE',  ( 0.000000000000000000, 0.000000000000000000, -1.000000000000000000 ) ) ;
#1118 = EDGE_CURVE ( 'NONE', #724, #404, #1806, .T. ) ;
#1119 = VERTEX_POINT ( 'NONE', #742 ) ;
#1120 = CARTESIAN_POINT ( 'NONE',  ( -0.4049999999999999156, -1.062500000000000000, 0.6187500000000005773 ) ) ;
#1121 = CARTESIAN_POINT ( 'NONE',  ( 0.000000000000000000, -1.156250000000000888, 0.6499999999999999112 ) ) ;
#1122 = EDGE_LOOP ( 'NONE', ( #1531, #95, #579, #1310 ) ) ;
#1123 = CIRCLE ( 'NONE', #1615, 0.06250000000000001388 ) ;
#1124 = EDGE_LOOP ( 'NONE', ( #1735, #231, #523, #1714, #297, #476 ) ) ;
#1125 = EDGE_CURVE ( 'NONE', #1903, #886, #433, .T. ) ;
#1126 = CARTESIAN_POINT ( 'NONE',  ( 0.4050000000000000266, 1.125000000000000000, 0.6187500000000005773 ) ) ;
#1127 = VECTOR ( 'NONE', #132, 39.37007874015748143 ) ;
#1128 = ORIENTED_EDGE ( 'NONE', *, *, #1335, .T. ) ;
#1129 = CARTESIAN_POINT ( 'NONE',  ( 0.4050000000000001377, -1.125000000000000000, 0.6499999999999999112 ) ) ;
#1130 = VERTEX_POINT ( 'NONE', #1627 ) ;
#1131 = VECTOR ( 'NONE', #1437, 39.37007874015748143 ) ;
#1132 = ORIENTED_EDGE ( 'NONE', *, *, #1247, .F. ) ;
#1133 = DIRECTION ( 'NONE',  ( 0.000000000000000000, -1.000000000000000000, 0.000000000000000000 ) ) ;
#1134 = EDGE_CURVE ( 'NONE', #1303, #886, #773, .T. ) ;
#1135 = ORIENTED_EDGE ( 'NONE', *, *, #775, .T. ) ;
#1136 = LINE ( 'NONE', #1120, #1076 ) ;
#1137 = VECTOR ( 'NONE', #142, 39.37007874015748143 ) ;
#1138 = DIRECTION ( 'NONE',  ( 0.000000000000000000, 0.000000000000000000, -1.000000000000000000 ) ) ;
#1139 = ORIENTED_EDGE ( 'NONE', *, *, #1488, .F. ) ;
#1140 = DIRECTION ( 'NONE',  ( 0.000000000000000000, -0.000000000000000000, -1.000000000000000000 ) ) ;
#1141 = ORIENTED_EDGE ( 'NONE', *, *, #1883, .T. ) ;
#1142 = DIRECTION ( 'NONE',  ( 0.000000000000000000, 0.7071067811865474617, -0.7071067811865474617 ) ) ;
#1143 = ORIENTED_EDGE ( 'NONE', *, *, #246, .F. ) ;
#1144 = FACE_OUTER_BOUND ( 'NONE', #123, .T. ) ;
#1145 = CARTESIAN_POINT ( 'NONE',  ( -0.4049999999999999156, -1.125000000000000000, 0.3499999999999999778 ) ) ;
#1146 = DIRECTION ( 'NONE',  ( -0.000000000000000000, -0.000000000000000000, 1.000000000000000000 ) ) ;
#1147 = CARTESIAN_POINT ( 'NONE',  ( -0.6999999999999997335, -1.125000000000000000, -0.1000000000000000194 ) ) ;
#1148 = ORIENTED_EDGE ( 'NONE', *, *, #833, .F. ) ;
#1149 = CARTESIAN_POINT ( 'NONE',  ( 0.5625000000000001110, -0.6875000000000001110, 0.3187500000000006439 ) ) ;
#1150 = DIRECTION ( 'NONE',  ( -1.000000000000000000, 0.000000000000000000, 0.000000000000000000 ) ) ;
#1151 = VECTOR ( 'NONE', #170, 39.37007874015748143 ) ;
#1152 = ORIENTED_EDGE ( 'NONE', *, *, #723, .T. ) ;
#1153 = DIRECTION ( 'NONE',  ( 1.000000000000000000, 0.000000000000000000, 0.000000000000000000 ) ) ;
#1154 = DIRECTION ( 'NONE',  ( 0.7071067811865473507, -1.448781181118148487E-16, 0.7071067811865476838 ) ) ;
#1155 = LINE ( 'NONE', #422, #866 ) ;
#1156 = LINE ( 'NONE', #1889, #619 ) ;
#1157 = ADVANCED_FACE ( 'NONE', ( #1184 ), #269, .T. ) ;
#1158 = ORIENTED_EDGE ( 'NONE', *, *, #575, .F. ) ;
#1159 = LINE ( 'NONE', #1021, #401 ) ;
#1160 = CYLINDRICAL_SURFACE ( 'NONE', #549, 0.06250000000000001388 ) ;
#1161 = EDGE_CURVE ( 'NONE', #670, #38, #1475, .T. ) ;
#1162 = AXIS2_PLACEMENT_3D ( 'NONE', #1891, #1587, #1000 ) ;
#1163 = EDGE_LOOP ( 'NONE', ( #1914, #348, #1573, #418 ) ) ;
#1164 = CARTESIAN_POINT ( 'NONE',  ( 0.2875000000000000888, -0.7500000000000001110, -0.05000000000000007910 ) ) ;
#1165 = DIRECTION ( 'NONE',  ( -0.000000000000000000, -0.000000000000000000, -1.000000000000000000 ) ) ;
#1166 = FACE_OUTER_BOUND ( 'NONE', #879, .T. ) ;
#1167 = VECTOR ( 'NONE', #240, 39.37007874015748143 ) ;
#1168 = ORIENTED_EDGE ( 'NONE', *, *, #1544, .F. ) ;
#1169 = DIRECTION ( 'NONE',  ( 1.000000000000000000, 0.000000000000000000, 0.000000000000000000 ) ) ;
#1170 = EDGE_CURVE ( 'NONE', #1638, #995, #1073, .T. ) ;
#1171 = DIRECTION ( 'NONE',  ( 1.000000000000000000, 1.456985596620951624E-15, 0.000000000000000000 ) ) ;
#1172 = ORIENTED_EDGE ( 'NONE', *, *, #1015, .T. ) ;
#1173 = DIRECTION ( 'NONE',  ( 1.000000000000000000, 9.756599977372370609E-16, 0.000000000000000000 ) ) ;
#1174 = VERTEX_POINT ( 'NONE', #7 ) ;
#1175 = LINE ( 'NONE', #75, #458 ) ;
#1176 = CARTESIAN_POINT ( 'NONE',  ( 0.5625000000000001110, 0.6875000000000001110, 0.3499999999999999778 ) ) ;
#1177 = CARTESIAN_POINT ( 'NONE',  ( 0.6250000000000001110, 0.2750000000000000222, -0.05000000000000007910 ) ) ;
#1178 = ORIENTED_EDGE ( 'NONE', *, *, #1771, .F. ) ;
#1179 = FACE_OUTER_BOUND ( 'NONE', #826, .T. ) ;
#1180 = CIRCLE ( 'NONE', #1898, 0.09375000000000019429 ) ;
#1181 = AXIS2_PLACEMENT_3D ( 'NONE', #552, #694, #992 ) ;
#1182 = EDGE_CURVE ( 'NONE', #1294, #1119, #19, .T. ) ;
#1183 = ORIENTED_EDGE ( 'NONE', *, *, #34, .F. ) ;
#1184 = FACE_OUTER_BOUND ( 'NONE', #962, .T. ) ;
#1185 = ORIENTED_EDGE ( 'NONE', *, *, #518, .T. ) ;
#1186 = DIRECTION ( 'NONE',  ( 0.000000000000000000, 0.000000000000000000, -1.000000000000000000 ) ) ;
#1187 = CARTESIAN_POINT ( 'NONE',  ( -0.6499999999999999112, 0.2750000000000001887, -0.1000000000000000194 ) ) ;
#1188 = DIRECTION ( 'NONE',  ( -0.000000000000000000, -0.000000000000000000, 1.000000000000000000 ) ) ;
#1189 = ORIENTED_EDGE ( 'NONE', *, *, #26, .T. ) ;
#1190 = VECTOR ( 'NONE', #24, 39.37007874015748143 ) ;
#1191 = CARTESIAN_POINT ( 'NONE',  ( -0.7937499999999999556, -1.125000000000000000, 0.3499999999999999778 ) ) ;
#1192 = AXIS2_PLACEMENT_3D ( 'NONE', #1113, #944, #196 ) ;
#1193 = EDGE_CURVE ( 'NONE', #490, #1174, #261, .T. ) ;
#1194 = ORIENTED_EDGE ( 'NONE', *, *, #89, .T. ) ;
#1195 = DIRECTION ( 'NONE',  ( -1.000000000000000000, 0.000000000000000000, 0.000000000000000000 ) ) ;
#1196 = CARTESIAN_POINT ( 'NONE',  ( 0.4050000000000000266, -1.156250000000000888, 0.6499999999999999112 ) ) ;
#1197 = AXIS2_PLACEMENT_3D ( 'NONE', #1385, #1216, #29 ) ;
#1198 = VERTEX_POINT ( 'NONE', #1950 ) ;
#1199 = AXIS2_PLACEMENT_3D ( 'NONE', #450, #1360, #441 ) ;
#1200 = DIRECTION ( 'NONE',  ( 0.000000000000000000, 0.000000000000000000, -1.000000000000000000 ) ) ;
#1201 = LINE ( 'NONE', #1346, #593 ) ;
#1202 = ORIENTED_EDGE ( 'NONE', *, *, #1576, .F. ) ;
#1203 = FACE_OUTER_BOUND ( 'NONE', #203, .T. ) ;
#1204 =( CONVERSION_BASED_UNIT ( 'INCH', #1472 ) LENGTH_UNIT ( ) NAMED_UNIT ( #1469 ) );
#1205 = ORIENTED_EDGE ( 'NONE', *, *, #1502, .F. ) ;
#1206 = FACE_OUTER_BOUND ( 'NONE', #766, .T. ) ;
#1207 = ADVANCED_FACE ( 'NONE', ( #1776 ), #1496, .F. ) ;
#1208 = DIRECTION ( 'NONE',  ( -0.000000000000000000, -0.000000000000000000, 1.000000000000000000 ) ) ;
#1209 = ORIENTED_EDGE ( 'NONE', *, *, #1327, .F. ) ;
#1210 = EDGE_CURVE ( 'NONE', #428, #660, #1809, .T. ) ;
#1211 = CARTESIAN_POINT ( 'NONE',  ( 0.4675000000000000822, -1.125000000000000222, 0.6187500000000005773 ) ) ;
#1212 = DIRECTION ( 'NONE',  ( -1.000000000000000000, 0.000000000000000000, 0.000000000000000000 ) ) ;
#1213 = VERTEX_POINT ( 'NONE', #1788 ) ;
#1214 = CARTESIAN_POINT ( 'NONE',  ( 0.6250000000000001110, 0.2750000000000000222, 0.3187500000000006439 ) ) ;
#1215 = VERTEX_POINT ( 'NONE', #895 ) ;
#1216 = DIRECTION ( 'NONE',  ( -0.000000000000000000, -0.000000000000000000, 1.000000000000000000 ) ) ;
#1217 = CARTESIAN_POINT ( 'NONE',  ( 0.6250000000000001110, 0.2750000000000000222, 0.3187500000000006439 ) ) ;
#1218 = VECTOR ( 'NONE', #1364, 39.37007874015748854 ) ;
#1219 = ORIENTED_EDGE ( 'NONE', *, *, #665, .F. ) ;
#1220 = CARTESIAN_POINT ( 'NONE',  ( -0.6062499999999996225, -1.125000000000000000, -0.1000000000000000194 ) ) ;
#1221 = EDGE_CURVE ( 'NONE', #1575, #670, #463, .T. ) ;
#1222 = CARTESIAN_POINT ( 'NONE',  ( 1.000000000000000222, -0.3062499999999996336, 0.3499999999999999778 ) ) ;
#1223 = ADVANCED_FACE ( 'NONE', ( #302 ), #625, .F. ) ;
#1224 = ORIENTED_EDGE ( 'NONE', *, *, #1279, .T. ) ;
#1225 = DIRECTION ( 'NONE',  ( 0.000000000000000000, -0.7071067811865474617, -0.7071067811865474617 ) ) ;
#1226 = AXIS2_PLACEMENT_3D ( 'NONE', #1478, #273, #844 ) ;
#1227 = ORIENTED_EDGE ( 'NONE', *, *, #590, .T. ) ;
#1228 = CARTESIAN_POINT ( 'NONE',  ( -0.9999999999999998890, 0.2750000000000001887, -0.1000000000000000194 ) ) ;
#1229 = AXIS2_PLACEMENT_3D ( 'NONE', #1006, #586, #1642 ) ;
#1230 = DIRECTION ( 'NONE',  ( -1.000000000000000000, 0.000000000000000000, 0.000000000000000000 ) ) ;
#1231 = ORIENTED_EDGE ( 'NONE', *, *, #37, .T. ) ;
#1232 = LINE ( 'NONE', #1825, #1713 ) ;
#1233 = VECTOR ( 'NONE', #996, 39.37007874015748143 ) ;
#1234 = CARTESIAN_POINT ( 'NONE',  ( -0.9999999999999996669, 1.500000000000000222, -0.1000000000000000056 ) ) ;
#1235 = EDGE_CURVE ( 'NONE', #1609, #212, #122, .T. ) ;
#1236 = ORIENTED_EDGE ( 'NONE', *, *, #1366, .F. ) ;
#1237 = LINE ( 'NONE', #334, #1137 ) ;
#1238 = DIRECTION ( 'NONE',  ( 1.000000000000000000, 0.000000000000000000, 0.000000000000000000 ) ) ;
#1239 = ORIENTED_EDGE ( 'NONE', *, *, #884, .F. ) ;
#1240 = LINE ( 'NONE', #42, #1431 ) ;
#1241 = CARTESIAN_POINT ( 'NONE',  ( -0.6999999999999997335, 1.125000000000000000, -0.1000000000000000194 ) ) ;
#1242 = FACE_BOUND ( 'NONE', #1244, .T. ) ;
#1243 = CARTESIAN_POINT ( 'NONE',  ( 0.6250000000000001110, -0.7500000000000001110, 0.3187500000000006439 ) ) ;
#1244 = EDGE_LOOP ( 'NONE', ( #1135, #109 ) ) ;
#1245 = CARTESIAN_POINT ( 'NONE',  ( -0.4674999999999999156, 1.125000000000000222, 0.3499999999999999778 ) ) ;
#1246 = DIRECTION ( 'NONE',  ( 0.000000000000000000, -0.7071067811865474617, -0.7071067811865474617 ) ) ;
#1247 = EDGE_CURVE ( 'NONE', #660, #1870, #1926, .T. ) ;
#1248 = VERTEX_POINT ( 'NONE', #444 ) ;
#1249 = CONICAL_SURFACE ( 'NONE', #391, 0.03125000000000072858, 0.7853981633974480570 ) ;
#1250 = DIRECTION ( 'NONE',  ( 0.000000000000000000, 0.000000000000000000, -1.000000000000000000 ) ) ;
#1251 = LINE ( 'NONE', #1414, #1906 ) ;
#1252 = CARTESIAN_POINT ( 'NONE',  ( 0.2875000000000004219, 0.7812499999999993339, 0.3499999999999999778 ) ) ;
#1253 = ORIENTED_EDGE ( 'NONE', *, *, #1079, .F. ) ;
#1254 =( LENGTH_UNIT ( ) NAMED_UNIT ( * ) SI_UNIT ( $, .METRE. ) );
#1255 = EDGE_CURVE ( 'NONE', #1038, #88, #1647, .T. ) ;
#1256 = CARTESIAN_POINT ( 'NONE',  ( -0.7124999999999998002, 0.2750000000000001887, 0.3499999999999999778 ) ) ;
#1257 = ORIENTED_EDGE ( 'NONE', *, *, #1221, .F. ) ;
#1258 = AXIS2_PLACEMENT_3D ( 'NONE', #1617, #1186, #1032 ) ;
#1259 = ADVANCED_FACE ( 'NONE', ( #904 ), #940, .F. ) ;
#1260 = DIRECTION ( 'NONE',  ( 1.000000000000000000, 0.000000000000000000, 0.000000000000000000 ) ) ;
#1261 = AXIS2_PLACEMENT_3D ( 'NONE', #1426, #70, #680 ) ;
#1262 = AXIS2_PLACEMENT_3D ( 'NONE', #1622, #1471, #120 ) ;
#1263 = EDGE_LOOP ( 'NONE', ( #495, #942, #1558, #1674, #1551, #1583 ) ) ;
#1264 = DIRECTION ( 'NONE',  ( 1.000000000000000000, 0.000000000000000000, 0.000000000000000000 ) ) ;
#1265 = DIRECTION ( 'NONE',  ( 1.000000000000000000, 0.000000000000000000, 0.000000000000000000 ) ) ;
#1266 = VECTOR ( 'NONE', #1874, 39.37007874015748143 ) ;
#1267 = EDGE_CURVE ( 'NONE', #1903, #1609, #188, .T. ) ;
#1268 = ORIENTED_EDGE ( 'NONE', *, *, #1042, .F. ) ;
#1269 = EDGE_CURVE ( 'NONE', #855, #364, #1821, .T. ) ;
#1270 = LINE ( 'NONE', #516, #1003 ) ;
#1271 = ORIENTED_EDGE ( 'NONE', *, *, #283, .F. ) ;
#1272 = CARTESIAN_POINT ( 'NONE',  ( 0.4050000000000000266, 1.125000000000000000, 0.6499999999999999112 ) ) ;
#1273 = PLANE ( 'NONE',  #1037 ) ;
#1274 = ORIENTED_EDGE ( 'NONE', *, *, #1255, .T. ) ;
#1275 = CIRCLE ( 'NONE', #710, 0.06250000000000001388 ) ;
#1276 = FACE_OUTER_BOUND ( 'NONE', #1283, .T. ) ;
#1277 = EDGE_CURVE ( 'NONE', #81, #893, #325, .T. ) ;
#1278 = VECTOR ( 'NONE', #1486, 39.37007874015748143 ) ;
#1279 = EDGE_CURVE ( 'NONE', #404, #774, #795, .T. ) ;
#1280 = VERTEX_POINT ( 'NONE', #207 ) ;
#1281 = CARTESIAN_POINT ( 'NONE',  ( 0.1937500000000011158, 0.6875000000000001110, 0.3499999999999999778 ) ) ;
#1282 = DIRECTION ( 'NONE',  ( -2.048885995248197660E-16, -1.000000000000000000, 0.000000000000000000 ) ) ;
#1283 = EDGE_LOOP ( 'NONE', ( #1442, #582, #1867, #44 ) ) ;
#1284 = LINE ( 'NONE', #251, #1559 ) ;
#1285 = CARTESIAN_POINT ( 'NONE',  ( 0.4362500000000008038, -1.125000000000000222, 0.6499999999999999112 ) ) ;
#1286 = AXIS2_PLACEMENT_3D ( 'NONE', #143, #1208, #1797 ) ;
#1287 = ORIENTED_EDGE ( 'NONE', *, *, #1335, .F. ) ;
#1288 = EDGE_CURVE ( 'NONE', #1952, #102, #513, .T. ) ;
#1289 = LINE ( 'NONE', #547, #820 ) ;
#1290 = AXIS2_PLACEMENT_3D ( 'NONE', #427, #244, #1466 ) ;
#1291 = DIRECTION ( 'NONE',  ( -1.000000000000000000, 0.000000000000000000, 0.000000000000000000 ) ) ;
#1292 = VERTEX_POINT ( 'NONE', #1832 ) ;
#1293 = DIRECTION ( 'NONE',  ( -0.000000000000000000, -0.000000000000000000, 1.000000000000000000 ) ) ;
#1294 = VERTEX_POINT ( 'NONE', #355 ) ;
#1295 = FACE_OUTER_BOUND ( 'NONE', #1682, .T. ) ;
#1296 = CARTESIAN_POINT ( 'NONE',  ( -0.6999999999999997335, 1.125000000000000000, 0.3499999999999999778 ) ) ;
#1297 = ORIENTED_EDGE ( 'NONE', *, *, #1193, .F. ) ;
#1298 = FACE_OUTER_BOUND ( 'NONE', #1616, .T. ) ;
#1299 = LINE ( 'NONE', #850, #1633 ) ;
#1300 = ORIENTED_EDGE ( 'NONE', *, *, #1596, .F. ) ;
#1301 = DIRECTION ( 'NONE',  ( 0.000000000000000000, -0.7071067811865474617, -0.7071067811865474617 ) ) ;
#1302 = EDGE_CURVE ( 'NONE', #896, #1785, #1084, .T. ) ;
#1303 = VERTEX_POINT ( 'NONE', #1839 ) ;
#1304 = DIRECTION ( 'NONE',  ( -0.000000000000000000, -0.000000000000000000, -1.000000000000000000 ) ) ;
#1305 = LINE ( 'NONE', #86, #1373 ) ;
#1306 = CIRCLE ( 'NONE', #964, 0.09375000000000019429 ) ;
#1307 = VECTOR ( 'NONE', #533, 39.37007874015748143 ) ;
#1308 = ORIENTED_EDGE ( 'NONE', *, *, #1730, .T. ) ;
#1309 = DIRECTION ( 'NONE',  ( 0.000000000000000000, -0.7071067811865474617, -0.7071067811865474617 ) ) ;
#1310 = ORIENTED_EDGE ( 'NONE', *, *, #506, .T. ) ;
#1311 = EDGE_CURVE ( 'NONE', #1888, #428, #822, .T. ) ;
#1312 = CARTESIAN_POINT ( 'NONE',  ( 0.4050000000000001377, -1.125000000000000000, 0.6187500000000005773 ) ) ;
#1313 = ORIENTED_EDGE ( 'NONE', *, *, #691, .F. ) ;
#1314 = DIRECTION ( 'NONE',  ( 0.000000000000000000, 0.000000000000000000, 1.000000000000000000 ) ) ;
#1315 = CARTESIAN_POINT ( 'NONE',  ( -0.9999999999999998890, 0.2750000000000001887, 0.3499999999999999778 ) ) ;
#1316 = VECTOR ( 'NONE', #565, 39.37007874015748143 ) ;
#1317 = VECTOR ( 'NONE', #1102, 39.37007874015748143 ) ;
#1318 = ORIENTED_EDGE ( 'NONE', *, *, #1709, .F. ) ;
#1319 = CARTESIAN_POINT ( 'NONE',  ( -0.6499999999999999112, -0.2749999999999998557, -0.1000000000000000194 ) ) ;
#1320 = LINE ( 'NONE', #187, #1851 ) ;
#1321 = AXIS2_PLACEMENT_3D ( 'NONE', #932, #1820, #1675 ) ;
#1322 = CARTESIAN_POINT ( 'NONE',  ( 0.1937500000000008382, -0.6875000000000001110, 0.3499999999999999778 ) ) ;
#1323 = ORIENTED_EDGE ( 'NONE', *, *, #484, .F. ) ;
#1324 = CARTESIAN_POINT ( 'NONE',  ( -0.4674999999999999156, -1.062500000000000000, 0.6499999999999999112 ) ) ;
#1325 = DIRECTION ( 'NONE',  ( -0.5773502691896257311, 0.5773502691896257311, -0.5773502691896257311 ) ) ;
#1326 = EDGE_CURVE ( 'NONE', #500, #1580, #961, .T. ) ;
#1327 = EDGE_CURVE ( 'NONE', #1575, #1793, #637, .T. ) ;
#1328 = VERTEX_POINT ( 'NONE', #482 ) ;
#1329 = CARTESIAN_POINT ( 'NONE',  ( 0.000000000000000000, 0.000000000000000000, 0.6499999999999999112 ) ) ;
#1330 = CARTESIAN_POINT ( 'NONE',  ( 0.5625000000000001110, -0.6875000000000001110, -0.05000000000000007910 ) ) ;
#1331 = CARTESIAN_POINT ( 'NONE',  ( 0.6250000000000001110, -0.3062499999999993561, 0.3499999999999999778 ) ) ;
#1332 = VERTEX_POINT ( 'NONE', #366 ) ;
#1333 = LINE ( 'NONE', #1919, #880 ) ;
#1334 = LINE ( 'NONE', #1479, #1852 ) ;
#1335 = EDGE_CURVE ( 'NONE', #1752, #431, #972, .T. ) ;
#1336 = FACE_OUTER_BOUND ( 'NONE', #1497, .T. ) ;
#1337 = ORIENTED_EDGE ( 'NONE', *, *, #728, .F. ) ;
#1338 = CARTESIAN_POINT ( 'NONE',  ( 0.000000000000000000, 1.156250000000000888, 0.6499999999999999112 ) ) ;
#1339 = ADVANCED_FACE ( 'NONE', ( #782 ), #655, .F. ) ;
#1340 = AXIS2_PLACEMENT_3D ( 'NONE', #216, #1097, #1397 ) ;
#1341 = ORIENTED_EDGE ( 'NONE', *, *, #1746, .F. ) ;
#1342 = VERTEX_POINT ( 'NONE', #40 ) ;
#1343 = DIRECTION ( 'NONE',  ( 0.000000000000000000, -0.000000000000000000, 1.000000000000000000 ) ) ;
#1344 = ORIENTED_EDGE ( 'NONE', *, *, #430, .T. ) ;
#1345 = CARTESIAN_POINT ( 'NONE',  ( 0.5625000000000001110, -0.6875000000000001110, -0.05000000000000007910 ) ) ;
#1346 = CARTESIAN_POINT ( 'NONE',  ( 0.4675000000000000822, 1.187500000000000000, 0.3499999999999999778 ) ) ;
#1347 = EDGE_CURVE ( 'NONE', #1589, #1370, #1387, .T. ) ;
#1348 = VERTEX_POINT ( 'NONE', #493 ) ;
#1349 = AXIS2_PLACEMENT_3D ( 'NONE', #1126, #1716, #226 ) ;
#1350 = DIRECTION ( 'NONE',  ( -0.000000000000000000, 0.000000000000000000, -1.000000000000000000 ) ) ;
#1351 = VERTEX_POINT ( 'NONE', #1847 ) ;
#1352 = CARTESIAN_POINT ( 'NONE',  ( -0.9999999999999996669, -1.499999999999999778, 0.3499999999999999778 ) ) ;
#1353 = CARTESIAN_POINT ( 'NONE',  ( 0.4675000000000000822, -1.187500000000000000, 0.6187500000000005773 ) ) ;
#1354 = PRESENTATION_LAYER_ASSIGNMENT (  '', '', ( #667 ) ) ;
#1355 = EDGE_LOOP ( 'NONE', ( #609, #266, #179, #292 ) ) ;
#1356 = AXIS2_PLACEMENT_3D ( 'NONE', #15, #911, #1492 ) ;
#1357 = CARTESIAN_POINT ( 'NONE',  ( 0.4362500000000006928, 1.125000000000000000, 0.6499999999999999112 ) ) ;
#1358 = PLANE ( 'NONE',  #1035 ) ;
#1359 = ORIENTED_EDGE ( 'NONE', *, *, #1118, .F. ) ;
#1360 = DIRECTION ( 'NONE',  ( 0.000000000000000000, 0.000000000000000000, -1.000000000000000000 ) ) ;
#1361 = ORIENTED_EDGE ( 'NONE', *, *, #419, .F. ) ;
#1362 = DIRECTION ( 'NONE',  ( -0.000000000000000000, -0.000000000000000000, 1.000000000000000000 ) ) ;
#1363 = EDGE_CURVE ( 'NONE', #1793, #1878, #434, .T. ) ;
#1364 = DIRECTION ( 'NONE',  ( 0.000000000000000000, -0.7071067811865474617, 0.7071067811865474617 ) ) ;
#1365 = VERTEX_POINT ( 'NONE', #647 ) ;
#1366 = EDGE_CURVE ( 'NONE', #1870, #1648, #1072, .T. ) ;
#1367 = CARTESIAN_POINT ( 'NONE',  ( 0.4050000000000000266, 1.187500000000000000, 0.6187500000000005773 ) ) ;
#1368 = DIRECTION ( 'NONE',  ( 0.000000000000000000, 0.000000000000000000, 1.000000000000000000 ) ) ;
#1369 = CARTESIAN_POINT ( 'NONE',  ( -0.4049999999999999156, -1.125000000000000000, 0.6499999999999999112 ) ) ;
#1370 = VERTEX_POINT ( 'NONE', #1686 ) ;
#1371 = CARTESIAN_POINT ( 'NONE',  ( 0.6250000000000001110, 0.6875000000000001110, 0.3187500000000006439 ) ) ;
#1372 = ORIENTED_EDGE ( 'NONE', *, *, #908, .T. ) ;
#1373 = VECTOR ( 'NONE', #1911, 39.37007874015748143 ) ;
#1374 = CARTESIAN_POINT ( 'NONE',  ( 0.4050000000000000266, -1.125000000000000222, 0.6499999999999999112 ) ) ;
#1375 = DIRECTION ( 'NONE',  ( 0.000000000000000000, -0.000000000000000000, 1.000000000000000000 ) ) ;
#1376 = AXIS2_PLACEMENT_3D ( 'NONE', #594, #1657, #423 ) ;
#1377 = EDGE_CURVE ( 'NONE', #404, #236, #1541, .T. ) ;
#1378 = ORIENTED_EDGE ( 'NONE', *, *, #1311, .F. ) ;
#1379 = CARTESIAN_POINT ( 'NONE',  ( 0.000000000000000000, 1.093749999999999334, 0.6499999999999999112 ) ) ;
#1380 = EDGE_CURVE ( 'NONE', #1878, #1294, #214, .T. ) ;
#1381 = CARTESIAN_POINT ( 'NONE',  ( 0.4050000000000000266, 1.125000000000000222, 0.6499999999999999112 ) ) ;
#1382 = EDGE_LOOP ( 'NONE', ( #99, #535, #435, #830 ) ) ;
#1383 = AXIS2_PLACEMENT_3D ( 'NONE', #799, #658, #1260 ) ;
#1384 = ORIENTED_EDGE ( 'NONE', *, *, #249, .F. ) ;
#1385 = CARTESIAN_POINT ( 'NONE',  ( -0.4049999999999999711, -1.125000000000000222, 0.6499999999999999112 ) ) ;
#1386 = AXIS2_PLACEMENT_3D ( 'NONE', #1129, #1138, #1591 ) ;
#1387 = LINE ( 'NONE', #1256, #817 ) ;
#1388 = ORIENTED_EDGE ( 'NONE', *, *, #614, .F. ) ;
#1389 = DIRECTION ( 'NONE',  ( 0.7071067811865483499, 0.000000000000000000, -0.7071067811865467956 ) ) ;
#1390 = PLANE ( 'NONE',  #465 ) ;
#1391 = EDGE_LOOP ( 'NONE', ( #714, #1783, #1836, #1103 ) ) ;
#1392 = ADVANCED_FACE ( 'NONE', ( #1696 ), #346, .T. ) ;
#1393 = ORIENTED_EDGE ( 'NONE', *, *, #1302, .T. ) ;
#1394 = DIRECTION ( 'NONE',  ( 1.000000000000000000, -0.000000000000000000, -0.000000000000000000 ) ) ;
#1395 = CARTESIAN_POINT ( 'NONE',  ( 0.4050000000000000266, 1.187500000000000000, 0.6187500000000005773 ) ) ;
#1396 = ORIENTED_EDGE ( 'NONE', *, *, #1170, .T. ) ;
#1397 = DIRECTION ( 'NONE',  ( 0.000000000000000000, 0.000000000000000000, -1.000000000000000000 ) ) ;
#1398 = DIRECTION ( 'NONE',  ( -0.000000000000000000, -0.000000000000000000, -1.000000000000000000 ) ) ;
#1399 = ADVANCED_FACE ( 'NONE', ( #1336 ), #1582, .T. ) ;
#1400 = EDGE_LOOP ( 'NONE', ( #1057, #935, #5, #1219 ) ) ;
#1401 = ADVANCED_FACE ( 'NONE', ( #438 ), #275, .F. ) ;
#1402 = SURFACE_STYLE_USAGE ( .BOTH. , #1565 ) ;
#1403 = CARTESIAN_POINT ( 'NONE',  ( 0.2875000000000004219, 0.7812499999999993339, 0.3499999999999999778 ) ) ;
#1404 = ORIENTED_EDGE ( 'NONE', *, *, #1247, .T. ) ;
#1405 = DIRECTION ( 'NONE',  ( 1.000000000000000000, 0.000000000000000000, 0.000000000000000000 ) ) ;
#1406 = DIRECTION ( 'NONE',  ( -1.000000000000000000, 0.000000000000000000, 0.000000000000000000 ) ) ;
#1407 = ADVANCED_FACE ( 'NONE', ( #1720 ), #1743, .T. ) ;
#1408 = ORIENTED_EDGE ( 'NONE', *, *, #1763, .T. ) ;
#1409 =( CONVERSION_BASED_UNIT ( 'INCH', #1555 ) LENGTH_UNIT ( ) NAMED_UNIT ( #1625 ) );
#1410 = CARTESIAN_POINT ( 'NONE',  ( -0.4049999999999999711, -1.125000000000000222, 0.6187500000000005773 ) ) ;
#1411 = AXIS2_PLACEMENT_3D ( 'NONE', #1650, #598, #296 ) ;
#1412 = ORIENTED_EDGE ( 'NONE', *, *, #1576, .T. ) ;
#1413 = CIRCLE ( 'NONE', #1877, 0.06250000000000001388 ) ;
#1414 = CARTESIAN_POINT ( 'NONE',  ( 0.6562499999999994449, -0.6875000000000001110, 0.3499999999999999778 ) ) ;
#1415 = CIRCLE ( 'NONE', #345, 0.09375000000000019429 ) ;
#1416 = VECTOR ( 'NONE', #1309, 39.37007874015748854 ) ;
#1417 = ORIENTED_EDGE ( 'NONE', *, *, #1798, .F. ) ;
#1418 = LINE ( 'NONE', #971, #756 ) ;
#1419 = DIRECTION ( 'NONE',  ( -0.000000000000000000, -0.000000000000000000, 1.000000000000000000 ) ) ;
#1420 = VERTEX_POINT ( 'NONE', #286 ) ;
#1421 = EDGE_CURVE ( 'NONE', #1878, #1772, #1427, .T. ) ;
#1422 = DIRECTION ( 'NONE',  ( 1.000000000000000000, 1.365923996832131609E-16, 0.000000000000000000 ) ) ;
#1423 = ADVANCED_FACE ( 'NONE', ( #531 ), #978, .T. ) ;
#1424 = DIRECTION ( 'NONE',  ( 0.7071067811865483499, 0.000000000000000000, 0.7071067811865467956 ) ) ;
#1425 = EDGE_LOOP ( 'NONE', ( #931, #1408, #529, #233 ) ) ;
#1426 = CARTESIAN_POINT ( 'NONE',  ( -0.4049999999999999711, -1.125000000000000222, 0.6499999999999999112 ) ) ;
#1427 = LINE ( 'NONE', #692, #528 ) ;
#1428 = VERTEX_POINT ( 'NONE', #1727 ) ;
#1429 = PLANE ( 'NONE',  #1181 ) ;
#1430 = PRODUCT_RELATED_PRODUCT_CATEGORY ( 'part', '', ( #98 ) ) ;
#1431 = VECTOR ( 'NONE', #1250, 39.37007874015748143 ) ;
#1432 = LINE ( 'NONE', #650, #718 ) ;
#1433 = VECTOR ( 'NONE', #1140, 39.37007874015748143 ) ;
#1434 = ORIENTED_EDGE ( 'NONE', *, *, #373, .F. ) ;
#1435 = FACE_OUTER_BOUND ( 'NONE', #271, .T. ) ;
#1436 = AXIS2_PLACEMENT_3D ( 'NONE', #726, #1630, #739 ) ;
#1437 = DIRECTION ( 'NONE',  ( -0.000000000000000000, -0.000000000000000000, -1.000000000000000000 ) ) ;
#1438 = ORIENTED_EDGE ( 'NONE', *, *, #1951, .F. ) ;
#1439 = FACE_OUTER_BOUND ( 'NONE', #1477, .T. ) ;
#1440 = FACE_OUTER_BOUND ( 'NONE', #599, .T. ) ;
#1441 = VECTOR ( 'NONE', #819, 39.37007874015748143 ) ;
#1442 = ORIENTED_EDGE ( 'NONE', *, *, #1476, .F. ) ;
#1443 = CARTESIAN_POINT ( 'NONE',  ( 0.4050000000000000266, -1.187500000000000000, 0.6499999999999999112 ) ) ;
#1444 = EDGE_CURVE ( 'NONE', #21, #834, #1299, .T. ) ;
#1445 = AXIS2_PLACEMENT_3D ( 'NONE', #1058, #1068, #901 ) ;
#1446 = DIRECTION ( 'NONE',  ( 0.000000000000000000, 0.000000000000000000, -1.000000000000000000 ) ) ;
#1447 = EDGE_LOOP ( 'NONE', ( #1665, #553, #1789, #570, #605, #956, #1412, #558, #1725, #1463 ) ) ;
#1448 = DIRECTION ( 'NONE',  ( -1.000000000000000000, 0.000000000000000000, 0.000000000000000000 ) ) ;
#1449 = DIRECTION ( 'NONE',  ( 1.000000000000000000, 0.000000000000000000, 0.000000000000000000 ) ) ;
#1450 = DIRECTION ( 'NONE',  ( 0.000000000000000000, 0.000000000000000000, -1.000000000000000000 ) ) ;
#1451 = ADVANCED_FACE ( 'NONE', ( #828 ), #1273, .F. ) ;
#1452 = EDGE_LOOP ( 'NONE', ( #194, #153, #546, #1943 ) ) ;
#1453 = CARTESIAN_POINT ( 'NONE',  ( -0.4049999999999999156, 1.062500000000000000, 0.6187500000000005773 ) ) ;
#1454 = ORIENTED_EDGE ( 'NONE', *, *, #1709, .T. ) ;
#1455 = CARTESIAN_POINT ( 'NONE',  ( 1.000000000000000222, 0.3062499999999993561, 0.3499999999999999778 ) ) ;
#1456 = EDGE_LOOP ( 'NONE', ( #445, #77, #163, #673 ) ) ;
#1457 = CARTESIAN_POINT ( 'NONE',  ( -0.4049999999999999711, -1.187500000000000000, 0.6187500000000005773 ) ) ;
#1458 = LINE ( 'NONE', #117, #854 ) ;
#1459 = CONICAL_SURFACE ( 'NONE', #1900, 0.09374999999999923672, 0.7853981633974473908 ) ;
#1460 = VECTOR ( 'NONE', #684, 39.37007874015748143 ) ;
#1461 = ORIENTED_EDGE ( 'NONE', *, *, #148, .F. ) ;
#1462 = LINE ( 'NONE', #1733, #1233 ) ;
#1463 = ORIENTED_EDGE ( 'NONE', *, *, #48, .T. ) ;
#1464 = CARTESIAN_POINT ( 'NONE',  ( -0.6999999999999997335, 1.125000000000000000, -0.1000000000000000194 ) ) ;
#1465 = DIRECTION ( 'NONE',  ( 0.000000000000000000, 1.000000000000000000, 0.000000000000000000 ) ) ;
#1466 = DIRECTION ( 'NONE',  ( 1.000000000000000000, 0.000000000000000000, 0.000000000000000000 ) ) ;
#1467 = VECTOR ( 'NONE', #1424, 39.37007874015748143 ) ;
#1468 = VECTOR ( 'NONE', #898, 39.37007874015748854 ) ;
#1469 = DIMENSIONAL_EXPONENTS ( 1.000000000000000000, 0.000000000000000000, 0.000000000000000000, 0.000000000000000000, 0.000000000000000000, 0.000000000000000000, 0.000000000000000000 ) ;
#1470 = ORIENTED_EDGE ( 'NONE', *, *, #397, .F. ) ;
#1471 = DIRECTION ( 'NONE',  ( -0.000000000000000000, -0.7071067811865475727, -0.7071067811865475727 ) ) ;
#1472 = LENGTH_MEASURE_WITH_UNIT ( LENGTH_MEASURE( 0.02539999999999999897 ), #1027 );
#1473 = EDGE_LOOP ( 'NONE', ( #3, #1658, #1766, #442 ) ) ;
#1474 = AXIS2_PLACEMENT_3D ( 'NONE', #538, #1773, #420 ) ;
#1475 = LINE ( 'NONE', #1062, #16 ) ;
#1476 = EDGE_CURVE ( 'NONE', #1772, #1589, #1817, .T. ) ;
#1477 = EDGE_LOOP ( 'NONE', ( #300, #1923, #451, #336 ) ) ;
#1478 = CARTESIAN_POINT ( 'NONE',  ( 0.6250000000000001110, 0.7500000000000001110, 0.3187500000000006439 ) ) ;
#1479 = CARTESIAN_POINT ( 'NONE',  ( 1.000000000000000222, -1.499999999999999778, 0.3499999999999999778 ) ) ;
#1480 = EDGE_CURVE ( 'NONE', #654, #635, #91, .T. ) ;
#1481 = FACE_OUTER_BOUND ( 'NONE', #1592, .T. ) ;
#1482 = ORIENTED_EDGE ( 'NONE', *, *, #874, .F. ) ;
#1483 = CARTESIAN_POINT ( 'NONE',  ( -0.9999999999999996669, 1.500000000000000222, 0.3499999999999999778 ) ) ;
#1484 = ORIENTED_EDGE ( 'NONE', *, *, #54, .T. ) ;
#1485 = CARTESIAN_POINT ( 'NONE',  ( 0.6250000000000001110, 0.2750000000000000222, 0.3187500000000006439 ) ) ;
#1486 = DIRECTION ( 'NONE',  ( 0.000000000000000000, 0.000000000000000000, -1.000000000000000000 ) ) ;
#1487 = ORIENTED_EDGE ( 'NONE', *, *, #1288, .T. ) ;
#1488 = EDGE_CURVE ( 'NONE', #1785, #1638, #126, .T. ) ;
#1489 = DIRECTION ( 'NONE',  ( -1.000000000000000000, 9.756599977372368637E-17, -0.000000000000000000 ) ) ;
#1490 = LINE ( 'NONE', #890, #629 ) ;
#1491 = EDGE_LOOP ( 'NONE', ( #255, #754, #1143, #591 ) ) ;
#1492 = DIRECTION ( 'NONE',  ( 1.000000000000000000, 0.000000000000000000, 0.000000000000000000 ) ) ;
#1493 = AXIS2_PLACEMENT_3D ( 'NONE', #984, #1293, #1577 ) ;
#1494 = ORIENTED_EDGE ( 'NONE', *, *, #899, .F. ) ;
#1495 = CARTESIAN_POINT ( 'NONE',  ( -0.6999999999999997335, 1.125000000000000000, -0.1000000000000000194 ) ) ;
#1496 = PLANE ( 'NONE',  #521 ) ;
#1497 = EDGE_LOOP ( 'NONE', ( #1706, #1863, #1548, #307 ) ) ;
#1498 = CARTESIAN_POINT ( 'NONE',  ( 0.2875000000000000888, -0.6875000000000001110, -0.05000000000000007910 ) ) ;
#1499 = LINE ( 'NONE', #340, #1104 ) ;
#1500 = ORIENTED_EDGE ( 'NONE', *, *, #200, .F. ) ;
#1501 = CIRCLE ( 'NONE', #659, 0.06250000000000001388 ) ;
#1502 = EDGE_CURVE ( 'NONE', #644, #1600, #1490, .T. ) ;
#1503 = CARTESIAN_POINT ( 'NONE',  ( -0.4049999999999999156, -1.125000000000000000, 0.6499999999999999112 ) ) ;
#1504 = EDGE_LOOP ( 'NONE', ( #62, #41, #1344, #737 ) ) ;
#1505 = ADVANCED_FACE ( 'NONE', ( #1481 ), #1845, .F. ) ;
#1506 = CARTESIAN_POINT ( 'NONE',  ( -0.4674999999999999156, 1.125000000000000000, 0.6499999999999999112 ) ) ;
#1507 = DIRECTION ( 'NONE',  ( 0.000000000000000000, 0.000000000000000000, -1.000000000000000000 ) ) ;
#1508 = AXIS2_PLACEMENT_3D ( 'NONE', #100, #399, #78 ) ;
#1509 = ORIENTED_EDGE ( 'NONE', *, *, #258, .F. ) ;
#1510 = VECTOR ( 'NONE', #761, 39.37007874015748143 ) ;
#1511 = FACE_BOUND ( 'NONE', #987, .T. ) ;
#1512 = DIRECTION ( 'NONE',  ( -0.000000000000000000, -0.000000000000000000, 1.000000000000000000 ) ) ;
#1513 = AXIS2_PLACEMENT_3D ( 'NONE', #18, #1831, #1656 ) ;
#1514 = ORIENTED_EDGE ( 'NONE', *, *, #1798, .T. ) ;
#1515 = CYLINDRICAL_SURFACE ( 'NONE', #1199, 0.06249999999999995143 ) ;
#1516 = EDGE_CURVE ( 'NONE', #1517, #144, #375, .T. ) ;
#1517 = VERTEX_POINT ( 'NONE', #1782 ) ;
#1518 = DIRECTION ( 'NONE',  ( -1.000000000000000000, 9.756599977372368637E-17, 0.000000000000000000 ) ) ;
#1519 = CARTESIAN_POINT ( 'NONE',  ( -0.4049999999999999711, 1.187500000000000000, 0.6187500000000005773 ) ) ;
#1520 = EDGE_CURVE ( 'NONE', #696, #774, #681, .T. ) ;
#1521 = EDGE_LOOP ( 'NONE', ( #1688, #708, #760, #1148, #1393, #749, #1361, #1434, #1172, #1514 ) ) ;
#1522 = LINE ( 'NONE', #1367, #869 ) ;
#1523 = FACE_OUTER_BOUND ( 'NONE', #222, .T. ) ;
#1524 = DIRECTION ( 'NONE',  ( -0.000000000000000000, -0.000000000000000000, 1.000000000000000000 ) ) ;
#1525 = ORIENTED_EDGE ( 'NONE', *, *, #833, .T. ) ;
#1526 = VERTEX_POINT ( 'NONE', #1574 ) ;
#1527 = CIRCLE ( 'NONE', #1619, 0.09375000000000019429 ) ;
#1528 = DIRECTION ( 'NONE',  ( -0.000000000000000000, -0.000000000000000000, 1.000000000000000000 ) ) ;
#1529 = CARTESIAN_POINT ( 'NONE',  ( 1.000000000000000222, -0.2750000000000000222, -0.05000000000000007910 ) ) ;
#1530 = VECTOR ( 'NONE', #291, 39.37007874015748143 ) ;
#1531 = ORIENTED_EDGE ( 'NONE', *, *, #373, .T. ) ;
#1532 = CARTESIAN_POINT ( 'NONE',  ( 1.000000000000000222, -0.2750000000000000222, -0.05000000000000007910 ) ) ;
#1533 = FACE_BOUND ( 'NONE', #796, .T. ) ;
#1534 = EDGE_CURVE ( 'NONE', #236, #696, #79, .T. ) ;
#1535 = DIRECTION ( 'NONE',  ( 0.000000000000000000, 0.000000000000000000, -1.000000000000000000 ) ) ;
#1536 = ORIENTED_EDGE ( 'NONE', *, *, #1596, .T. ) ;
#1537 = AXIS2_PLACEMENT_3D ( 'NONE', #1176, #856, #1767 ) ;
#1538 = ORIENTED_EDGE ( 'NONE', *, *, #1023, .T. ) ;
#1539 = FACE_OUTER_BOUND ( 'NONE', #1163, .T. ) ;
#1540 = AXIS2_PLACEMENT_3D ( 'NONE', #1410, #1705, #55 ) ;
#1541 = LINE ( 'NONE', #662, #211 ) ;
#1542 = EDGE_LOOP ( 'NONE', ( #1139, #867, #769, #1645 ) ) ;
#1543 = PLANE ( 'NONE',  #581 ) ;
#1544 = EDGE_CURVE ( 'NONE', #1111, #1038, #1413, .T. ) ;
#1545 = VECTOR ( 'NONE', #1944, 39.37007874015748143 ) ;
#1546 = CARTESIAN_POINT ( 'NONE',  ( 0.6250000000000001110, 0.6875000000000000000, -0.05000000000000007910 ) ) ;
#1547 = LINE ( 'NONE', #342, #1026 ) ;
#1548 = ORIENTED_EDGE ( 'NONE', *, *, #845, .T. ) ;
#1549 = DIRECTION ( 'NONE',  ( -1.000000000000000000, 0.000000000000000000, 0.000000000000000000 ) ) ;
#1550 = DIRECTION ( 'NONE',  ( 1.000000000000000000, 9.756599977372370609E-16, -0.000000000000000000 ) ) ;
#1551 = ORIENTED_EDGE ( 'NONE', *, *, #1710, .T. ) ;
#1552 = EDGE_CURVE ( 'NONE', #320, #236, #1088, .T. ) ;
#1553 = DIRECTION ( 'NONE',  ( 0.000000000000000000, 0.000000000000000000, 1.000000000000000000 ) ) ;
#1554 = ORIENTED_EDGE ( 'NONE', *, *, #37, .F. ) ;
#1555 = LENGTH_MEASURE_WITH_UNIT ( LENGTH_MEASURE( 0.02539999999999999897 ), #1254 );
#1556 = CARTESIAN_POINT ( 'NONE',  ( 0.2250000000000001166, -0.7500000000000001110, -0.05000000000000007910 ) ) ;
#1557 = AXIS2_PLACEMENT_3D ( 'NONE', #745, #1368, #11 ) ;
#1558 = ORIENTED_EDGE ( 'NONE', *, *, #1134, .T. ) ;
#1559 = VECTOR ( 'NONE', #1448, 39.37007874015748143 ) ;
#1560 = DIRECTION ( 'NONE',  ( 1.000000000000000000, 0.000000000000000000, 0.000000000000000000 ) ) ;
#1561 = DIRECTION ( 'NONE',  ( 0.000000000000000000, 0.000000000000000000, -1.000000000000000000 ) ) ;
#1562 = FACE_OUTER_BOUND ( 'NONE', #69, .T. ) ;
#1563 = EDGE_CURVE ( 'NONE', #883, #900, #1499, .T. ) ;
#1564 = VERTEX_POINT ( 'NONE', #35 ) ;
#1565 = SURFACE_SIDE_STYLE ('',( #671 ) ) ;
#1566 = DIRECTION ( 'NONE',  ( 0.000000000000000000, 0.000000000000000000, 1.000000000000000000 ) ) ;
#1567 = CIRCLE ( 'NONE', #1661, 0.06249999999999995143 ) ;
#1568 = EDGE_CURVE ( 'NONE', #212, #717, #1201, .T. ) ;
#1569 = VERTEX_POINT ( 'NONE', #1234 ) ;
#1570 = AXIS2_PLACEMENT_3D ( 'NONE', #221, #1634, #1282 ) ;
#1571 = FACE_OUTER_BOUND ( 'NONE', #1819, .T. ) ;
#1572 = CARTESIAN_POINT ( 'NONE',  ( -0.9999999999999996669, 1.500000000000000222, -0.1000000000000000056 ) ) ;
#1573 = ORIENTED_EDGE ( 'NONE', *, *, #1830, .T. ) ;
#1574 = CARTESIAN_POINT ( 'NONE',  ( 0.2250000000000004219, 0.6875000000000001110, 0.3187500000000006439 ) ) ;
#1575 = VERTEX_POINT ( 'NONE', #1942 ) ;
#1576 = EDGE_CURVE ( 'NONE', #1569, #73, #1679, .T. ) ;
#1577 = DIRECTION ( 'NONE',  ( -1.000000000000000000, 0.000000000000000000, 0.000000000000000000 ) ) ;
#1578 = DIRECTION ( 'NONE',  ( 1.000000000000000000, 0.000000000000000000, 0.000000000000000000 ) ) ;
#1579 = PRODUCT_DEFINITION_SHAPE ( 'NONE', 'NONE',  #821 ) ;
#1580 = VERTEX_POINT ( 'NONE', #1546 ) ;
#1581 = DIRECTION ( 'NONE',  ( 0.000000000000000000, -1.000000000000000000, 0.000000000000000000 ) ) ;
#1582 = CYLINDRICAL_SURFACE ( 'NONE', #1386, 0.06250000000000001388 ) ;
#1583 = ORIENTED_EDGE ( 'NONE', *, *, #249, .T. ) ;
#1584 = LINE ( 'NONE', #873, #332 ) ;
#1585 = ORIENTED_EDGE ( 'NONE', *, *, #1717, .F. ) ;
#1586 = CIRCLE ( 'NONE', #519, 0.06250000000000001388 ) ;
#1587 = DIRECTION ( 'NONE',  ( 0.000000000000000000, 1.000000000000000000, -0.000000000000000000 ) ) ;
#1588 = ADVANCED_FACE ( 'NONE', ( #1803 ), #1792, .F. ) ;
#1589 = VERTEX_POINT ( 'NONE', #1826 ) ;
#1590 = DIRECTION ( 'NONE',  ( 0.000000000000000000, 0.000000000000000000, -1.000000000000000000 ) ) ;
#1591 = DIRECTION ( 'NONE',  ( -1.000000000000000000, 0.000000000000000000, 0.000000000000000000 ) ) ;
#1592 = EDGE_LOOP ( 'NONE', ( #664, #537, #1873, #1777 ) ) ;
#1593 = CARTESIAN_POINT ( 'NONE',  ( 0.6250000000000001110, -0.7500000000000001110, -0.05000000000000007910 ) ) ;
#1594 = VECTOR ( 'NONE', #1553, 39.37007874015748143 ) ;
#1595 = DIRECTION ( 'NONE',  ( -0.000000000000000000, -0.000000000000000000, 1.000000000000000000 ) ) ;
#1596 = EDGE_CURVE ( 'NONE', #717, #1903, #448, .T. ) ;
#1597 = DIRECTION ( 'NONE',  ( 1.000000000000000000, 0.000000000000000000, 0.000000000000000000 ) ) ;
#1598 = EDGE_CURVE ( 'NONE', #1111, #1648, #757, .T. ) ;
#1599 = VECTOR ( 'NONE', #176, 39.37007874015748143 ) ;
#1600 = VERTEX_POINT ( 'NONE', #630 ) ;
#1601 = DIRECTION ( 'NONE',  ( -0.000000000000000000, 0.000000000000000000, 1.000000000000000000 ) ) ;
#1602 = AXIS2_PLACEMENT_3D ( 'NONE', #162, #1047, #1784 ) ;
#1603 = LINE ( 'NONE', #1485, #359 ) ;
#1604 = CARTESIAN_POINT ( 'NONE',  ( 1.000000000000000222, -1.499999999999999778, -0.1000000000000000056 ) ) ;
#1605 = VECTOR ( 'NONE', #452, 39.37007874015748143 ) ;
#1606 = EDGE_LOOP ( 'NONE', ( #480, #1461, #1067, #1384 ) ) ;
#1607 = CARTESIAN_POINT ( 'NONE',  ( -0.4049999999999999711, 1.187500000000000000, 0.6187500000000005773 ) ) ;
#1608 = CARTESIAN_POINT ( 'NONE',  ( 0.2250000000000004219, 0.6875000000000001110, 0.3499999999999999778 ) ) ;
#1609 = VERTEX_POINT ( 'NONE', #459 ) ;
#1610 = ADVANCED_FACE ( 'NONE', ( #306 ), #1358, .T. ) ;
#1611 = DIRECTION ( 'NONE',  ( 1.000000000000000000, 0.000000000000000000, 0.000000000000000000 ) ) ;
#1612 = CARTESIAN_POINT ( 'NONE',  ( 0.000000000000000000, 0.000000000000000000, 0.000000000000000000 ) ) ;
#1613 = LINE ( 'NONE', #402, #218 ) ;
#1614 = CARTESIAN_POINT ( 'NONE',  ( -0.4049999999999999156, 1.062500000000000000, 0.3499999999999999778 ) ) ;
#1615 = AXIS2_PLACEMENT_3D ( 'NONE', #1330, #998, #872 ) ;
#1616 = EDGE_LOOP ( 'NONE', ( #1918, #863, #1341, #1934 ) ) ;
#1617 = CARTESIAN_POINT ( 'NONE',  ( 0.4050000000000000266, 1.125000000000000000, 0.6499999999999999112 ) ) ;
#1618 = DIRECTION ( 'NONE',  ( 1.000000000000000000, 0.000000000000000000, 0.000000000000000000 ) ) ;
#1619 = AXIS2_PLACEMENT_3D ( 'NONE', #735, #878, #1597 ) ;
#1620 = AXIS2_PLACEMENT_3D ( 'NONE', #1312, #571, #1765 ) ;
#1621 = ORIENTED_EDGE ( 'NONE', *, *, #204, .F. ) ;
#1622 = CARTESIAN_POINT ( 'NONE',  ( 0.000000000000000000, -1.093749999999999334, 0.6499999999999999112 ) ) ;
#1623 = ADVANCED_FACE ( 'NONE', ( #608 ), #1390, .F. ) ;
#1624 = ORIENTED_EDGE ( 'NONE', *, *, #1134, .F. ) ;
#1625 = DIMENSIONAL_EXPONENTS ( 1.000000000000000000, 0.000000000000000000, 0.000000000000000000, 0.000000000000000000, 0.000000000000000000, 0.000000000000000000, 0.000000000000000000 ) ;
#1626 = AXIS2_PLACEMENT_3D ( 'NONE', #544, #1739, #1449 ) ;
#1627 = CARTESIAN_POINT ( 'NONE',  ( 0.6250000000000001110, -0.2750000000000000222, 0.3187500000000006439 ) ) ;
#1628 = ADVANCED_FACE ( 'NONE', ( #929 ), #768, .T. ) ;
#1629 = ORIENTED_EDGE ( 'NONE', *, *, #1920, .T. ) ;
#1630 = DIRECTION ( 'NONE',  ( 0.000000000000000000, 0.000000000000000000, -1.000000000000000000 ) ) ;
#1631 = CARTESIAN_POINT ( 'NONE',  ( 0.2875000000000004219, 0.6875000000000001110, 0.3499999999999999778 ) ) ;
#1632 = AXIS2_PLACEMENT_3D ( 'NONE', #510, #1117, #43 ) ;
#1633 = VECTOR ( 'NONE', #229, 39.37007874015748143 ) ;
#1634 = DIRECTION ( 'NONE',  ( -1.000000000000000000, 2.048885995248197660E-16, 0.000000000000000000 ) ) ;
#1635 = ORIENTED_EDGE ( 'NONE', *, *, #446, .F. ) ;
#1636 = CARTESIAN_POINT ( 'NONE',  ( 1.000000000000000222, 0.2750000000000000222, 0.3187500000000006439 ) ) ;
#1637 = ORIENTED_EDGE ( 'NONE', *, *, #1125, .F. ) ;
#1638 = VERTEX_POINT ( 'NONE', #1222 ) ;
#1639 = DIRECTION ( 'NONE',  ( -0.000000000000000000, -0.000000000000000000, 1.000000000000000000 ) ) ;
#1640 = DIRECTION ( 'NONE',  ( 0.000000000000000000, -0.7071067811865474617, 0.7071067811865474617 ) ) ;
#1641 = DIRECTION ( 'NONE',  ( 0.000000000000000000, 0.000000000000000000, -1.000000000000000000 ) ) ;
#1642 = DIRECTION ( 'NONE',  ( -1.000000000000000000, 0.000000000000000000, 0.000000000000000000 ) ) ;
#1643 = ORIENTED_EDGE ( 'NONE', *, *, #1563, .T. ) ;
#1644 = LINE ( 'NONE', #461, #1882 ) ;
#1645 = ORIENTED_EDGE ( 'NONE', *, *, #1170, .F. ) ;
#1646 = DIRECTION ( 'NONE',  ( -0.000000000000000000, 0.000000000000000000, 1.000000000000000000 ) ) ;
#1647 = LINE ( 'NONE', #604, #1530 ) ;
#1648 = VERTEX_POINT ( 'NONE', #1813 ) ;
#1649 = DIRECTION ( 'NONE',  ( 1.000000000000000000, 0.000000000000000000, 0.000000000000000000 ) ) ;
#1650 = CARTESIAN_POINT ( 'NONE',  ( 0.6250000000000001110, -0.2750000000000000222, -0.05000000000000007910 ) ) ;
#1651 = EDGE_CURVE ( 'NONE', #1564, #236, #561, .T. ) ;
#1652 = VERTEX_POINT ( 'NONE', #941 ) ;
#1653 = DIRECTION ( 'NONE',  ( 1.000000000000000000, 0.000000000000000000, 0.000000000000000000 ) ) ;
#1654 = VECTOR ( 'NONE', #191, 39.37007874015748143 ) ;
#1655 = ORIENTED_EDGE ( 'NONE', *, *, #246, .T. ) ;
#1656 = DIRECTION ( 'NONE',  ( 0.000000000000000000, -0.000000000000000000, -1.000000000000000000 ) ) ;
#1657 = DIRECTION ( 'NONE',  ( -0.000000000000000000, 0.000000000000000000, 1.000000000000000000 ) ) ;
#1658 = ORIENTED_EDGE ( 'NONE', *, *, #1105, .F. ) ;
#1659 = CARTESIAN_POINT ( 'NONE',  ( 1.000000000000000222, -0.2750000000000000222, 0.3187500000000006439 ) ) ;
#1660 = DIRECTION ( 'NONE',  ( -0.000000000000000000, -0.000000000000000000, 1.000000000000000000 ) ) ;
#1661 = AXIS2_PLACEMENT_3D ( 'NONE', #816, #1398, #1723 ) ;
#1662 = EDGE_LOOP ( 'NONE', ( #175, #1677, #1470, #392 ) ) ;
#1663 = VECTOR ( 'NONE', #335, 39.37007874015748143 ) ;
#1664 = CARTESIAN_POINT ( 'NONE',  ( 1.000000000000000222, 0.2750000000000000222, -0.05000000000000007910 ) ) ;
#1665 = ORIENTED_EDGE ( 'NONE', *, *, #1327, .T. ) ;
#1666 = CYLINDRICAL_SURFACE ( 'NONE', #1751, 0.09375000000000019429 ) ;
#1667 = CARTESIAN_POINT ( 'NONE',  ( -0.9999999999999998890, -0.2750000000000001887, -0.1000000000000000194 ) ) ;
#1668 = VECTOR ( 'NONE', #1394, 39.37007874015748143 ) ;
#1669 = ORIENTED_EDGE ( 'NONE', *, *, #645, .T. ) ;
#1670 = DIRECTION ( 'NONE',  ( 0.000000000000000000, 0.000000000000000000, 1.000000000000000000 ) ) ;
#1671 = FACE_OUTER_BOUND ( 'NONE', #1447, .T. ) ;
#1672 = ORIENTED_EDGE ( 'NONE', *, *, #23, .F. ) ;
#1673 = LINE ( 'NONE', #1794, #155 ) ;
#1674 = ORIENTED_EDGE ( 'NONE', *, *, #382, .T. ) ;
#1675 = DIRECTION ( 'NONE',  ( 1.000000000000000000, 0.000000000000000000, 0.000000000000000000 ) ) ;
#1676 = CARTESIAN_POINT ( 'NONE',  ( 0.6250000000000001110, 0.6875000000000001110, -0.05000000000000007910 ) ) ;
#1677 = ORIENTED_EDGE ( 'NONE', *, *, #970, .F. ) ;
#1678 = PLANE ( 'NONE',  #1683 ) ;
#1679 = LINE ( 'NONE', #1692, #1190 ) ;
#1680 = ORIENTED_EDGE ( 'NONE', *, *, #858, .T. ) ;
#1681 = LINE ( 'NONE', #653, #488 ) ;
#1682 = EDGE_LOOP ( 'NONE', ( #1274, #1764, #227, #859 ) ) ;
#1683 = AXIS2_PLACEMENT_3D ( 'NONE', #1379, #628, #294 ) ;
#1684 = DIRECTION ( 'NONE',  ( 0.000000000000000000, -0.7071067811865474617, 0.7071067811865474617 ) ) ;
#1685 = ADVANCED_FACE ( 'NONE', ( #1242, #1077, #1671 ), #319, .T. ) ;
#1686 = CARTESIAN_POINT ( 'NONE',  ( -0.7124999999999998002, 0.2750000000000001887, 0.3499999999999999778 ) ) ;
#1687 = VECTOR ( 'NONE', #1745, 39.37007874015748143 ) ;
#1688 = ORIENTED_EDGE ( 'NONE', *, *, #554, .F. ) ;
#1689 = ADVANCED_FACE ( 'NONE', ( #779 ), #790, .T. ) ;
#1690 = DIRECTION ( 'NONE',  ( -0.000000000000000000, -0.000000000000000000, 1.000000000000000000 ) ) ;
#1691 = CIRCLE ( 'NONE', #1436, 0.06250000000000001388 ) ;
#1692 = CARTESIAN_POINT ( 'NONE',  ( -0.9999999999999996669, 1.500000000000000222, -0.1000000000000000056 ) ) ;
#1693 = VECTOR ( 'NONE', #986, 39.37007874015748143 ) ;
#1694 = ORIENTED_EDGE ( 'NONE', *, *, #322, .T. ) ;
#1695 = DIRECTION ( 'NONE',  ( 0.000000000000000000, 0.000000000000000000, -1.000000000000000000 ) ) ;
#1696 = FACE_OUTER_BOUND ( 'NONE', #1491, .T. ) ;
#1697 = EDGE_CURVE ( 'NONE', #1569, #431, #1099, .T. ) ;
#1698 = ORIENTED_EDGE ( 'NONE', *, *, #1089, .F. ) ;
#1699 = FACE_OUTER_BOUND ( 'NONE', #303, .T. ) ;
#1700 = VECTOR ( 'NONE', #1007, 39.37007874015748143 ) ;
#1701 = AXIS2_PLACEMENT_3D ( 'NONE', #556, #408, #1892 ) ;
#1702 = DIRECTION ( 'NONE',  ( 0.000000000000000000, 0.000000000000000000, -1.000000000000000000 ) ) ;
#1703 = ORIENTED_EDGE ( 'NONE', *, *, #283, .T. ) ;
#1704 = DIRECTION ( 'NONE',  ( -0.000000000000000000, -0.000000000000000000, 1.000000000000000000 ) ) ;
#1705 = DIRECTION ( 'NONE',  ( 0.000000000000000000, 0.000000000000000000, -1.000000000000000000 ) ) ;
#1706 = ORIENTED_EDGE ( 'NONE', *, *, #1875, .F. ) ;
#1707 = CARTESIAN_POINT ( 'NONE',  ( 0.6250000000000001110, -0.6875000000000001110, 0.3187500000000006439 ) ) ;
#1708 = LINE ( 'NONE', #835, #1467 ) ;
#1709 = EDGE_CURVE ( 'NONE', #1848, #729, #807, .T. ) ;
#1710 = EDGE_CURVE ( 'NONE', #144, #1280, #25, .T. ) ;
#1711 = ORIENTED_EDGE ( 'NONE', *, *, #148, .T. ) ;
#1712 = CARTESIAN_POINT ( 'NONE',  ( -0.6499999999999999112, -0.2749999999999998557, -0.1000000000000000194 ) ) ;
#1713 = VECTOR ( 'NONE', #1489, 39.37007874015748143 ) ;
#1714 = ORIENTED_EDGE ( 'NONE', *, *, #223, .F. ) ;
#1715 = VECTOR ( 'NONE', #103, 39.37007874015748143 ) ;
#1716 = DIRECTION ( 'NONE',  ( 0.000000000000000000, 0.000000000000000000, -1.000000000000000000 ) ) ;
#1717 = EDGE_CURVE ( 'NONE', #1294, #38, #1567, .T. ) ;
#1718 = ORIENTED_EDGE ( 'NONE', *, *, #1023, .F. ) ;
#1719 = EDGE_CURVE ( 'NONE', #568, #511, #379, .T. ) ;
#1720 = FACE_OUTER_BOUND ( 'NONE', #916, .T. ) ;
#1721 = ORIENTED_EDGE ( 'NONE', *, *, #1872, .T. ) ;
#1722 = CARTESIAN_POINT ( 'NONE',  ( -0.9999999999999996669, -1.499999999999999778, -0.1000000000000000056 ) ) ;
#1723 = DIRECTION ( 'NONE',  ( 1.000000000000000000, 0.000000000000000000, 0.000000000000000000 ) ) ;
#1724 = VECTOR ( 'NONE', #1049, 39.37007874015748143 ) ;
#1725 = ORIENTED_EDGE ( 'NONE', *, *, #506, .F. ) ;
#1726 = LINE ( 'NONE', #1281, #1945 ) ;
#1727 = CARTESIAN_POINT ( 'NONE',  ( 0.5625000000000001110, -0.7812499999999993339, 0.3499999999999999778 ) ) ;
#1728 = ORIENTED_EDGE ( 'NONE', *, *, #1935, .T. ) ;
#1729 = DIRECTION ( 'NONE',  ( 1.000000000000000000, 0.000000000000000000, 0.000000000000000000 ) ) ;
#1730 = EDGE_CURVE ( 'NONE', #823, #900, #183, .T. ) ;
#1731 = DIRECTION ( 'NONE',  ( 0.000000000000000000, 0.000000000000000000, 1.000000000000000000 ) ) ;
#1732 = ORIENTED_EDGE ( 'NONE', *, *, #1267, .F. ) ;
#1733 = CARTESIAN_POINT ( 'NONE',  ( 1.000000000000000222, -1.499999999999999778, -0.1000000000000000056 ) ) ;
#1734 = DIRECTION ( 'NONE',  ( 1.000000000000000000, 0.000000000000000000, 0.000000000000000000 ) ) ;
#1735 = ORIENTED_EDGE ( 'NONE', *, *, #272, .F. ) ;
#1736 = EDGE_CURVE ( 'NONE', #1215, #621, #1432, .T. ) ;
#1737 = DIRECTION ( 'NONE',  ( 0.000000000000000000, 0.000000000000000000, 1.000000000000000000 ) ) ;
#1738 = CIRCLE ( 'NONE', #1096, 0.06250000000000001388 ) ;
#1739 = DIRECTION ( 'NONE',  ( -0.000000000000000000, -0.000000000000000000, -1.000000000000000000 ) ) ;
#1740 = CARTESIAN_POINT ( 'NONE',  ( 1.000000000000000222, 0.2750000000000000222, 0.3187500000000006439 ) ) ;
#1741 = ORIENTED_EDGE ( 'NONE', *, *, #824, .T. ) ;
#1742 = CARTESIAN_POINT ( 'NONE',  ( 0.4050000000000000266, 1.125000000000000222, 0.6499999999999999112 ) ) ;
#1743 = PLANE ( 'NONE',  #720 ) ;
#1744 = DIRECTION ( 'NONE',  ( -1.000000000000000000, 0.000000000000000000, 0.000000000000000000 ) ) ;
#1745 = DIRECTION ( 'NONE',  ( -0.000000000000000000, -0.000000000000000000, 1.000000000000000000 ) ) ;
#1746 = EDGE_CURVE ( 'NONE', #1428, #696, #1881, .T. ) ;
#1747 = VECTOR ( 'NONE', #1871, 39.37007874015748854 ) ;
#1748 = ORIENTED_EDGE ( 'NONE', *, *, #326, .T. ) ;
#1749 = CARTESIAN_POINT ( 'NONE',  ( -0.4049999999999999711, -1.156250000000000888, 0.6499999999999999112 ) ) ;
#1750 = LINE ( 'NONE', #274, #651 ) ;
#1751 = AXIS2_PLACEMENT_3D ( 'NONE', #925, #313, #1838 ) ;
#1752 = VERTEX_POINT ( 'NONE', #994 ) ;
#1753 = DIRECTION ( 'NONE',  ( 1.000000000000000000, 0.000000000000000000, 0.000000000000000000 ) ) ;
#1754 = CIRCLE ( 'NONE', #920, 0.09374999999999923672 ) ;
#1755 = CARTESIAN_POINT ( 'NONE',  ( 1.000000000000000222, 1.500000000000000444, -0.1000000000000000056 ) ) ;
#1756 = PLANE ( 'NONE',  #711 ) ;
#1757 = ORIENTED_EDGE ( 'NONE', *, *, #419, .T. ) ;
#1758 = CARTESIAN_POINT ( 'NONE',  ( 0.4362500000000008038, -1.125000000000000222, 0.6499999999999999112 ) ) ;
#1759 = FACE_OUTER_BOUND ( 'NONE', #1039, .T. ) ;
#1760 = ADVANCED_FACE ( 'NONE', ( #977 ), #370, .T. ) ;
#1761 = EDGE_LOOP ( 'NONE', ( #1323, #440, #1795, #1855 ) ) ;
#1762 = CARTESIAN_POINT ( 'NONE',  ( 0.2875000000000000888, -0.7812499999999993339, 0.3499999999999999778 ) ) ;
#1763 = EDGE_CURVE ( 'NONE', #729, #660, #627, .T. ) ;
#1764 = ORIENTED_EDGE ( 'NONE', *, *, #178, .T. ) ;
#1765 = DIRECTION ( 'NONE',  ( -1.000000000000000000, 0.000000000000000000, 0.000000000000000000 ) ) ;
#1766 = ORIENTED_EDGE ( 'NONE', *, *, #165, .F. ) ;
#1767 = DIRECTION ( 'NONE',  ( 1.000000000000000000, 0.000000000000000000, 0.000000000000000000 ) ) ;
#1768 = CARTESIAN_POINT ( 'NONE',  ( -0.4049999999999999156, 1.125000000000000222, 0.6499999999999999112 ) ) ;
#1769 = AXIS2_PLACEMENT_3D ( 'NONE', #1859, #209, #947 ) ;
#1770 = VECTOR ( 'NONE', #573, 39.37007874015748143 ) ;
#1771 = EDGE_CURVE ( 'NONE', #995, #81, #1251, .T. ) ;
#1772 = VERTEX_POINT ( 'NONE', #210 ) ;
#1773 = DIRECTION ( 'NONE',  ( -0.000000000000000000, 0.000000000000000000, -1.000000000000000000 ) ) ;
#1774 = EDGE_CURVE ( 'NONE', #1648, #1652, #1708, .T. ) ;
#1775 = CARTESIAN_POINT ( 'NONE',  ( -0.4049999999999999156, 1.125000000000000222, 0.3499999999999999778 ) ) ;
#1776 = FACE_OUTER_BOUND ( 'NONE', #119, .T. ) ;
#1777 = ORIENTED_EDGE ( 'NONE', *, *, #1860, .F. ) ;
#1778 = DIRECTION ( 'NONE',  ( 0.000000000000000000, -0.000000000000000000, -1.000000000000000000 ) ) ;
#1779 = DIRECTION ( 'NONE',  ( 1.000000000000000000, 0.000000000000000000, 0.000000000000000000 ) ) ;
#1780 = CIRCLE ( 'NONE', #305, 0.06250000000000001388 ) ;
#1781 = VECTOR ( 'NONE', #1265, 39.37007874015748143 ) ;
#1782 = CARTESIAN_POINT ( 'NONE',  ( -0.4674999999999999156, 1.125000000000000000, 0.6187500000000005773 ) ) ;
#1783 = ORIENTED_EDGE ( 'NONE', *, *, #1534, .T. ) ;
#1784 = DIRECTION ( 'NONE',  ( 1.000000000000000000, 0.000000000000000000, 0.000000000000000000 ) ) ;
#1785 = VERTEX_POINT ( 'NONE', #1843 ) ;
#1786 = LINE ( 'NONE', #6, #1724 ) ;
#1787 = CIRCLE ( 'NONE', #1602, 0.06250000000000001388 ) ;
#1788 = CARTESIAN_POINT ( 'NONE',  ( 0.4675000000000000822, 1.125000000000000222, 0.3499999999999999778 ) ) ;
#1789 = ORIENTED_EDGE ( 'NONE', *, *, #1421, .T. ) ;
#1790 = ADVANCED_FACE ( 'NONE', ( #76 ), #67, .T. ) ;
#1791 = CYLINDRICAL_SURFACE ( 'NONE', #743, 0.06249999999999997918 ) ;
#1792 = PLANE ( 'NONE',  #1411 ) ;
#1793 = VERTEX_POINT ( 'NONE', #957 ) ;
#1794 = CARTESIAN_POINT ( 'NONE',  ( -0.4049999999999999711, -1.156250000000000888, 0.6499999999999999112 ) ) ;
#1795 = ORIENTED_EDGE ( 'NONE', *, *, #1193, .T. ) ;
#1796 = LINE ( 'NONE', #154, #1014 ) ;
#1797 = DIRECTION ( 'NONE',  ( 1.000000000000000000, 0.000000000000000000, 0.000000000000000000 ) ) ;
#1798 = EDGE_CURVE ( 'NONE', #73, #1752, #387, .T. ) ;
#1799 = ORIENTED_EDGE ( 'NONE', *, *, #272, .T. ) ;
#1800 = CIRCLE ( 'NONE', #10, 0.06250000000000001388 ) ;
#1801 = DIRECTION ( 'NONE',  ( -0.000000000000000000, -0.000000000000000000, -1.000000000000000000 ) ) ;
#1802 = EDGE_CURVE ( 'NONE', #670, #102, #676, .T. ) ;
#1803 = FACE_OUTER_BOUND ( 'NONE', #1382, .T. ) ;
#1804 = ORIENTED_EDGE ( 'NONE', *, *, #1860, .T. ) ;
#1805 = LINE ( 'NONE', #1933, #695 ) ;
#1806 = CIRCLE ( 'NONE', #966, 0.06249999999999997918 ) ;
#1807 = ORIENTED_EDGE ( 'NONE', *, *, #1094, .F. ) ;
#1808 = CARTESIAN_POINT ( 'NONE',  ( 0.4050000000000001377, -1.125000000000000000, 0.6499999999999999112 ) ) ;
#1809 = LINE ( 'NONE', #1196, #778 ) ;
#1810 = AXIS2_PLACEMENT_3D ( 'NONE', #107, #1314, #1169 ) ;
#1811 = VERTEX_POINT ( 'NONE', #498 ) ;
#1812 = CARTESIAN_POINT ( 'NONE',  ( -0.9999999999999996669, 1.500000000000000222, 0.3499999999999999778 ) ) ;
#1813 = CARTESIAN_POINT ( 'NONE',  ( -0.4674999999999999156, -1.125000000000000222, 0.6187500000000005773 ) ) ;
#1814 = VECTOR ( 'NONE', #199, 39.37007874015748143 ) ;
#1815 = ADVANCED_FACE ( 'NONE', ( #1276 ), #965, .F. ) ;
#1816 = EDGE_LOOP ( 'NONE', ( #973, #280, #14, #1268 ) ) ;
#1817 = CIRCLE ( 'NONE', #1229, 0.06249999999999995143 ) ;
#1818 = LINE ( 'NONE', #288, #1949 ) ;
#1819 = EDGE_LOOP ( 'NONE', ( #247, #1029, #700, #32 ) ) ;
#1820 = DIRECTION ( 'NONE',  ( -0.000000000000000000, -0.000000000000000000, -1.000000000000000000 ) ) ;
#1821 = LINE ( 'NONE', #1403, #688 ) ;
#1822 = CONICAL_SURFACE ( 'NONE', #118, 0.09374999999999916733, 0.7853981633974473908 ) ;
#1823 = EDGE_LOOP ( 'NONE', ( #377, #744, #841, #1718 ) ) ;
#1824 = LINE ( 'NONE', #1086, #837 ) ;
#1825 = CARTESIAN_POINT ( 'NONE',  ( -0.9999999999999998890, 0.2750000000000001887, -0.1000000000000000194 ) ) ;
#1826 = CARTESIAN_POINT ( 'NONE',  ( -0.7124999999999998002, 0.2750000000000001887, -0.1000000000000000194 ) ) ;
#1827 = ORIENTED_EDGE ( 'NONE', *, *, #1444, .F. ) ;
#1828 = ADVANCED_FACE ( 'NONE', ( #51 ), #52, .T. ) ;
#1829 = EDGE_LOOP ( 'NONE', ( #1454, #1698, #1059, #1554 ) ) ;
#1830 = EDGE_CURVE ( 'NONE', #1370, #621, #1270, .T. ) ;
#1831 = DIRECTION ( 'NONE',  ( 0.000000000000000000, -1.000000000000000000, 0.000000000000000000 ) ) ;
#1832 = CARTESIAN_POINT ( 'NONE',  ( 0.1937500000000011158, 0.6875000000000001110, 0.3499999999999999778 ) ) ;
#1833 = EDGE_LOOP ( 'NONE', ( #1748, #1404, #353, #1799 ) ) ;
#1834 = CARTESIAN_POINT ( 'NONE',  ( -0.4049999999999996936, 1.187500000000000000, 0.3499999999999999778 ) ) ;
#1835 = DIRECTION ( 'NONE',  ( 0.000000000000000000, -0.7071067811865474617, -0.7071067811865474617 ) ) ;
#1836 = ORIENTED_EDGE ( 'NONE', *, *, #1520, .T. ) ;
#1837 = CIRCLE ( 'NONE', #1769, 0.06250000000000001388 ) ;
#1838 = DIRECTION ( 'NONE',  ( 1.000000000000000000, 0.000000000000000000, 0.000000000000000000 ) ) ;
#1839 = CARTESIAN_POINT ( 'NONE',  ( 0.4050000000000000266, 1.156250000000000888, 0.6499999999999999112 ) ) ;
#1840 = ADVANCED_FACE ( 'NONE', ( #1440 ), #706, .F. ) ;
#1841 = ORIENTED_EDGE ( 'NONE', *, *, #352, .T. ) ;
#1842 = DIRECTION ( 'NONE',  ( 1.000000000000000000, 0.000000000000000000, 0.000000000000000000 ) ) ;
#1843 = CARTESIAN_POINT ( 'NONE',  ( 1.000000000000000222, -0.2750000000000000222, 0.3187500000000006439 ) ) ;
#1844 = LINE ( 'NONE', #58, #1654 ) ;
#1845 = CONICAL_SURFACE ( 'NONE', #80, 0.09374999999999930611, 0.7853981633974485010 ) ;
#1846 = ORIENTED_EDGE ( 'NONE', *, *, #723, .F. ) ;
#1847 = CARTESIAN_POINT ( 'NONE',  ( 0.4049999999999998601, -1.062500000000000000, 0.3499999999999999778 ) ) ;
#1848 = VERTEX_POINT ( 'NONE', #1758 ) ;
#1849 = ADVANCED_FACE ( 'NONE', ( #734 ), #555, .T. ) ;
#1850 = CARTESIAN_POINT ( 'NONE',  ( -0.4049999999999999156, 1.125000000000000000, 0.6187500000000005773 ) ) ;
#1851 = VECTOR ( 'NONE', #1362, 39.37007874015748143 ) ;
#1852 = VECTOR ( 'NONE', #857, 39.37007874015748143 ) ;
#1853 = CARTESIAN_POINT ( 'NONE',  ( 0.6250000000000001110, 0.2750000000000000222, -0.05000000000000007910 ) ) ;
#1854 = COLOUR_RGB ( '',0.7921568627450980005, 0.8196078431372548767, 0.9333333333333333481 ) ;
#1855 = ORIENTED_EDGE ( 'NONE', *, *, #858, .F. ) ;
#1856 = CARTESIAN_POINT ( 'NONE',  ( 0.1937500000000008382, -0.6875000000000001110, 0.3499999999999999778 ) ) ;
#1857 = CARTESIAN_POINT ( 'NONE',  ( -0.9999999999999996669, -1.499999999999999778, -0.1000000000000000056 ) ) ;
#1858 = VERTEX_POINT ( 'NONE', #436 ) ;
#1859 = CARTESIAN_POINT ( 'NONE',  ( 0.4050000000000000266, 1.125000000000000222, 0.3499999999999999778 ) ) ;
#1860 = EDGE_CURVE ( 'NONE', #654, #21, #146, .T. ) ;
#1861 = CARTESIAN_POINT ( 'NONE',  ( 0.5625000000000001110, -0.7812499999999993339, 0.3499999999999999778 ) ) ;
#1862 = ADVANCED_FACE ( 'NONE', ( #234 ), #416, .T. ) ;
#1863 = ORIENTED_EDGE ( 'NONE', *, *, #1089, .T. ) ;
#1864 = LINE ( 'NONE', #1856, #1913 ) ;
#1865 = CARTESIAN_POINT ( 'NONE',  ( 0.5625000000000001110, 0.7812499999999993339, 0.3499999999999999778 ) ) ;
#1866 = CONICAL_SURFACE ( 'NONE', #616, 0.03125000000000065919, 0.7853981633974491672 ) ;
#1867 = ORIENTED_EDGE ( 'NONE', *, *, #152, .F. ) ;
#1868 = VECTOR ( 'NONE', #1639, 39.37007874015748143 ) ;
#1869 = CARTESIAN_POINT ( 'NONE',  ( 0.6250000000000001110, -0.2750000000000000222, -0.05000000000000007910 ) ) ;
#1870 = VERTEX_POINT ( 'NONE', #1457 ) ;
#1871 = DIRECTION ( 'NONE',  ( 0.7071067811865474617, 0.000000000000000000, -0.7071067811865474617 ) ) ;
#1872 = EDGE_CURVE ( 'NONE', #102, #1858, #1333, .T. ) ;
#1873 = ORIENTED_EDGE ( 'NONE', *, *, #847, .F. ) ;
#1874 = DIRECTION ( 'NONE',  ( 1.000000000000000000, 0.000000000000000000, 0.000000000000000000 ) ) ;
#1875 = EDGE_CURVE ( 'NONE', #1420, #1351, #426, .T. ) ;
#1876 = DIRECTION ( 'NONE',  ( -1.000000000000000000, 0.000000000000000000, 0.000000000000000000 ) ) ;
#1877 = AXIS2_PLACEMENT_3D ( 'NONE', #1145, #390, #997 ) ;
#1878 = VERTEX_POINT ( 'NONE', #1927 ) ;
#1879 = VECTOR ( 'NONE', #47, 39.37007874015748143 ) ;
#1880 = LINE ( 'NONE', #1604, #1307 ) ;
#1881 = LINE ( 'NONE', #1861, #499 ) ;
#1882 = VECTOR ( 'NONE', #1350, 39.37007874015748143 ) ;
#1883 = EDGE_CURVE ( 'NONE', #38, #1793, #1159, .T. ) ;
#1884 = ORIENTED_EDGE ( 'NONE', *, *, #1746, .T. ) ;
#1885 = DIRECTION ( 'NONE',  ( 0.000000000000000000, -0.7071067811865475727, 0.7071067811865475727 ) ) ;
#1886 = CARTESIAN_POINT ( 'NONE',  ( 0.5625000000000001110, -0.7500000000000001110, 0.3187500000000006439 ) ) ;
#1887 = ADVANCED_FACE ( 'NONE', ( #1295 ), #406, .F. ) ;
#1888 = VERTEX_POINT ( 'NONE', #1749 ) ;
#1889 = CARTESIAN_POINT ( 'NONE',  ( 0.1937500000000011158, 0.6875000000000001110, 0.3499999999999999778 ) ) ;
#1890 = ORIENTED_EDGE ( 'NONE', *, *, #665, .T. ) ;
#1891 = CARTESIAN_POINT ( 'NONE',  ( 0.4675000000000000822, -1.187500000000000000, 0.6499999999999999112 ) ) ;
#1892 = DIRECTION ( 'NONE',  ( 0.000000000000000000, -0.000000000000000000, -1.000000000000000000 ) ) ;
#1893 = ORIENTED_EDGE ( 'NONE', *, *, #775, .F. ) ;
#1894 = DIRECTION ( 'NONE',  ( -0.000000000000000000, 0.000000000000000000, 1.000000000000000000 ) ) ;
#1895 = DIRECTION ( 'NONE',  ( 0.000000000000000000, -0.7071067811865474617, 0.7071067811865474617 ) ) ;
#1896 = ORIENTED_EDGE ( 'NONE', *, *, #933, .F. ) ;
#1897 = CYLINDRICAL_SURFACE ( 'NONE', #365, 0.09375000000000019429 ) ;
#1898 = AXIS2_PLACEMENT_3D ( 'NONE', #1241, #1670, #447 ) ;
#1899 = ORIENTED_EDGE ( 'NONE', *, *, #337, .F. ) ;
#1900 = AXIS2_PLACEMENT_3D ( 'NONE', #1054, #1690, #145 ) ;
#1901 = CARTESIAN_POINT ( 'NONE',  ( -0.4049999999999999156, 1.125000000000000000, 0.3499999999999999778 ) ) ;
#1902 = CARTESIAN_POINT ( 'NONE',  ( 0.5625000000000001110, 0.7500000000000001110, 0.3187500000000006439 ) ) ;
#1903 = VERTEX_POINT ( 'NONE', #1607 ) ;
#1904 = CYLINDRICAL_SURFACE ( 'NONE', #1474, 0.06250000000000001388 ) ;
#1905 = DIRECTION ( 'NONE',  ( -0.5773502691896257311, -0.5773502691896257311, -0.5773502691896257311 ) ) ;
#1906 = VECTOR ( 'NONE', #1133, 39.37007874015748143 ) ;
#1907 = DIRECTION ( 'NONE',  ( 0.000000000000000000, 1.000000000000000000, 0.000000000000000000 ) ) ;
#1908 = VECTOR ( 'NONE', #1238, 39.37007874015748143 ) ;
#1909 = EDGE_CURVE ( 'NONE', #1041, #277, #1501, .T. ) ;
#1910 = CARTESIAN_POINT ( 'NONE',  ( -0.6999999999999997335, 1.125000000000000000, -0.1000000000000000194 ) ) ;
#1911 = DIRECTION ( 'NONE',  ( 0.000000000000000000, 1.000000000000000000, 0.000000000000000000 ) ) ;
#1912 = ADVANCED_FACE ( 'NONE', ( #864 ), #243, .F. ) ;
#1913 = VECTOR ( 'NONE', #206, 39.37007874015748854 ) ;
#1914 = ORIENTED_EDGE ( 'NONE', *, *, #798, .F. ) ;
#1915 = LINE ( 'NONE', #860, #1416 ) ;
#1916 = ORIENTED_EDGE ( 'NONE', *, *, #54, .F. ) ;
#1917 = CARTESIAN_POINT ( 'NONE',  ( 0.6250000000000001110, -0.2750000000000000222, -0.05000000000000007910 ) ) ;
#1918 = ORIENTED_EDGE ( 'NONE', *, *, #1277, .T. ) ;
#1919 = CARTESIAN_POINT ( 'NONE',  ( -0.9999999999999996669, -1.499999999999999778, 0.3499999999999999778 ) ) ;
#1920 = EDGE_CURVE ( 'NONE', #696, #893, #1780, .T. ) ;
#1921 = DIRECTION ( 'NONE',  ( 0.000000000000000000, -0.000000000000000000, 1.000000000000000000 ) ) ;
#1922 = EDGE_CURVE ( 'NONE', #1119, #1772, #116, .T. ) ;
#1923 = ORIENTED_EDGE ( 'NONE', *, *, #542, .F. ) ;
#1924 = LINE ( 'NONE', #1443, #502 ) ;
#1925 = EDGE_LOOP ( 'NONE', ( #838, #469, #1585, #1085 ) ) ;
#1926 = LINE ( 'NONE', #1353, #425 ) ;
#1927 = CARTESIAN_POINT ( 'NONE',  ( -0.6499999999999999112, -0.2124999999999999667, -0.1000000000000000194 ) ) ;
#1928 = PLANE ( 'NONE',  #776 ) ;
#1929 = AXIS2_PLACEMENT_3D ( 'NONE', #1722, #1405, #50 ) ;
#1930 = DIRECTION ( 'NONE',  ( 0.7071067811865483499, 0.000000000000000000, 0.7071067811865467956 ) ) ;
#1931 = EDGE_LOOP ( 'NONE', ( #398, #167, #36, #473 ) ) ;
#1932 = EDGE_CURVE ( 'NONE', #804, #1011, #525, .T. ) ;
#1933 = CARTESIAN_POINT ( 'NONE',  ( -0.4674999999999999156, 1.062500000000000000, 0.3499999999999999778 ) ) ;
#1934 = ORIENTED_EDGE ( 'NONE', *, *, #567, .F. ) ;
#1935 = EDGE_CURVE ( 'NONE', #1580, #644, #20, .T. ) ;
#1936 = PLANE ( 'NONE',  #1513 ) ;
#1937 = DIRECTION ( 'NONE',  ( -1.000000000000000000, 0.000000000000000000, -0.000000000000000000 ) ) ;
#1938 = EDGE_LOOP ( 'NONE', ( #215, #793, #287, #17 ) ) ;
#1939 = CARTESIAN_POINT ( 'NONE',  ( 1.000000000000000222, -0.2750000000000000222, -0.05000000000000007910 ) ) ;
#1940 = CARTESIAN_POINT ( 'NONE',  ( 0.4050000000000000266, 1.125000000000000222, 0.6499999999999999112 ) ) ;
#1941 = AXIS2_PLACEMENT_3D ( 'NONE', #1369, #12, #620 ) ;
#1942 = CARTESIAN_POINT ( 'NONE',  ( -0.9999999999999998890, -0.2750000000000001887, -0.1000000000000000194 ) ) ;
#1943 = ORIENTED_EDGE ( 'NONE', *, *, #1935, .F. ) ;
#1944 = DIRECTION ( 'NONE',  ( -0.000000000000000000, -0.000000000000000000, 1.000000000000000000 ) ) ;
#1945 = VECTOR ( 'NONE', #960, 39.37007874015748143 ) ;
#1946 = EDGE_CURVE ( 'NONE', #568, #1580, #262, .T. ) ;
#1947 = ORIENTED_EDGE ( 'NONE', *, *, #1502, .T. ) ;
#1948 = CARTESIAN_POINT ( 'NONE',  ( 0.4050000000000001377, -1.093749999999999334, 0.6499999999999999112 ) ) ;
#1949 = VECTOR ( 'NONE', #770, 39.37007874015748143 ) ;
#1950 = CARTESIAN_POINT ( 'NONE',  ( 1.000000000000000222, 0.3062499999999986899, 0.3499999999999999778 ) ) ;
#1951 = EDGE_CURVE ( 'NONE', #1609, #823, #1691, .T. ) ;
#1952 = VERTEX_POINT ( 'NONE', #421 ) ;
ENDSEC;
END-ISO-10303-21;
