ISO-10303-21;
HEADER;
FILE_DESCRIPTION (( 'STEP AP214' ),
    '1' );
FILE_NAME ('Hook1.STEP',
    '2026-04-13T01:36:17',
    ( '' ),
    ( '' ),
    'SwSTEP 2.0',
    'SolidWorks 2025',
    '' );
FILE_SCHEMA (( 'AUTOMOTIVE_DESIGN' ));
ENDSEC;

DATA;
#1 = ORIENTED_EDGE ( 'NONE', *, *, #745, .T. ) ;
#2 = VECTOR ( 'NONE', #490, 39.37007874015748143 ) ;
#3 = CARTESIAN_POINT ( 'NONE',  ( 0.000000000000000000, 0.7500000000000001110, 0.000000000000000000 ) ) ;
#4 = DIRECTION ( 'NONE',  ( 0.000000000000000000, -1.000000000000000000, 0.000000000000000000 ) ) ;
#5 = AXIS2_PLACEMENT_3D ( 'NONE', #801, #1278, #652 ) ;
#6 = CARTESIAN_POINT ( 'NONE',  ( 0.06945696077523823286, 0.6875000000000001110, 0.1128360784495235497 ) ) ;
#7 = CARTESIAN_POINT ( 'NONE',  ( 0.1524203477548967955, 1.096216032218404024, -0.1351593044902064666 ) ) ;
#8 = ORIENTED_EDGE ( 'NONE', *, *, #1073, .T. ) ;
#9 = EDGE_CURVE ( 'NONE', #741, #796, #1439, .T. ) ;
#10 = CARTESIAN_POINT ( 'NONE',  ( 0.1687607216486610440, -0.2391870514131173575, 0.5683498312380089734 ) ) ;
#11 = B_SPLINE_CURVE_WITH_KNOTS ( 'NONE', 3,
 ( #1420, #1294, #799, #1061, #304, #320, #1416, #1407, #456, #568, #584, #199 ),
 .UNSPECIFIED., .F., .F.,
 ( 4, 2, 2, 2, 2, 4 ),
 ( 0.000000000000000000, 0.0006033516364460882317, 0.001206703272892176463, 0.001810054909338264803, 0.002111730727561308540, 0.002413406545784352493 ),
 .UNSPECIFIED. ) ;
#12 = DIRECTION ( 'NONE',  ( -1.000000000000000000, 0.000000000000000000, 2.731847993664265191E-16 ) ) ;
#13 = CARTESIAN_POINT ( 'NONE',  ( 0.1375000000000000111, -0.6875000000000001110, 0.000000000000000000 ) ) ;
#14 = PLANE ( 'NONE',  #1346 ) ;
#15 = VECTOR ( 'NONE', #1304, 39.37007874015748143 ) ;
#16 = ORIENTED_EDGE ( 'NONE', *, *, #724, .T. ) ;
#17 = ORIENTED_EDGE ( 'NONE', *, *, #1535, .F. ) ;
#18 = ADVANCED_FACE ( 'NONE', ( #1087 ), #1072, .T. ) ;
#19 = CARTESIAN_POINT ( 'NONE',  ( 0.1950000000000000067, 0.1874999999999999722, 0.08122498999199215253 ) ) ;
#20 = DIRECTION ( 'NONE',  ( -0.000000000000000000, -1.000000000000000000, -0.000000000000000000 ) ) ;
#21 = LINE ( 'NONE', #1264, #187 ) ;
#22 = CARTESIAN_POINT ( 'NONE',  ( -1.429999999999999716, -0.2500000000000000000, -0.1499999999999999667 ) ) ;
#23 = ORIENTED_EDGE ( 'NONE', *, *, #37, .F. ) ;
#24 = EDGE_LOOP ( 'NONE', ( #1069, #1265, #1428, #357 ) ) ;
#25 = CARTESIAN_POINT ( 'NONE',  ( -1.329999999999999849, -0.2500000000000000000, -0.1499999999999999667 ) ) ;
#26 = VECTOR ( 'NONE', #1148, 39.37007874015748143 ) ;
#27 = LINE ( 'NONE', #1139, #646 ) ;
#28 = CARTESIAN_POINT ( 'NONE',  ( -1.129999999999999893, -0.2500000000000000000, -0.1499999999999999944 ) ) ;
#29 = CARTESIAN_POINT ( 'NONE',  ( 0.1196576304080863296, 0.6875000000000001110, 0.08193473918382744581 ) ) ;
#30 = ORIENTED_EDGE ( 'NONE', *, *, #1341, .F. ) ;
#31 = TOROIDAL_SURFACE ( 'NONE', #941, 0.1325000000000000067, 0.06250000000000000000 ) ;
#32 = ORIENTED_EDGE ( 'NONE', *, *, #395, .T. ) ;
#33 = LINE ( 'NONE', #772, #659 ) ;
#34 = LINE ( 'NONE', #649, #260 ) ;
#35 = CARTESIAN_POINT ( 'NONE',  ( 2.388061258337338397E-17, 0.7500000000000001110, 0.1950000000000000067 ) ) ;
#37 = EDGE_CURVE ( 'NONE', #1152, #1393, #566, .T. ) ;
#36 = PLANE ( 'NONE',  #274 ) ;
#38 = ORIENTED_EDGE ( 'NONE', *, *, #1485, .T. ) ;
#39 = ORIENTED_EDGE ( 'NONE', *, *, #216, .T. ) ;
#40 = CARTESIAN_POINT ( 'NONE',  ( 0.1378488833941187153, -0.2499999999999999167, 0.5905387512195070521 ) ) ;
#41 = CARTESIAN_POINT ( 'NONE',  ( 0.1325000000000000067, 0.1874999999999999722, 0.000000000000000000 ) ) ;
#42 = CARTESIAN_POINT ( 'NONE',  ( 0.1524203477548967955, 0.2467404401175753159, 0.1351593044902064666 ) ) ;
#43 = CARTESIAN_POINT ( 'NONE',  ( 0.1375000000000000111, -0.6875000000000001110, -0.04999999999999999584 ) ) ;
#44 = ADVANCED_FACE ( 'NONE', ( #1425 ), #31, .T. ) ;
#45 = VERTEX_POINT ( 'NONE', #706 ) ;
#46 = EDGE_CURVE ( 'NONE', #1135, #1258, #1058, .T. ) ;
#47 = ORIENTED_EDGE ( 'NONE', *, *, #1113, .F. ) ;
#48 = CARTESIAN_POINT ( 'NONE',  ( 0.000000000000000000, -0.7500000000000001110, 0.000000000000000000 ) ) ;
#49 = LINE ( 'NONE', #140, #108 ) ;
#50 = AXIS2_PLACEMENT_3D ( 'NONE', #151, #775, #166 ) ;
#51 = DIRECTION ( 'NONE',  ( 1.000000000000000000, 0.000000000000000000, -9.756599977372373568E-17 ) ) ;
#52 = AXIS2_PLACEMENT_3D ( 'NONE', #1176, #329, #1277 ) ;
#53 = CARTESIAN_POINT ( 'NONE',  ( 0.1196576304080863296, 0.7500000000000001110, -0.08193473918382744581 ) ) ;
#54 = ORIENTED_EDGE ( 'NONE', *, *, #901, .T. ) ;
#55 = ORIENTED_EDGE ( 'NONE', *, *, #855, .F. ) ;
#56 = DIRECTION ( 'NONE',  ( 0.5242034775489673448, 0.000000000000000000, 0.8515930449020643334 ) ) ;
#57 = ADVANCED_FACE ( 'NONE', ( #822 ), #1287, .T. ) ;
#58 = CARTESIAN_POINT ( 'NONE',  ( 5.720240088256388356E-17, -0.2500000000000000000, 0.4124999999999998113 ) ) ;
#59 = ORIENTED_EDGE ( 'NONE', *, *, #1333, .T. ) ;
#60 = CARTESIAN_POINT ( 'NONE',  ( -0.1949999999999999234, 0.1910541353730951242, 0.006277864914826512474 ) ) ;
#61 = DIRECTION ( 'NONE',  ( 0.000000000000000000, -1.000000000000000000, 0.000000000000000000 ) ) ;
#62 = EDGE_LOOP ( 'NONE', ( #1378, #728, #39, #591 ) ) ;
#63 = ORIENTED_EDGE ( 'NONE', *, *, #562, .T. ) ;
#64 = DIRECTION ( 'NONE',  ( 1.000000000000000000, 0.000000000000000000, 0.000000000000000000 ) ) ;
#65 = AXIS2_PLACEMENT_3D ( 'NONE', #43, #426, #167 ) ;
#66 = EDGE_CURVE ( 'NONE', #1456, #1246, #1413, .T. ) ;
#67 = CARTESIAN_POINT ( 'NONE',  ( -0.1949999999999999789, -0.1874999999999999722, 0.3499999999999998113 ) ) ;
#68 = ORIENTED_EDGE ( 'NONE', *, *, #891, .T. ) ;
#69 = FACE_OUTER_BOUND ( 'NONE', #410, .T. ) ;
#70 = DIRECTION ( 'NONE',  ( -0.000000000000000000, -1.000000000000000000, -0.000000000000000000 ) ) ;
#71 = DIRECTION ( 'NONE',  ( 0.8515930449020642223, -0.000000000000000000, -0.5242034775489675669 ) ) ;
#72 = EDGE_LOOP ( 'NONE', ( #1405, #74, #1317, #1077 ) ) ;
#73 = CARTESIAN_POINT ( 'NONE',  ( -0.1691116523516815184, -0.2500000000000000000, 0.3758883476483182440 ) ) ;
#74 = ORIENTED_EDGE ( 'NONE', *, *, #395, .F. ) ;
#75 = CARTESIAN_POINT ( 'NONE',  ( -0.1685765435752733243, 0.2393093664632579831, 0.09901559112437965937 ) ) ;
#76 = LINE ( 'NONE', #1173, #691 ) ;
#77 = EDGE_CURVE ( 'NONE', #1498, #574, #242, .T. ) ;
#78 = CIRCLE ( 'NONE', #517, 0.06249999999999995143 ) ;
#79 = CARTESIAN_POINT ( 'NONE',  ( 0.09499999999999998723, 0.2500000000000000000, 0.4999999999999994449 ) ) ;
#80 = EDGE_LOOP ( 'NONE', ( #307, #1437, #1363, #312, #1387, #645, #1373, #563 ) ) ;
#81 = DIRECTION ( 'NONE',  ( 0.000000000000000000, 0.000000000000000000, -1.000000000000000000 ) ) ;
#82 = VERTEX_POINT ( 'NONE', #217 ) ;
#83 = CARTESIAN_POINT ( 'NONE',  ( 0.000000000000000000, 0.7500000000000001110, 0.000000000000000000 ) ) ;
#84 = CARTESIAN_POINT ( 'NONE',  ( 0.1524203477548967955, 0.2467404401175753159, 0.1351593044902064666 ) ) ;
#85 = ADVANCED_FACE ( 'NONE', ( #1181 ), #846, .T. ) ;
#86 = FACE_OUTER_BOUND ( 'NONE', #639, .T. ) ;
#87 = ORIENTED_EDGE ( 'NONE', *, *, #512, .F. ) ;
#88 = DIRECTION ( 'NONE',  ( 0.5242034775489675669, 0.000000000000000000, -0.8515930449020641113 ) ) ;
#89 = AXIS2_PLACEMENT_3D ( 'NONE', #947, #1410, #225 ) ;
#90 = AXIS2_PLACEMENT_3D ( 'NONE', #735, #1335, #1223 ) ;
#91 = ORIENTED_EDGE ( 'NONE', *, *, #1006, .F. ) ;
#92 = CARTESIAN_POINT ( 'NONE',  ( 0.1022196781220486989, 0.2499999999999999167, 0.1660606437559025428 ) ) ;
#93 = CARTESIAN_POINT ( 'NONE',  ( 0.1392878126628454560, 0.2500000000000000000, 0.1432431194127190277 ) ) ;
#94 = CARTESIAN_POINT ( 'NONE',  ( 0.1862927324795302653, -0.2198856692313760353, 0.1009337441237235927 ) ) ;
#95 = CARTESIAN_POINT ( 'NONE',  ( -1.242499999999999938, 0.2500000000000000000, -0.1499999999999999667 ) ) ;
#96 = PRODUCT ( 'Hook1', 'Hook1', '', ( #1557 ) ) ;
#97 = EDGE_CURVE ( 'NONE', #1365, #419, #668, .T. ) ;
#98 = ORIENTED_EDGE ( 'NONE', *, *, #318, .T. ) ;
#99 = ADVANCED_FACE ( 'NONE', ( #86 ), #1188, .F. ) ;
#100 = FACE_OUTER_BOUND ( 'NONE', #609, .T. ) ;
#101 = ORIENTED_EDGE ( 'NONE', *, *, #1474, .F. ) ;
#102 = DIRECTION ( 'NONE',  ( 0.000000000000000000, 0.000000000000000000, 1.000000000000000000 ) ) ;
#103 =( CONVERSION_BASED_UNIT ( 'INCH', #443 ) LENGTH_UNIT ( ) NAMED_UNIT ( #1306 ) );
#104 = CARTESIAN_POINT ( 'NONE',  ( 0.1325000000000000067, 0.2500000000000000000, 0.08122498999199215253 ) ) ;
#105 = CARTESIAN_POINT ( 'NONE',  ( 0.1196576304080863296, -0.6875000000000001110, 0.08193473918382744581 ) ) ;
#106 = CIRCLE ( 'NONE', #1386, 0.1950000000000000067 ) ;
#107 = ORIENTED_EDGE ( 'NONE', *, *, #383, .T. ) ;
#108 = VECTOR ( 'NONE', #271, 39.37007874015748143 ) ;
#109 = EDGE_CURVE ( 'NONE', #701, #203, #722, .T. ) ;
#110 = CARTESIAN_POINT ( 'NONE',  ( -0.1949999999999999789, -0.1874999999999999722, 0.3499999999999998113 ) ) ;
#111 = AXIS2_PLACEMENT_3D ( 'NONE', #451, #122, #1117 ) ;
#112 = VERTEX_POINT ( 'NONE', #598 ) ;
#113 = CARTESIAN_POINT ( 'NONE',  ( -1.329999999999999849, 0.2500000000000000000, 0.5999999999999999778 ) ) ;
#114 = PRODUCT_DEFINITION_SHAPE ( 'NONE', 'NONE',  #484 ) ;
#115 = CARTESIAN_POINT ( 'NONE',  ( 0.1950000000000000067, -0.2500000000000000000, 0.5999999999999994227 ) ) ;
#116 = EDGE_LOOP ( 'NONE', ( #1242, #1059, #1472, #717 ) ) ;
#117 = DIRECTION ( 'NONE',  ( -0.8515930449020642223, -2.326422751134146844E-16, -0.5242034775489677889 ) ) ;
#118 = ORIENTED_EDGE ( 'NONE', *, *, #168, .F. ) ;
#119 = CIRCLE ( 'NONE', #1144, 0.1000000000000000056 ) ;
#120 = FACE_OUTER_BOUND ( 'NONE', #842, .T. ) ;
#121 = AXIS2_PLACEMENT_3D ( 'NONE', #257, #740, #1477 ) ;
#122 = DIRECTION ( 'NONE',  ( -1.000000000000000000, 0.000000000000000000, 0.000000000000000000 ) ) ;
#123 = DIRECTION ( 'NONE',  ( 0.000000000000000000, 0.000000000000000000, 1.000000000000000000 ) ) ;
#124 = ORIENTED_EDGE ( 'NONE', *, *, #216, .F. ) ;
#125 = PRODUCT_DEFINITION_FORMATION_WITH_SPECIFIED_SOURCE ( 'ANY', '', #96, .NOT_KNOWN. ) ;
#126 = CARTESIAN_POINT ( 'NONE',  ( -1.242499999999999938, 0.2500000000000000000, 0.4124999999999999778 ) ) ;
#127 = DIRECTION ( 'NONE',  ( 0.000000000000000000, 1.000000000000000000, 0.000000000000000000 ) ) ;
#128 = CARTESIAN_POINT ( 'NONE',  ( 0.06945696077523823286, 0.7500000000000001110, 0.1128360784495235497 ) ) ;
#130 = EDGE_CURVE ( 'NONE', #1394, #161, #690, .T. ) ;
#129 = FACE_OUTER_BOUND ( 'NONE', #463, .T. ) ;
#131 = ORIENTED_EDGE ( 'NONE', *, *, #755, .F. ) ;
#132 = AXIS2_PLACEMENT_3D ( 'NONE', #310, #1539, #81 ) ;
#133 = CARTESIAN_POINT ( 'NONE',  ( -0.1378992718633093861, -0.2500000000000000000, 0.1380686316044564543 ) ) ;
#134 = CARTESIAN_POINT ( 'NONE',  ( -1.329999999999999849, 0.2500000000000000000, 0.4999999999999999445 ) ) ;
#135 = LINE ( 'NONE', #256, #575 ) ;
#136 = DIRECTION ( 'NONE',  ( -0.5242034775489676779, 0.000000000000000000, 0.8515930449020641113 ) ) ;
#137 = EDGE_CURVE ( 'NONE', #1160, #1521, #1102, .T. ) ;
#138 = ORIENTED_EDGE ( 'NONE', *, *, #1403, .F. ) ;
#139 = DIRECTION ( 'NONE',  ( -0.000000000000000000, -1.000000000000000000, -0.000000000000000000 ) ) ;
#140 = CARTESIAN_POINT ( 'NONE',  ( -1.179999999999999938, 0.2500000000000000000, 0.3499999999999999778 ) ) ;
#141 = AXIS2_PLACEMENT_3D ( 'NONE', #1229, #350, #850 ) ;
#142 = DIRECTION ( 'NONE',  ( 0.000000000000000000, 0.000000000000000000, 1.000000000000000000 ) ) ;
#143 = CARTESIAN_POINT ( 'NONE',  ( 0.2000000000000000111, 0.6875000000000001110, 0.05000000000000000278 ) ) ;
#144 = VECTOR ( 'NONE', #501, 39.37007874015748143 ) ;
#145 = CIRCLE ( 'NONE', #583, 0.06250000000000001388 ) ;
#146 = VERTEX_POINT ( 'NONE', #377 ) ;
#147 = ORIENTED_EDGE ( 'NONE', *, *, #130, .T. ) ;
#148 = CARTESIAN_POINT ( 'NONE',  ( 0.1022196781220486989, 0.6875000000000001110, -0.1660606437559025428 ) ) ;
#149 = EDGE_CURVE ( 'NONE', #1055, #1160, #654, .T. ) ;
#150 = PLANE ( 'NONE',  #623 ) ;
#151 = CARTESIAN_POINT ( 'NONE',  ( 0.1000000000000000194, 0.6875000000000001110, 0.05000000000000000971 ) ) ;
#152 = CARTESIAN_POINT ( 'NONE',  ( 0.1950000000000000067, 0.2500000000000000000, 0.5999999999999994227 ) ) ;
#153 = ORIENTED_EDGE ( 'NONE', *, *, #1448, .T. ) ;
#154 = VERTEX_POINT ( 'NONE', #243 ) ;
#155 = DIRECTION ( 'NONE',  ( -1.000000000000000000, 0.000000000000000000, 0.000000000000000000 ) ) ;
#156 = AXIS2_PLACEMENT_3D ( 'NONE', #134, #127, #241 ) ;
#157 = EDGE_CURVE ( 'NONE', #1441, #1393, #1066, .T. ) ;
#158 = CARTESIAN_POINT ( 'NONE',  ( -1.179999999999999938, -0.1874999999999999722, 0.4124999999999999778 ) ) ;
#159 = CARTESIAN_POINT ( 'NONE',  ( 0.1524203477548967955, 1.096216032218404024, 0.1351593044902064666 ) ) ;
#160 = CARTESIAN_POINT ( 'NONE',  ( 0.1524203477548967955, -0.2467404401175751771, 0.1351593044902064666 ) ) ;
#161 = VERTEX_POINT ( 'NONE', #875 ) ;
#162 = VERTEX_POINT ( 'NONE', #1453 ) ;
#163 = CARTESIAN_POINT ( 'NONE',  ( 0.06945696077523820511, 0.7500000000000001110, 0.1128360784495234942 ) ) ;
#164 = DIRECTION ( 'NONE',  ( -1.000000000000000000, 0.000000000000000000, 0.000000000000000000 ) ) ;
#165 = EDGE_CURVE ( 'NONE', #112, #1394, #1219, .T. ) ;
#166 = DIRECTION ( 'NONE',  ( 0.000000000000000000, 0.000000000000000000, 1.000000000000000000 ) ) ;
#167 = DIRECTION ( 'NONE',  ( 0.000000000000000000, 1.000000000000000000, 1.365923996832132595E-16 ) ) ;
#168 = EDGE_CURVE ( 'NONE', #741, #1496, #135, .T. ) ;
#169 = ORIENTED_EDGE ( 'NONE', *, *, #713, .F. ) ;
#170 = EDGE_LOOP ( 'NONE', ( #229, #1128, #87, #38, #1251, #885, #1320, #1555 ) ) ;
#171 = DIRECTION ( 'NONE',  ( -0.000000000000000000, 1.000000000000000000, -0.000000000000000000 ) ) ;
#172 = DIRECTION ( 'NONE',  ( 1.365923996832131609E-16, 0.000000000000000000, -1.000000000000000000 ) ) ;
#173 = DIRECTION ( 'NONE',  ( 0.000000000000000000, 1.000000000000000000, 0.000000000000000000 ) ) ;
#174 = SURFACE_SIDE_STYLE ('',( #899 ) ) ;
#175 = EDGE_CURVE ( 'NONE', #605, #1213, #785, .T. ) ;
#176 = ORIENTED_EDGE ( 'NONE', *, *, #1019, .T. ) ;
#177 = ORIENTED_EDGE ( 'NONE', *, *, #1293, .F. ) ;
#178 = PLANE ( 'NONE',  #791 ) ;
#179 = DIRECTION ( 'NONE',  ( 0.000000000000000000, 0.000000000000000000, 1.000000000000000000 ) ) ;
#180 = VECTOR ( 'NONE', #417, 39.37007874015748143 ) ;
#181 = ORIENTED_EDGE ( 'NONE', *, *, #188, .T. ) ;
#182 = DIRECTION ( 'NONE',  ( -0.000000000000000000, -1.000000000000000000, -0.000000000000000000 ) ) ;
#183 = CIRCLE ( 'NONE', #756, 0.1950000000000000067 ) ;
#184 = DIRECTION ( 'NONE',  ( 0.000000000000000000, 0.000000000000000000, 1.000000000000000000 ) ) ;
#185 =( BOUNDED_CURVE ( )  B_SPLINE_CURVE ( 3, ( #1554, #73, #809, #67 ),
 .UNSPECIFIED., .F., .F. ) 
 B_SPLINE_CURVE_WITH_KNOTS ( ( 4, 4 ),
 ( 1.570796326794896780, 3.141592653589793116 ),
 .UNSPECIFIED. ) 
 CURVE ( )  GEOMETRIC_REPRESENTATION_ITEM ( )  RATIONAL_B_SPLINE_CURVE ( ( 1.000000000000000000, 0.8047378541243650485, 0.8047378541243650485, 1.000000000000000000 ) ) 
 REPRESENTATION_ITEM ( '' )  );
#186 = ORIENTED_EDGE ( 'NONE', *, *, #1232, .T. ) ;
#187 = VECTOR ( 'NONE', #393, 39.37007874015748143 ) ;
#188 = EDGE_CURVE ( 'NONE', #1252, #336, #1446, .T. ) ;
#189 = ORIENTED_EDGE ( 'NONE', *, *, #1225, .T. ) ;
#190 = LINE ( 'NONE', #683, #1372 ) ;
#191 = DIRECTION ( 'NONE',  ( 0.000000000000000000, 0.000000000000000000, 1.000000000000000000 ) ) ;
#192 = VERTEX_POINT ( 'NONE', #1352 ) ;
#193 = DIRECTION ( 'NONE',  ( -1.000000000000000000, 0.000000000000000000, 9.756599977372369870E-17 ) ) ;
#194 = FACE_OUTER_BOUND ( 'NONE', #927, .T. ) ;
#195 = DIRECTION ( 'NONE',  ( 1.386724869880337236E-16, -0.000000000000000000, 1.000000000000000000 ) ) ;
#196 = ORIENTED_EDGE ( 'NONE', *, *, #255, .F. ) ;
#197 = UNCERTAINTY_MEASURE_WITH_UNIT (LENGTH_MEASURE( 1.000000000000000082E-05 ), #802, 'distance_accuracy_value', 'NONE');
#198 = EDGE_CURVE ( 'NONE', #1560, #1027, #1582, .T. ) ;
#199 = CARTESIAN_POINT ( 'NONE',  ( 0.1950000000000000067, 0.1874999999999999722, 0.08122498999199215253 ) ) ;
#200 = ORIENTED_EDGE ( 'NONE', *, *, #671, .F. ) ;
#201 = LINE ( 'NONE', #711, #1111 ) ;
#202 = CARTESIAN_POINT ( 'NONE',  ( -1.242499999999999938, -0.1874999999999999722, -0.1499999999999999667 ) ) ;
#203 = VERTEX_POINT ( 'NONE', #752 ) ;
#204 = CARTESIAN_POINT ( 'NONE',  ( -1.429999999999999716, 0.2500000000000000000, 0.5999999999999999778 ) ) ;
#205 = EDGE_CURVE ( 'NONE', #154, #1201, #499, .T. ) ;
#206 = EDGE_LOOP ( 'NONE', ( #1298, #231, #1292, #196 ) ) ;
#207 = CARTESIAN_POINT ( 'NONE',  ( 0.000000000000000000, -0.7500000000000001110, 0.000000000000000000 ) ) ;
#208 = SHAPE_DEFINITION_REPRESENTATION ( #114, #1492 ) ;
#209 = CIRCLE ( 'NONE', #1457, 0.06249999999999999306 ) ;
#210 = EDGE_LOOP ( 'NONE', ( #582, #1552, #1551, #460 ) ) ;
#211 = ORIENTED_EDGE ( 'NONE', *, *, #531, .T. ) ;
#212 = VECTOR ( 'NONE', #1186, 39.37007874015748143 ) ;
#213 = DIRECTION ( 'NONE',  ( 0.000000000000000000, 1.000000000000000000, 0.000000000000000000 ) ) ;
#214 = ORIENTED_EDGE ( 'NONE', *, *, #149, .T. ) ;
#215 = DIRECTION ( 'NONE',  ( 0.000000000000000000, 1.000000000000000000, 0.000000000000000000 ) ) ;
#216 = EDGE_CURVE ( 'NONE', #1259, #625, #837, .T. ) ;
#217 = CARTESIAN_POINT ( 'NONE',  ( 0.000000000000000000, 0.6875000000000001110, -0.1950000000000000067 ) ) ;
#219 = ADVANCED_FACE ( 'NONE', ( #355 ), #1338, .T. ) ;
#218 = DIRECTION ( 'NONE',  ( 0.000000000000000000, 0.000000000000000000, 1.000000000000000000 ) ) ;
#220 = ORIENTED_EDGE ( 'NONE', *, *, #999, .F. ) ;
#221 = CARTESIAN_POINT ( 'NONE',  ( -0.1566330295951963159, -0.2453248713919594648, 0.1163631266711830092 ) ) ;
#222 = VECTOR ( 'NONE', #1110, 39.37007874015748143 ) ;
#223 = ORIENTED_EDGE ( 'NONE', *, *, #512, .T. ) ;
#224 = CARTESIAN_POINT ( 'NONE',  ( -1.429999999999999716, 0.2500000000000000000, 0.5999999999999999778 ) ) ;
#225 = DIRECTION ( 'NONE',  ( 0.000000000000000000, 0.000000000000000000, 1.000000000000000000 ) ) ;
#226 = DIRECTION ( 'NONE',  ( -0.000000000000000000, -0.000000000000000000, -1.000000000000000000 ) ) ;
#227 = CARTESIAN_POINT ( 'NONE',  ( 0.000000000000000000, -0.6875000000000001110, 0.000000000000000000 ) ) ;
#228 = EDGE_CURVE ( 'NONE', #943, #154, #507, .T. ) ;
#229 = ORIENTED_EDGE ( 'NONE', *, *, #1159, .T. ) ;
#230 = DIRECTION ( 'NONE',  ( -0.8515930449020642223, 0.000000000000000000, 0.5242034775489675669 ) ) ;
#231 = ORIENTED_EDGE ( 'NONE', *, *, #1273, .F. ) ;
#232 = LINE ( 'NONE', #729, #389 ) ;
#233 = DIRECTION ( 'NONE',  ( 0.000000000000000000, 0.000000000000000000, -1.000000000000000000 ) ) ;
#234 = DIRECTION ( 'NONE',  ( 0.000000000000000000, -0.000000000000000000, 1.000000000000000000 ) ) ;
#235 = AXIS2_PLACEMENT_3D ( 'NONE', #1580, #483, #1467 ) ;
#236 = ORIENTED_EDGE ( 'NONE', *, *, #624, .T. ) ;
#237 = EDGE_CURVE ( 'NONE', #411, #559, #881, .T. ) ;
#238 = CARTESIAN_POINT ( 'NONE',  ( -0.1825789759335209872, -0.2250994111754139326, 0.06880271483981356684 ) ) ;
#239 = ORIENTED_EDGE ( 'NONE', *, *, #1293, .T. ) ;
#240 = VECTOR ( 'NONE', #956, 39.37007874015748143 ) ;
#241 = DIRECTION ( 'NONE',  ( 0.000000000000000000, 0.000000000000000000, 1.000000000000000000 ) ) ;
#242 = CIRCLE ( 'NONE', #1138, 0.06249999999999995143 ) ;
#243 = CARTESIAN_POINT ( 'NONE',  ( -1.179999999999999938, -0.1874999999999999722, -0.1499999999999999667 ) ) ;
#244 = CARTESIAN_POINT ( 'NONE',  ( -1.179999999999999938, 0.2241116523516815118, 0.3500000000000000333 ) ) ;
#245 = ORIENTED_EDGE ( 'NONE', *, *, #1300, .T. ) ;
#246 = LINE ( 'NONE', #1099, #1218 ) ;
#247 = VECTOR ( 'NONE', #230, 39.37007874015748143 ) ;
#248 = AXIS2_PLACEMENT_3D ( 'NONE', #48, #421, #854 ) ;
#249 = DIRECTION ( 'NONE',  ( -0.000000000000000000, 0.000000000000000000, -1.000000000000000000 ) ) ;
#250 = DIRECTION ( 'NONE',  ( -1.000000000000000000, 0.000000000000000000, 0.000000000000000000 ) ) ;
#251 = CARTESIAN_POINT ( 'NONE',  ( -1.429999999999999716, 0.2500000000000000000, -0.2500000000000000000 ) ) ;
#252 = VERTEX_POINT ( 'NONE', #853 ) ;
#253 = LINE ( 'NONE', #1442, #1270 ) ;
#254 = CARTESIAN_POINT ( 'NONE',  ( 0.2000000000000000389, 0.6875000000000001110, -0.04999999999999999584 ) ) ;
#255 = EDGE_CURVE ( 'NONE', #192, #1441, #317, .T. ) ;
#256 = CARTESIAN_POINT ( 'NONE',  ( -1.129999999999999893, 0.2500000000000000000, -0.1499999999999999944 ) ) ;
#257 = CARTESIAN_POINT ( 'NONE',  ( 0.000000000000000000, -0.2500000000000000000, 0.000000000000000000 ) ) ;
#258 = ORIENTED_EDGE ( 'NONE', *, *, #276, .T. ) ;
#259 = CIRCLE ( 'NONE', #5, 0.06249999999999999306 ) ;
#260 = VECTOR ( 'NONE', #20, 39.37007874015748143 ) ;
#261 = CARTESIAN_POINT ( 'NONE',  ( 0.1889852007808952572, 0.2152117738751451181, 0.5353482028014687755 ) ) ;
#262 = LINE ( 'NONE', #1124, #1334 ) ;
#263 = AXIS2_PLACEMENT_3D ( 'NONE', #485, #51, #889 ) ;
#264 = EDGE_CURVE ( 'NONE', #968, #112, #1037, .T. ) ;
#265 = DIRECTION ( 'NONE',  ( -0.000000000000000000, -1.000000000000000000, -0.000000000000000000 ) ) ;
#266 = FACE_OUTER_BOUND ( 'NONE', #116, .T. ) ;
#267 = EDGE_CURVE ( 'NONE', #1252, #161, #911, .T. ) ;
#268 = VERTEX_POINT ( 'NONE', #761 ) ;
#269 = ORIENTED_EDGE ( 'NONE', *, *, #1225, .F. ) ;
#270 = CARTESIAN_POINT ( 'NONE',  ( 0.1889851062972778550, -0.2152119612136627336, 0.5353484472263826399 ) ) ;
#271 = DIRECTION ( 'NONE',  ( -0.000000000000000000, -1.000000000000000000, -0.000000000000000000 ) ) ;
#272 = FACE_OUTER_BOUND ( 'NONE', #804, .T. ) ;
#273 = CARTESIAN_POINT ( 'NONE',  ( 0.1325000000000000067, 0.2500000000000000000, 0.5927024810886952766 ) ) ;
#274 = AXIS2_PLACEMENT_3D ( 'NONE', #152, #403, #409 ) ;
#275 = ORIENTED_EDGE ( 'NONE', *, *, #295, .F. ) ;
#276 = EDGE_CURVE ( 'NONE', #1259, #82, #966, .T. ) ;
#277 = ORIENTED_EDGE ( 'NONE', *, *, #745, .F. ) ;
#278 = CARTESIAN_POINT ( 'NONE',  ( 0.1752694991267115254, -0.2337354948513049591, 0.5604094619228560115 ) ) ;
#279 = CARTESIAN_POINT ( 'NONE',  ( -0.1949999999999999789, 0.1874999999999999722, 0.3499999999999998113 ) ) ;
#280 = CARTESIAN_POINT ( 'NONE',  ( -0.1950000000000000067, 0.1874999999999999722, -2.410362546262278811E-17 ) ) ;
#281 = ORIENTED_EDGE ( 'NONE', *, *, #1474, .T. ) ;
#282 = ORIENTED_EDGE ( 'NONE', *, *, #1113, .T. ) ;
#283 = ADVANCED_FACE ( 'NONE', ( #1575 ), #636, .F. ) ;
#284 = CARTESIAN_POINT ( 'NONE',  ( 0.1947000409007142163, 0.1945653064406745181, 0.5089369760052897540 ) ) ;
#285 = CIRCLE ( 'NONE', #1256, 0.1000000000000000194 ) ;
#286 = TOROIDAL_SURFACE ( 'NONE', #50, 0.03750000000000002637, 0.06250000000000000000 ) ;
#287 = DIRECTION ( 'NONE',  ( -0.000000000000000000, -0.000000000000000000, 1.000000000000000000 ) ) ;
#288 = CARTESIAN_POINT ( 'NONE',  ( -0.1950000000000000067, -0.1874999999999999722, -2.410362546262278811E-17 ) ) ;
#289 = ORIENTED_EDGE ( 'NONE', *, *, #726, .F. ) ;
#290 = VECTOR ( 'NONE', #615, 39.37007874015748143 ) ;
#291 = ORIENTED_EDGE ( 'NONE', *, *, #726, .T. ) ;
#292 = CARTESIAN_POINT ( 'NONE',  ( 0.1325000000000000067, 0.2500000000000000000, 0.5927024810886952766 ) ) ;
#293 = DIRECTION ( 'NONE',  ( 0.000000000000000000, 0.000000000000000000, 1.000000000000000000 ) ) ;
#294 = APPLICATION_CONTEXT ( 'automotive_design' ) ;
#295 = EDGE_CURVE ( 'NONE', #1201, #1496, #1132, .T. ) ;
#296 = CARTESIAN_POINT ( 'NONE',  ( 0.000000000000000000, 0.7500000000000001110, 0.000000000000000000 ) ) ;
#297 = DIRECTION ( 'NONE',  ( -0.000000000000000000, -1.000000000000000000, -0.000000000000000000 ) ) ;
#298 = AXIS2_PLACEMENT_3D ( 'NONE', #657, #1473, #974 ) ;
#299 = ORIENTED_EDGE ( 'NONE', *, *, #825, .T. ) ;
#300 = CIRCLE ( 'NONE', #1024, 0.1000000000000000194 ) ;
#301 = AXIS2_PLACEMENT_3D ( 'NONE', #610, #872, #1579 ) ;
#302 = EDGE_LOOP ( 'NONE', ( #1, #1237, #91, #424, #55, #686, #1538, #710, #886, #984, #777, #1182, #1145, #236, #1529 ) ) ;
#303 = DIRECTION ( 'NONE',  ( 0.8515930449020642223, -0.000000000000000000, 0.5242034775489675669 ) ) ;
#304 = CARTESIAN_POINT ( 'NONE',  ( 0.1791205871498040003, 0.2295517744880261057, 0.1114808891080520947 ) ) ;
#305 = VERTEX_POINT ( 'NONE', #280 ) ;
#306 = DIRECTION ( 'NONE',  ( 0.8515930449020642223, 0.000000000000000000, -0.5242034775489675669 ) ) ;
#307 = ORIENTED_EDGE ( 'NONE', *, *, #255, .T. ) ;
#308 = ORIENTED_EDGE ( 'NONE', *, *, #816, .F. ) ;
#309 = DIRECTION ( 'NONE',  ( -1.000000000000000000, 0.000000000000000000, 0.000000000000000000 ) ) ;
#310 = CARTESIAN_POINT ( 'NONE',  ( -1.329999999999999849, 0.2500000000000000000, 0.4999999999999999445 ) ) ;
#311 = AXIS2_PLACEMENT_3D ( 'NONE', #619, #1107, #720 ) ;
#312 = ORIENTED_EDGE ( 'NONE', *, *, #880, .T. ) ;
#313 = CARTESIAN_POINT ( 'NONE',  ( -0.1848019400231413478, 0.2219221852383900795, 0.06257227517802232963 ) ) ;
#314 = CIRCLE ( 'NONE', #52, 0.1000000000000000194 ) ;
#315 = CARTESIAN_POINT ( 'NONE',  ( 0.000000000000000000, 0.7500000000000001110, -0.1950000000000000067 ) ) ;
#316 = DIRECTION ( 'NONE',  ( 0.000000000000000000, 0.000000000000000000, 1.000000000000000000 ) ) ;
#317 = CIRCLE ( 'NONE', #465, 0.03750000000000002637 ) ;
#318 = EDGE_CURVE ( 'NONE', #958, #943, #1249, .T. ) ;
#319 = ORIENTED_EDGE ( 'NONE', *, *, #46, .F. ) ;
#320 = CARTESIAN_POINT ( 'NONE',  ( 0.1862332973216291321, 0.2199740456785058140, 0.1010273012169548984 ) ) ;
#321 = ORIENTED_EDGE ( 'NONE', *, *, #383, .F. ) ;
#322 = CARTESIAN_POINT ( 'NONE',  ( -0.1934647235571477775, 0.2017262535417677083, 0.02522381865351853297 ) ) ;
#323 = CYLINDRICAL_SURFACE ( 'NONE', #480, 0.1000000000000000194 ) ;
#324 = DIRECTION ( 'NONE',  ( 0.000000000000000000, 0.000000000000000000, -1.000000000000000000 ) ) ;
#325 = AXIS2_PLACEMENT_3D ( 'NONE', #550, #1325, #64 ) ;
#326 = ORIENTED_EDGE ( 'NONE', *, *, #632, .T. ) ;
#327 = ADVANCED_FACE ( 'NONE', ( #529 ), #408, .T. ) ;
#328 = VECTOR ( 'NONE', #303, 39.37007874015748143 ) ;
#329 = DIRECTION ( 'NONE',  ( -0.000000000000000000, -1.000000000000000000, -0.000000000000000000 ) ) ;
#330 = CARTESIAN_POINT ( 'NONE',  ( 0.000000000000000000, -0.6875000000000003331, 0.000000000000000000 ) ) ;
#331 = DIRECTION ( 'NONE',  ( 0.000000000000000000, 1.000000000000000000, 0.000000000000000000 ) ) ;
#332 = VERTEX_POINT ( 'NONE', #523 ) ;
#333 = EDGE_CURVE ( 'NONE', #82, #1152, #106, .T. ) ;
#334 = CARTESIAN_POINT ( 'NONE',  ( 0.000000000000000000, 0.7500000000000001110, 0.000000000000000000 ) ) ;
#335 = EDGE_CURVE ( 'NONE', #1055, #502, #1009, .T. ) ;
#336 = VERTEX_POINT ( 'NONE', #1271 ) ;
#337 = DIRECTION ( 'NONE',  ( 0.000000000000000000, 0.000000000000000000, 1.000000000000000000 ) ) ;
#338 = DIRECTION ( 'NONE',  ( 0.000000000000000000, -1.000000000000000000, 0.000000000000000000 ) ) ;
#339 = DIRECTION ( 'NONE',  ( 0.000000000000000000, 1.000000000000000000, 0.000000000000000000 ) ) ;
#340 = DIRECTION ( 'NONE',  ( 0.000000000000000000, 1.000000000000000000, 0.000000000000000000 ) ) ;
#341 = VERTEX_POINT ( 'NONE', #661 ) ;
#342 = CIRCLE ( 'NONE', #1482, 0.1325000000000000067 ) ;
#343 = CARTESIAN_POINT ( 'NONE',  ( 0.000000000000000000, 0.2500000000000000000, 0.000000000000000000 ) ) ;
#344 = ORIENTED_EDGE ( 'NONE', *, *, #864, .F. ) ;
#345 = DIRECTION ( 'NONE',  ( 0.000000000000000000, 0.000000000000000000, 1.000000000000000000 ) ) ;
#346 = EDGE_CURVE ( 'NONE', #1201, #146, #1032, .T. ) ;
#347 = FACE_OUTER_BOUND ( 'NONE', #1114, .T. ) ;
#348 = ORIENTED_EDGE ( 'NONE', *, *, #552, .T. ) ;
#349 = CIRCLE ( 'NONE', #1243, 0.1950000000000000067 ) ;
#350 = DIRECTION ( 'NONE',  ( 0.000000000000000000, 0.000000000000000000, -1.000000000000000000 ) ) ;
#351 = AXIS2_PLACEMENT_3D ( 'NONE', #608, #983, #1118 ) ;
#352 = ORIENTED_EDGE ( 'NONE', *, *, #803, .F. ) ;
#353 = PLANE ( 'NONE',  #1484 ) ;
#354 = ADVANCED_FACE ( 'NONE', ( #1149 ), #990, .T. ) ;
#355 = FACE_OUTER_BOUND ( 'NONE', #72, .T. ) ;
#356 = PLANE ( 'NONE',  #248 ) ;
#357 = ORIENTED_EDGE ( 'NONE', *, *, #1232, .F. ) ;
#358 = DIRECTION ( 'NONE',  ( 0.000000000000000000, 0.000000000000000000, -1.000000000000000000 ) ) ;
#359 = ORIENTED_EDGE ( 'NONE', *, *, #685, .F. ) ;
#360 = DIRECTION ( 'NONE',  ( -3.414809992080328037E-16, 0.000000000000000000, -1.000000000000000000 ) ) ;
#361 = CARTESIAN_POINT ( 'NONE',  ( 0.1022196781220486989, -0.2500000000000000000, 0.1660606437559025150 ) ) ;
#362 = CARTESIAN_POINT ( 'NONE',  ( -1.242499999999999938, 0.2500000000000000000, 0.4124999999999999778 ) ) ;
#363 = AXIS2_PLACEMENT_3D ( 'NONE', #158, #1248, #1390 ) ;
#364 = VERTEX_POINT ( 'NONE', #1039 ) ;
#365 = EDGE_CURVE ( 'NONE', #1441, #605, #21, .T. ) ;
#366 = CARTESIAN_POINT ( 'NONE',  ( 2.388061258337338397E-17, -0.6875000000000003331, 0.1950000000000000067 ) ) ;
#367 = FACE_OUTER_BOUND ( 'NONE', #524, .T. ) ;
#368 = VECTOR ( 'NONE', #1001, 39.37007874015748143 ) ;
#369 = DIRECTION ( 'NONE',  ( -0.8515930449020642223, 0.000000000000000000, 0.5242034775489675669 ) ) ;
#370 = DIRECTION ( 'NONE',  ( -0.000000000000000000, -0.000000000000000000, -1.000000000000000000 ) ) ;
#371 = ORIENTED_EDGE ( 'NONE', *, *, #713, .T. ) ;
#372 = EDGE_CURVE ( 'NONE', #1084, #420, #753, .T. ) ;
#373 = DIRECTION ( 'NONE',  ( 9.756599977372373568E-17, -0.000000000000000000, 1.000000000000000000 ) ) ;
#374 = AXIS2_PLACEMENT_3D ( 'NONE', #251, #123, #876 ) ;
#375 = DIRECTION ( 'NONE',  ( 0.8515930449020641113, 0.000000000000000000, -0.5242034775489675669 ) ) ;
#376 = B_SPLINE_CURVE_WITH_KNOTS ( 'NONE', 3,
 ( #412, #1388, #284, #641, #1030, #261, #887, #759, #519, #910, #1238, #380, #1129, #292 ),
 .UNSPECIFIED., .F., .F.,
 ( 4, 2, 2, 2, 2, 2, 4 ),
 ( -1.007969004881523420E-05, 0.0004215945329535738129, 0.0008532687559559628838, 0.001716617201960747097, 0.002579965647965531527, 0.003011639870967922333, 0.003443314093970312705 ),
 .UNSPECIFIED. ) ;
#377 = CARTESIAN_POINT ( 'NONE',  ( -1.242499999999999938, -0.2500000000000000000, 0.4124999999999999778 ) ) ;
#378 = PLANE ( 'NONE',  #1422 ) ;
#379 = ORIENTED_EDGE ( 'NONE', *, *, #333, .F. ) ;
#380 = CARTESIAN_POINT ( 'NONE',  ( 0.1428679603979510770, 0.2493269428178690184, 0.5879753500402915556 ) ) ;
#381 = ADVANCED_FACE ( 'NONE', ( #272 ), #286, .T. ) ;
#382 = CARTESIAN_POINT ( 'NONE',  ( -0.1325000000000000067, -0.2500000000000000000, 1.292749497001839615E-17 ) ) ;
#383 = EDGE_CURVE ( 'NONE', #1385, #1042, #1518, .T. ) ;
#384 = DIRECTION ( 'NONE',  ( -0.8515930449020641113, 0.000000000000000000, 0.5242034775489675669 ) ) ;
#385 = DIRECTION ( 'NONE',  ( 0.5242034775489675669, 0.000000000000000000, 0.8515930449020642223 ) ) ;
#386 = VERTEX_POINT ( 'NONE', #42 ) ;
#387 = VECTOR ( 'NONE', #287, 39.37007874015748143 ) ;
#388 = EDGE_LOOP ( 'NONE', ( #200, #107, #915, #1354 ) ) ;
#389 = VECTOR ( 'NONE', #1093, 39.37007874015748143 ) ;
#390 = CARTESIAN_POINT ( 'NONE',  ( -1.179999999999999938, 0.1874999999999999722, -0.1499999999999999667 ) ) ;
#391 = CARTESIAN_POINT ( 'NONE',  ( -1.179999999999999938, 0.2500000000000000000, -0.1499999999999999667 ) ) ;
#392 = AXIS2_PLACEMENT_3D ( 'NONE', #702, #1417, #193 ) ;
#393 = DIRECTION ( 'NONE',  ( -0.8515930449020642223, 0.000000000000000000, -0.5242034775489675669 ) ) ;
#395 = EDGE_CURVE ( 'NONE', #341, #574, #669, .T. ) ;
#394 = CARTESIAN_POINT ( 'NONE',  ( 0.1950000000000000067, 0.2500000000000000000, -2.410362546262278811E-17 ) ) ;
#396 = CLOSED_SHELL ( 'NONE', ( #44, #951, #1466, #1263, #1389, #1064, #549, #327, #1177, #1244, #283, #99, #773, #833, #1206, #1412, #604, #1464, #1361, #650, #1380, #1515, #873, #85, #422, #704, #1151, #963, #572, #1399, #693, #663, #219, #354, #933, #1349, #381, #972, #1198, #57, #919, #992, #1370, #1236, #494, #18, #792, #1215, #1044, #782 ) ) ;
#397 = ORIENTED_EDGE ( 'NONE', *, *, #1273, .T. ) ;
#398 = EDGE_LOOP ( 'NONE', ( #1167, #1326, #900, #1153 ) ) ;
#399 = CARTESIAN_POINT ( 'NONE',  ( 0.1375000000000000666, 0.6875000000000001110, 0.05000000000000000278 ) ) ;
#400 = LINE ( 'NONE', #58, #907 ) ;
#401 = VECTOR ( 'NONE', #599, 39.37007874015748143 ) ;
#402 = DIRECTION ( 'NONE',  ( 1.000000000000000000, -0.000000000000000000, -3.414809992080328037E-16 ) ) ;
#403 = DIRECTION ( 'NONE',  ( -2.941990147023053000E-16, 0.000000000000000000, -1.000000000000000000 ) ) ;
#404 = ORIENTED_EDGE ( 'NONE', *, *, #531, .F. ) ;
#405 = ORIENTED_EDGE ( 'NONE', *, *, #1140, .T. ) ;
#406 = CARTESIAN_POINT ( 'NONE',  ( 0.1524203477548967955, 1.096216032218404024, 0.1351593044902064666 ) ) ;
#407 = CARTESIAN_POINT ( 'NONE',  ( 0.1950000000000000067, -0.1874999999999999722, -2.410362546262278811E-17 ) ) ;
#408 = CYLINDRICAL_SURFACE ( 'NONE', #781, 0.1950000000000000067 ) ;
#409 = DIRECTION ( 'NONE',  ( -1.000000000000000000, 0.000000000000000000, 2.941990147023053000E-16 ) ) ;
#410 = EDGE_LOOP ( 'NONE', ( #1168, #177, #16, #17 ) ) ;
#411 = VERTEX_POINT ( 'NONE', #1017 ) ;
#412 = CARTESIAN_POINT ( 'NONE',  ( 0.1950000000000000067, 0.1874999999999999722, 0.4999999999999994449 ) ) ;
#413 = EDGE_CURVE ( 'NONE', #1084, #1042, #960, .T. ) ;
#414 = CIRCLE ( 'NONE', #1108, 0.06250000000000000000 ) ;
#415 = CARTESIAN_POINT ( 'NONE',  ( -0.1949999999999999512, 0.2241116523516815395, 0.3499999999999998113 ) ) ;
#416 = VECTOR ( 'NONE', #1063, 39.37007874015748143 ) ;
#417 = DIRECTION ( 'NONE',  ( -0.000000000000000000, -1.000000000000000000, -0.000000000000000000 ) ) ;
#418 = DIRECTION ( 'NONE',  ( 1.224646799147353207E-16, 0.000000000000000000, -1.000000000000000000 ) ) ;
#419 = VERTEX_POINT ( 'NONE', #1493 ) ;
#420 = VERTEX_POINT ( 'NONE', #1401 ) ;
#421 = DIRECTION ( 'NONE',  ( 0.000000000000000000, 1.000000000000000000, 0.000000000000000000 ) ) ;
#422 = ADVANCED_FACE ( 'NONE', ( #898 ), #1255, .T. ) ;
#423 = CARTESIAN_POINT ( 'NONE',  ( -0.1691116523516815462, 0.2500000000000000555, 0.3758883476483182995 ) ) ;
#424 = ORIENTED_EDGE ( 'NONE', *, *, #1075, .F. ) ;
#425 = DIRECTION ( 'NONE',  ( -1.000000000000000000, 0.000000000000000000, 0.000000000000000000 ) ) ;
#426 = DIRECTION ( 'NONE',  ( 0.000000000000000000, 1.365923996832132595E-16, -1.000000000000000000 ) ) ;
#427 = ORIENTED_EDGE ( 'NONE', *, *, #1123, .F. ) ;
#428 = AXIS2_PLACEMENT_3D ( 'NONE', #468, #1204, #1285 ) ;
#429 = ORIENTED_EDGE ( 'NONE', *, *, #724, .F. ) ;
#430 = LINE ( 'NONE', #1531, #1121 ) ;
#431 = CARTESIAN_POINT ( 'NONE',  ( 0.2000000000000000111, 1.096216032218404024, 0.05000000000000000278 ) ) ;
#432 = ORIENTED_EDGE ( 'NONE', *, *, #1120, .T. ) ;
#433 = CARTESIAN_POINT ( 'NONE',  ( 0.000000000000000000, -0.6875000000000003331, 0.000000000000000000 ) ) ;
#434 = CARTESIAN_POINT ( 'NONE',  ( 0.1022196781220486989, 1.096216032218404024, 0.1660606437559025428 ) ) ;
#435 = EDGE_CURVE ( 'NONE', #1152, #605, #259, .T. ) ;
#436 = DIRECTION ( 'NONE',  ( 0.000000000000000000, 0.000000000000000000, 1.000000000000000000 ) ) ;
#437 = ORIENTED_EDGE ( 'NONE', *, *, #198, .T. ) ;
#438 = CARTESIAN_POINT ( 'NONE',  ( 5.720240088256388356E-17, 0.1874999999999999722, 0.4124999999999998113 ) ) ;
#439 = CARTESIAN_POINT ( 'NONE',  ( 0.06945696077523820511, -0.6875000000000001110, -0.1128360784495234942 ) ) ;
#440 = VECTOR ( 'NONE', #628, 39.37007874015748143 ) ;
#441 = EDGE_LOOP ( 'NONE', ( #1371, #1003, #525, #186, #1274, #32, #371, #707 ) ) ;
#442 = DIRECTION ( 'NONE',  ( -0.000000000000000000, -1.000000000000000000, -0.000000000000000000 ) ) ;
#443 = LENGTH_MEASURE_WITH_UNIT ( LENGTH_MEASURE( 0.02539999999999999897 ), #1313 );
#444 = EDGE_CURVE ( 'NONE', #757, #968, #1409, .T. ) ;
#445 = CARTESIAN_POINT ( 'NONE',  ( 0.1945956509220378161, -0.1954475314745984516, 0.08248570555871639898 ) ) ;
#446 = AXIS2_PLACEMENT_3D ( 'NONE', #467, #195, #940 ) ;
#447 = EDGE_LOOP ( 'NONE', ( #432, #664, #779, #1089 ) ) ;
#448 = FACE_OUTER_BOUND ( 'NONE', #1520, .T. ) ;
#449 = CARTESIAN_POINT ( 'NONE',  ( -1.329999999999999849, 0.2500000000000000000, -0.2500000000000000000 ) ) ;
#450 = APPLICATION_PROTOCOL_DEFINITION ( 'draft international standard', 'automotive_design', 1998, #294 ) ;
#451 = CARTESIAN_POINT ( 'NONE',  ( 0.000000000000000000, 0.6875000000000001110, 0.1325000000000000067 ) ) ;
#452 = AXIS2_PLACEMENT_3D ( 'NONE', #399, #1481, #155 ) ;
#453 = TOROIDAL_SURFACE ( 'NONE', #1421, 0.1325000000000000067, 0.06250000000000000000 ) ;
#454 = VERTEX_POINT ( 'NONE', #931 ) ;
#455 = EDGE_CURVE ( 'NONE', #765, #332, #596, .T. ) ;
#456 = CARTESIAN_POINT ( 'NONE',  ( 0.1932788063122406474, 0.2024994937273296158, 0.08609345918740554660 ) ) ;
#457 = ORIENTED_EDGE ( 'NONE', *, *, #1544, .F. ) ;
#458 = DIRECTION ( 'NONE',  ( -0.000000000000000000, -1.000000000000000000, -0.000000000000000000 ) ) ;
#459 = DIRECTION ( 'NONE',  ( -1.000000000000000000, 0.000000000000000000, 0.000000000000000000 ) ) ;
#460 = ORIENTED_EDGE ( 'NONE', *, *, #37, .T. ) ;
#461 = EDGE_CURVE ( 'NONE', #305, #1400, #1480, .T. ) ;
#462 = DIRECTION ( 'NONE',  ( 0.8515930449020642223, 0.000000000000000000, -0.5242034775489675669 ) ) ;
#463 = EDGE_LOOP ( 'NONE', ( #291, #1336, #695, #348 ) ) ;
#464 = CARTESIAN_POINT ( 'NONE',  ( 0.1000000000000000194, -0.6875000000000001110, -0.05000000000000000971 ) ) ;
#465 = AXIS2_PLACEMENT_3D ( 'NONE', #607, #1359, #491 ) ;
#466 = AXIS2_PLACEMENT_3D ( 'NONE', #83, #458, #954 ) ;
#467 = CARTESIAN_POINT ( 'NONE',  ( -1.179999999999999938, 0.2500000000000000000, 0.3499999999999999778 ) ) ;
#468 = CARTESIAN_POINT ( 'NONE',  ( 0.1000000000000000194, 0.6875000000000001110, -0.05000000000000000971 ) ) ;
#469 = ORIENTED_EDGE ( 'NONE', *, *, #1553, .F. ) ;
#470 = CIRCLE ( 'NONE', #758, 0.1950000000000000067 ) ;
#471 = CARTESIAN_POINT ( 'NONE',  ( 0.2000000000000000111, 0.6875000000000001110, 0.05000000000000000278 ) ) ;
#472 = AXIS2_PLACEMENT_3D ( 'NONE', #202, #324, #459 ) ;
#473 = EDGE_CURVE ( 'NONE', #559, #1084, #342, .T. ) ;
#474 = VERTEX_POINT ( 'NONE', #1438 ) ;
#475 = DIRECTION ( 'NONE',  ( 0.000000000000000000, 0.000000000000000000, -1.000000000000000000 ) ) ;
#476 = DIRECTION ( 'NONE',  ( 0.000000000000000000, 0.000000000000000000, -1.000000000000000000 ) ) ;
#477 = LINE ( 'NONE', #1514, #328 ) ;
#478 = ORIENTED_EDGE ( 'NONE', *, *, #1513, .T. ) ;
#479 = CARTESIAN_POINT ( 'NONE',  ( -0.1885501238459010576, -0.2154063262507612264, 0.05015871148787559575 ) ) ;
#480 = AXIS2_PLACEMENT_3D ( 'NONE', #844, #565, #688 ) ;
#481 = AXIS2_PLACEMENT_3D ( 'NONE', #1076, #213, #179 ) ;
#482 = ORIENTED_EDGE ( 'NONE', *, *, #1448, .F. ) ;
#483 = DIRECTION ( 'NONE',  ( 0.000000000000000000, 1.000000000000000000, 0.000000000000000000 ) ) ;
#484 = PRODUCT_DEFINITION ( 'UNKNOWN', '', #125, #1299 ) ;
#485 = CARTESIAN_POINT ( 'NONE',  ( -0.1949999999999999789, 0.2500000000000000000, 0.3499999999999998113 ) ) ;
#487 = EDGE_CURVE ( 'NONE', #764, #1385, #470, .T. ) ;
#486 = CARTESIAN_POINT ( 'NONE',  ( 0.1524203477548967955, 0.6875000000000001110, -0.1351593044902064666 ) ) ;
#488 = EDGE_LOOP ( 'NONE', ( #863, #692, #429, #510 ) ) ;
#489 = CARTESIAN_POINT ( 'NONE',  ( -1.329999999999999849, 0.2500000000000000000, -0.2500000000000000000 ) ) ;
#490 = DIRECTION ( 'NONE',  ( -9.756599977372373568E-17, 0.000000000000000000, -1.000000000000000000 ) ) ;
#491 = DIRECTION ( 'NONE',  ( 0.000000000000000000, 0.000000000000000000, 1.000000000000000000 ) ) ;
#492 = FACE_OUTER_BOUND ( 'NONE', #1014, .T. ) ;
#493 = CIRCLE ( 'NONE', #1309, 0.1325000000000000067 ) ;
#494 = ADVANCED_FACE ( 'NONE', ( #69 ), #1295, .T. ) ;
#495 = ORIENTED_EDGE ( 'NONE', *, *, #1581, .T. ) ;
#496 = VECTOR ( 'NONE', #476, 39.37007874015748143 ) ;
#497 = LINE ( 'NONE', #1083, #247 ) ;
#498 = LINE ( 'NONE', #113, #440 ) ;
#499 = CIRCLE ( 'NONE', #811, 0.06249999999999995143 ) ;
#500 = DIRECTION ( 'NONE',  ( 0.5242034775489676779, 0.000000000000000000, 0.8515930449020641113 ) ) ;
#501 = DIRECTION ( 'NONE',  ( 0.000000000000000000, -1.000000000000000000, 0.000000000000000000 ) ) ;
#502 = VERTEX_POINT ( 'NONE', #92 ) ;
#503 = EDGE_CURVE ( 'NONE', #1004, #741, #1556, .T. ) ;
#504 = CARTESIAN_POINT ( 'NONE',  ( -1.179999999999999938, -0.2241116523516815395, 0.3499999999999999778 ) ) ;
#505 = STYLED_ITEM ( 'NONE', ( #1494 ), #1503 ) ;
#506 = DIRECTION ( 'NONE',  ( 0.000000000000000000, 0.000000000000000000, -1.000000000000000000 ) ) ;
#507 = LINE ( 'NONE', #867, #496 ) ;
#508 = CARTESIAN_POINT ( 'NONE',  ( -1.179999999999999938, 0.1874999999999999722, 0.3499999999999999778 ) ) ;
#509 = ORIENTED_EDGE ( 'NONE', *, *, #9, .F. ) ;
#510 = ORIENTED_EDGE ( 'NONE', *, *, #1333, .F. ) ;
#511 = CARTESIAN_POINT ( 'NONE',  ( 0.1325000000000000067, -0.2500000000000000000, 0.5927024810886952766 ) ) ;
#512 = EDGE_CURVE ( 'NONE', #1013, #1498, #201, .T. ) ;
#513 = CARTESIAN_POINT ( 'NONE',  ( -0.1324999999999999789, -0.2499999999999999167, 0.1430690392782449916 ) ) ;
#514 = DIRECTION ( 'NONE',  ( 0.000000000000000000, -1.000000000000000000, 0.000000000000000000 ) ) ;
#515 = DIRECTION ( 'NONE',  ( -1.000000000000000000, 0.000000000000000000, 1.386724869880337236E-16 ) ) ;
#516 = ORIENTED_EDGE ( 'NONE', *, *, #66, .F. ) ;
#517 = AXIS2_PLACEMENT_3D ( 'NONE', #751, #360, #12 ) ;
#518 = ORIENTED_EDGE ( 'NONE', *, *, #1280, .F. ) ;
#519 = CARTESIAN_POINT ( 'NONE',  ( 0.1687608226721198090, 0.2391869850287764443, 0.5683497273188273802 ) ) ;
#520 = DIRECTION ( 'NONE',  ( -3.414809992080328037E-16, 0.000000000000000000, -1.000000000000000000 ) ) ;
#521 = AXIS2_PLACEMENT_3D ( 'NONE', #1330, #1094, #988 ) ;
#522 = EDGE_CURVE ( 'NONE', #1135, #154, #696, .T. ) ;
#523 = CARTESIAN_POINT ( 'NONE',  ( 0.000000000000000000, -0.6875000000000003331, -0.1950000000000000067 ) ) ;
#524 = EDGE_LOOP ( 'NONE', ( #916, #991, #147, #1051 ) ) ;
#525 = ORIENTED_EDGE ( 'NONE', *, *, #1544, .T. ) ;
#526 = DIRECTION ( 'NONE',  ( 0.000000000000000000, 0.000000000000000000, -1.000000000000000000 ) ) ;
#527 = DIRECTION ( 'NONE',  ( 0.000000000000000000, -1.000000000000000000, 0.000000000000000000 ) ) ;
#528 = CIRCLE ( 'NONE', #428, 0.1000000000000000194 ) ;
#529 = FACE_OUTER_BOUND ( 'NONE', #656, .T. ) ;
#530 = MECHANICAL_DESIGN_GEOMETRIC_PRESENTATION_REPRESENTATION (  '', ( #505 ), #976 ) ;
#531 = EDGE_CURVE ( 'NONE', #332, #1042, #1235, .T. ) ;
#532 = EDGE_LOOP ( 'NONE', ( #930, #326, #181, #281 ) ) ;
#533 = ORIENTED_EDGE ( 'NONE', *, *, #228, .F. ) ;
#534 = CARTESIAN_POINT ( 'NONE',  ( -0.1934644682838690399, -0.2017273339976025370, 0.02522575211002533666 ) ) ;
#535 = CARTESIAN_POINT ( 'NONE',  ( 0.1950000000000000067, 0.2500000000000000000, 0.4999999999999994449 ) ) ;
#536 = CARTESIAN_POINT ( 'NONE',  ( 0.1022196781220486989, 1.096216032218404024, 0.1660606437559025428 ) ) ;
#537 = CARTESIAN_POINT ( 'NONE',  ( 0.000000000000000000, -0.6875000000000001110, 0.000000000000000000 ) ) ;
#538 = ORIENTED_EDGE ( 'NONE', *, *, #891, .F. ) ;
#539 = EDGE_CURVE ( 'NONE', #1521, #655, #1086, .T. ) ;
#540 = ORIENTED_EDGE ( 'NONE', *, *, #1091, .T. ) ;
#541 = CYLINDRICAL_SURFACE ( 'NONE', #895, 0.06250000000000000000 ) ;
#542 = CIRCLE ( 'NONE', #987, 0.1950000000000000067 ) ;
#543 = FACE_OUTER_BOUND ( 'NONE', #1489, .T. ) ;
#544 = VECTOR ( 'NONE', #514, 39.37007874015748143 ) ;
#545 = CARTESIAN_POINT ( 'NONE',  ( -1.179999999999999938, -0.1874999999999999722, 0.3499999999999999778 ) ) ;
#546 = DIRECTION ( 'NONE',  ( 0.000000000000000000, 0.000000000000000000, 1.000000000000000000 ) ) ;
#547 = ORIENTED_EDGE ( 'NONE', *, *, #1028, .F. ) ;
#548 = EDGE_LOOP ( 'NONE', ( #223, #770, #877, #926 ) ) ;
#549 = ADVANCED_FACE ( 'NONE', ( #1056 ), #1179, .T. ) ;
#550 = CARTESIAN_POINT ( 'NONE',  ( 0.1375000000000000111, 0.6875000000000001110, 0.05000000000000000278 ) ) ;
#551 = B_SPLINE_CURVE_WITH_KNOTS ( 'NONE', 3,
 ( #511, #40, #1253, #1267, #1490, #10, #278, #1015, #270, #1000, #633, #1247 ),
 .UNSPECIFIED., .F., .F.,
 ( 4, 2, 2, 2, 2, 4 ),
 ( 0.000000000000000000, 0.0004321921539464396601, 0.0008643843078928793201, 0.001728768615785761676, 0.002593152923678644032, 0.003457537231571526388 ),
 .UNSPECIFIED. ) ;
#552 = EDGE_CURVE ( 'NONE', #1092, #45, #679, .T. ) ;
#553 = DIRECTION ( 'NONE',  ( 0.000000000000000000, 0.000000000000000000, 1.000000000000000000 ) ) ;
#554 = CARTESIAN_POINT ( 'NONE',  ( -0.1885505350294759408, 0.2154055064401239894, 0.05015717692782598047 ) ) ;
#555 = CARTESIAN_POINT ( 'NONE',  ( 1.622657008870243104E-17, 0.6875000000000001110, -0.1325000000000000067 ) ) ;
#556 = AXIS2_PLACEMENT_3D ( 'NONE', #1005, #1379, #1122 ) ;
#557 = ORIENTED_EDGE ( 'NONE', *, *, #228, .T. ) ;
#558 = CIRCLE ( 'NONE', #871, 0.1950000000000000067 ) ;
#559 = VERTEX_POINT ( 'NONE', #1078 ) ;
#560 = FACE_OUTER_BOUND ( 'NONE', #1033, .T. ) ;
#561 = DIRECTION ( 'NONE',  ( -0.000000000000000000, -0.000000000000000000, 1.000000000000000000 ) ) ;
#562 = EDGE_CURVE ( 'NONE', #162, #585, #285, .T. ) ;
#563 = ORIENTED_EDGE ( 'NONE', *, *, #614, .T. ) ;
#564 = DIRECTION ( 'NONE',  ( 3.552713678800500929E-15, 0.000000000000000000, 1.000000000000000000 ) ) ;
#565 = DIRECTION ( 'NONE',  ( -0.000000000000000000, -1.000000000000000000, 0.000000000000000000 ) ) ;
#566 = LINE ( 'NONE', #1537, #240 ) ;
#567 = ORIENTED_EDGE ( 'NONE', *, *, #372, .F. ) ;
#568 = CARTESIAN_POINT ( 'NONE',  ( 0.1945933536864623559, 0.1954664004911227937, 0.08249262903332479913 ) ) ;
#569 = VECTOR ( 'NONE', #249, 39.37007874015748143 ) ;
#570 = ORIENTED_EDGE ( 'NONE', *, *, #825, .F. ) ;
#571 = CARTESIAN_POINT ( 'NONE',  ( -1.179999999999999938, 0.2500000000000000000, -0.1499999999999999667 ) ) ;
#572 = ADVANCED_FACE ( 'NONE', ( #843 ), #606, .T. ) ;
#573 = CARTESIAN_POINT ( 'NONE',  ( 0.1950000000000000067, -0.1874999999999999722, 0.08122498999199215253 ) ) ;
#574 = VERTEX_POINT ( 'NONE', #1459 ) ;
#575 = VECTOR ( 'NONE', #861, 39.37007874015748143 ) ;
#576 = CARTESIAN_POINT ( 'NONE',  ( 0.1000000000000000194, 0.6875000000000001110, -0.05000000000000000971 ) ) ;
#577 = CARTESIAN_POINT ( 'NONE',  ( -0.1378993552301656100, 0.2499999999999999722, 0.1380685543962182626 ) ) ;
#578 = CARTESIAN_POINT ( 'NONE',  ( 0.000000000000000000, 0.000000000000000000, 0.000000000000000000 ) ) ;
#579 = EDGE_LOOP ( 'NONE', ( #1158, #1029, #600, #23 ) ) ;
#580 = EDGE_CURVE ( 'NONE', #796, #252, #232, .T. ) ;
#581 = AXIS2_PLACEMENT_3D ( 'NONE', #555, #1510, #418 ) ;
#582 = ORIENTED_EDGE ( 'NONE', *, *, #1403, .T. ) ;
#583 = AXIS2_PLACEMENT_3D ( 'NONE', #439, #1192, #88 ) ;
#584 = CARTESIAN_POINT ( 'NONE',  ( 0.1949999999999999789, 0.1915587897213247570, 0.08122498999199219416 ) ) ;
#585 = VERTEX_POINT ( 'NONE', #980 ) ;
#586 = DIRECTION ( 'NONE',  ( -0.000000000000000000, -0.000000000000000000, 1.000000000000000000 ) ) ;
#587 = DIRECTION ( 'NONE',  ( 0.000000000000000000, 0.000000000000000000, 1.000000000000000000 ) ) ;
#588 = AXIS2_PLACEMENT_3D ( 'NONE', #578, #587, #712 ) ;
#589 = CARTESIAN_POINT ( 'NONE',  ( 0.1791224362206585430, -0.2295575567529669903, 0.1114843236585761899 ) ) ;
#590 = CARTESIAN_POINT ( 'NONE',  ( 2.005359133603791367E-17, 0.7500000000000001110, -0.1325000000000000344 ) ) ;
#591 = ORIENTED_EDGE ( 'NONE', *, *, #880, .F. ) ;
#592 = EDGE_CURVE ( 'NONE', #786, #1414, #971, .T. ) ;
#593 = CYLINDRICAL_SURFACE ( 'NONE', #1046, 0.1950000000000000067 ) ;
#594 = EDGE_LOOP ( 'NONE', ( #538, #282, #289, #540, #277, #101 ) ) ;
#595 = DIRECTION ( 'NONE',  ( 0.000000000000000000, 1.000000000000000000, 0.000000000000000000 ) ) ;
#596 = CIRCLE ( 'NONE', #1356, 0.1950000000000000067 ) ;
#597 = VECTOR ( 'NONE', #1224, 39.37007874015748143 ) ;
#598 = CARTESIAN_POINT ( 'NONE',  ( -1.429999999999999716, 0.2500000000000000000, -0.1499999999999999667 ) ) ;
#599 = DIRECTION ( 'NONE',  ( -1.000000000000000000, -0.000000000000000000, -0.000000000000000000 ) ) ;
#600 = ORIENTED_EDGE ( 'NONE', *, *, #157, .T. ) ;
#601 = AXIS2_PLACEMENT_3D ( 'NONE', #1541, #1070, #1549 ) ;
#602 = CARTESIAN_POINT ( 'NONE',  ( -0.1685761023865299524, -0.2393096546249223466, 0.09901631451240719417 ) ) ;
#603 = AXIS2_PLACEMENT_3D ( 'NONE', #1431, #331, #316 ) ;
#604 = ADVANCED_FACE ( 'NONE', ( #367 ), #1230, .F. ) ;
#605 = VERTEX_POINT ( 'NONE', #1343 ) ;
#606 = CYLINDRICAL_SURFACE ( 'NONE', #1383, 0.1000000000000000194 ) ;
#607 = CARTESIAN_POINT ( 'NONE',  ( 0.1000000000000000194, 0.7500000000000001110, -0.05000000000000000971 ) ) ;
#608 = CARTESIAN_POINT ( 'NONE',  ( -1.242499999999999938, 0.1874999999999999722, 0.000000000000000000 ) ) ;
#609 = EDGE_LOOP ( 'NONE', ( #47, #269, #1205, #1347, #131 ) ) ;
#610 = CARTESIAN_POINT ( 'NONE',  ( 0.1196576304080863434, 0.6875000000000001110, 0.08193473918382747356 ) ) ;
#611 = AXIS2_PLACEMENT_3D ( 'NONE', #762, #1241, #546 ) ;
#612 = ORIENTED_EDGE ( 'NONE', *, *, #640, .F. ) ;
#613 = DIRECTION ( 'NONE',  ( 0.000000000000000000, 1.000000000000000000, 0.000000000000000000 ) ) ;
#614 = EDGE_CURVE ( 'NONE', #655, #192, #852, .T. ) ;
#615 = DIRECTION ( 'NONE',  ( 1.000000000000000000, -0.000000000000000000, -2.941990147023053000E-16 ) ) ;
#616 = LINE ( 'NONE', #1234, #1323 ) ;
#617 = ORIENTED_EDGE ( 'NONE', *, *, #580, .F. ) ;
#618 = FACE_OUTER_BOUND ( 'NONE', #388, .T. ) ;
#619 = CARTESIAN_POINT ( 'NONE',  ( 0.1000000000000000194, -0.7500000000000001110, -0.05000000000000000971 ) ) ;
#620 = EDGE_CURVE ( 'NONE', #252, #757, #1572, .T. ) ;
#621 = DIRECTION ( 'NONE',  ( 0.8515930449020642223, -0.000000000000000000, -0.5242034775489675669 ) ) ;
#622 = DIRECTION ( 'NONE',  ( -1.000000000000000000, 0.000000000000000000, 0.000000000000000000 ) ) ;
#623 = AXIS2_PLACEMENT_3D ( 'NONE', #642, #520, #1025 ) ;
#624 = EDGE_CURVE ( 'NONE', #1178, #786, #1536, .T. ) ;
#625 = VERTEX_POINT ( 'NONE', #874 ) ;
#626 = AXIS2_PLACEMENT_3D ( 'NONE', #1344, #265, #746 ) ;
#627 = CARTESIAN_POINT ( 'NONE',  ( -0.1429146093227690317, -0.2493143836113431988, 0.1328594527146750581 ) ) ;
#628 = DIRECTION ( 'NONE',  ( 0.000000000000000000, -1.000000000000000000, 0.000000000000000000 ) ) ;
#629 = DIRECTION ( 'NONE',  ( -1.000000000000000000, 0.000000000000000000, 2.731847993664265191E-16 ) ) ;
#630 = CYLINDRICAL_SURFACE ( 'NONE', #948, 0.1950000000000000067 ) ;
#631 = ORIENTED_EDGE ( 'NONE', *, *, #205, .F. ) ;
#632 = EDGE_CURVE ( 'NONE', #786, #1252, #498, .T. ) ;
#633 = CARTESIAN_POINT ( 'NONE',  ( 0.1949999999999999234, -0.1945350203531769073, 0.5088986815485651016 ) ) ;
#634 = TOROIDAL_SURFACE ( 'NONE', #920, 0.1325000000000000067, 0.06250000000000000000 ) ;
#635 = CARTESIAN_POINT ( 'NONE',  ( -1.329999999999999849, -0.2500000000000000000, -0.2500000000000000000 ) ) ;
#636 = PLANE ( 'NONE',  #263 ) ;
#637 = DIRECTION ( 'NONE',  ( 0.000000000000000000, 0.000000000000000000, -1.000000000000000000 ) ) ;
#638 = ORIENTED_EDGE ( 'NONE', *, *, #264, .F. ) ;
#639 = EDGE_LOOP ( 'NONE', ( #570, #59, #1282, #98 ) ) ;
#640 = EDGE_CURVE ( 'NONE', #268, #341, #1012, .T. ) ;
#641 = CARTESIAN_POINT ( 'NONE',  ( 0.1935055683560831519, 0.2015386706173490916, 0.5177938387811125143 ) ) ;
#642 = CARTESIAN_POINT ( 'NONE',  ( -1.129999999999999893, 0.2500000000000000000, -0.1499999999999999944 ) ) ;
#643 = DIRECTION ( 'NONE',  ( -0.000000000000000000, 0.000000000000000000, 1.000000000000000000 ) ) ;
#644 = CARTESIAN_POINT ( 'NONE',  ( 0.1000000000000000194, 0.6875000000000001110, 0.05000000000000000971 ) ) ;
#645 = ORIENTED_EDGE ( 'NONE', *, *, #137, .T. ) ;
#646 = VECTOR ( 'NONE', #527, 39.37007874015748143 ) ;
#647 = ORIENTED_EDGE ( 'NONE', *, *, #671, .T. ) ;
#648 = CARTESIAN_POINT ( 'NONE',  ( -1.205888347648318648, -0.2500000000000000555, 0.3758883476483184105 ) ) ;
#649 = CARTESIAN_POINT ( 'NONE',  ( -0.1950000000000000067, 0.2500000000000000000, -2.410362546262278811E-17 ) ) ;
#650 = ADVANCED_FACE ( 'NONE', ( #1101 ), #995, .T. ) ;
#651 = AXIS2_PLACEMENT_3D ( 'NONE', #79, #714, #814 ) ;
#652 = DIRECTION ( 'NONE',  ( 0.5242034775489676779, 0.000000000000000000, -0.8515930449020641113 ) ) ;
#653 = CARTESIAN_POINT ( 'NONE',  ( -1.129999999999999893, -0.2500000000000000000, -0.1499999999999999944 ) ) ;
#654 = CIRCLE ( 'NONE', #1261, 0.06249999999999999306 ) ;
#655 = VERTEX_POINT ( 'NONE', #737 ) ;
#656 = EDGE_LOOP ( 'NONE', ( #469, #725, #176, #1548 ) ) ;
#657 = CARTESIAN_POINT ( 'NONE',  ( 1.622657008870243104E-17, -0.6875000000000001110, -0.1325000000000000067 ) ) ;
#658 = CYLINDRICAL_SURFACE ( 'NONE', #936, 0.06250000000000000000 ) ;
#659 = VECTOR ( 'NONE', #171, 39.37007874015748143 ) ;
#660 = COLOUR_RGB ( '',0.7921568627450980005, 0.8196078431372548767, 0.9333333333333333481 ) ;
#661 = CARTESIAN_POINT ( 'NONE',  ( 0.1375000000000000111, -0.7500000000000001110, -0.05000000000000000278 ) ) ;
#663 = ADVANCED_FACE ( 'NONE', ( #120 ), #1452, .T. ) ;
#662 = LINE ( 'NONE', #434, #1547 ) ;
#664 = ORIENTED_EDGE ( 'NONE', *, *, #1028, .T. ) ;
#665 = ORIENTED_EDGE ( 'NONE', *, *, #999, .T. ) ;
#666 = DIRECTION ( 'NONE',  ( 0.000000000000000000, -1.000000000000000000, 0.000000000000000000 ) ) ;
#667 = CARTESIAN_POINT ( 'NONE',  ( -1.129999999999999893, 0.2500000000000000000, -0.1499999999999999944 ) ) ;
#668 = B_SPLINE_CURVE_WITH_KNOTS ( 'NONE', 3,
 ( #573, #1291, #445, #1065, #1196, #1543, #94, #589, #1305, #829, #1558, #1324 ),
 .UNSPECIFIED., .F., .F.,
 ( 4, 2, 2, 2, 2, 4 ),
 ( 0.000000000000000000, 0.0003034894848254512641, 0.0006069789696509025282, 0.001213957939301807875, 0.001820936908952713006, 0.002427915878603618353 ),
 .UNSPECIFIED. ) ;
#669 = LINE ( 'NONE', #913, #1281 ) ;
#670 = SURFACE_STYLE_USAGE ( .BOTH. , #174 ) ;
#671 = EDGE_CURVE ( 'NONE', #1385, #1560, #183, .T. ) ;
#672 = VERTEX_POINT ( 'NONE', #254 ) ;
#673 = EDGE_CURVE ( 'NONE', #1004, #1135, #78, .T. ) ;
#674 = ORIENTED_EDGE ( 'NONE', *, *, #848, .F. ) ;
#675 = DIRECTION ( 'NONE',  ( 0.000000000000000000, 0.000000000000000000, 1.000000000000000000 ) ) ;
#676 = AXIS2_PLACEMENT_3D ( 'NONE', #576, #918, #553 ) ;
#677 = DIRECTION ( 'NONE',  ( 0.000000000000000000, 1.000000000000000000, 0.000000000000000000 ) ) ;
#678 = ORIENTED_EDGE ( 'NONE', *, *, #855, .T. ) ;
#679 = LINE ( 'NONE', #835, #1060 ) ;
#680 =( NAMED_UNIT ( * ) SI_UNIT ( $, .STERADIAN. ) SOLID_ANGLE_UNIT ( ) );
#681 = ORIENTED_EDGE ( 'NONE', *, *, #444, .F. ) ;
#682 = ORIENTED_EDGE ( 'NONE', *, *, #487, .T. ) ;
#683 = CARTESIAN_POINT ( 'NONE',  ( -0.1950000000000000067, 0.1874999999999999722, 1.902536995587612809E-17 ) ) ;
#684 =( BOUNDED_CURVE ( )  B_SPLINE_CURVE ( 3, ( #160, #1250, #1049, #905 ),
 .UNSPECIFIED., .F., .F. ) 
 B_SPLINE_CURVE_WITH_KNOTS ( ( 4, 4 ),
 ( 1.246411702629153462, 1.570796326794896780 ),
 .UNSPECIFIED. ) 
 CURVE ( )  GEOMETRIC_REPRESENTATION_ITEM ( )  RATIONAL_B_SPLINE_CURVE ( ( 1.000000000000000000, 0.9912504240034435421, 0.9912504240034435421, 1.000000000000000000 ) ) 
 REPRESENTATION_ITEM ( '' )  );
#685 = EDGE_CURVE ( 'NONE', #1266, #764, #879, .T. ) ;
#686 = ORIENTED_EDGE ( 'NONE', *, *, #1535, .T. ) ;
#687 = DIRECTION ( 'NONE',  ( 0.000000000000000000, -1.000000000000000000, 0.000000000000000000 ) ) ;
#688 = DIRECTION ( 'NONE',  ( 0.000000000000000000, 0.000000000000000000, -1.000000000000000000 ) ) ;
#689 = CIRCLE ( 'NONE', #298, 0.06250000000000000000 ) ;
#690 = LINE ( 'NONE', #1174, #708 ) ;
#691 = VECTOR ( 'NONE', #338, 39.37007874015748143 ) ;
#692 = ORIENTED_EDGE ( 'NONE', *, *, #1351, .F. ) ;
#693 = ADVANCED_FACE ( 'NONE', ( #1202 ), #832, .T. ) ;
#694 = CYLINDRICAL_SURFACE ( 'NONE', #132, 0.1000000000000000194 ) ;
#695 = ORIENTED_EDGE ( 'NONE', *, *, #1130, .T. ) ;
#696 = LINE ( 'NONE', #571, #416 ) ;
#697 = CARTESIAN_POINT ( 'NONE',  ( 0.1375000000000000666, -0.6875000000000001110, 0.05000000000000000971 ) ) ;
#698 = ORIENTED_EDGE ( 'NONE', *, *, #614, .F. ) ;
#699 = CARTESIAN_POINT ( 'NONE',  ( 0.1000000000000000194, -0.6875000000000001110, -0.05000000000000000971 ) ) ;
#700 = AXIS2_PLACEMENT_3D ( 'NONE', #224, #1116, #506 ) ;
#701 = VERTEX_POINT ( 'NONE', #986 ) ;
#702 = CARTESIAN_POINT ( 'NONE',  ( -0.1325000000000000067, 0.1874999999999999722, 1.292749497001839615E-17 ) ) ;
#703 = LINE ( 'NONE', #315, #15 ) ;
#704 = ADVANCED_FACE ( 'NONE', ( #1085 ), #353, .T. ) ;
#705 = AXIS2_PLACEMENT_3D ( 'NONE', #159, #1391, #306 ) ;
#706 = CARTESIAN_POINT ( 'NONE',  ( 0.1950000000000000067, 0.1874999999999999722, 0.4999999999999994449 ) ) ;
#707 = ORIENTED_EDGE ( 'NONE', *, *, #237, .T. ) ;
#708 = VECTOR ( 'NONE', #1109, 39.37007874015748143 ) ;
#709 = DIRECTION ( 'NONE',  ( 0.000000000000000000, 1.000000000000000000, -0.000000000000000000 ) ) ;
#710 = ORIENTED_EDGE ( 'NONE', *, *, #1190, .T. ) ;
#711 = CARTESIAN_POINT ( 'NONE',  ( 0.2000000000000000111, 1.096216032218404024, 0.05000000000000000278 ) ) ;
#712 = DIRECTION ( 'NONE',  ( 1.000000000000000000, 0.000000000000000000, 0.000000000000000000 ) ) ;
#713 = EDGE_CURVE ( 'NONE', #574, #411, #1231, .T. ) ;
#714 = DIRECTION ( 'NONE',  ( 0.000000000000000000, -1.000000000000000000, 0.000000000000000000 ) ) ;
#715 = FACE_OUTER_BOUND ( 'NONE', #1041, .T. ) ;
#716 = VECTOR ( 'NONE', #515, 39.37007874015748143 ) ;
#717 = ORIENTED_EDGE ( 'NONE', *, *, #580, .T. ) ;
#718 = CYLINDRICAL_SURFACE ( 'NONE', #90, 0.06249999999999999306 ) ;
#719 = ORIENTED_EDGE ( 'NONE', *, *, #673, .T. ) ;
#720 = DIRECTION ( 'NONE',  ( -1.821231995776174296E-15, 0.000000000000000000, 1.000000000000000000 ) ) ;
#721 = CARTESIAN_POINT ( 'NONE',  ( 0.1022196781220486989, -0.2499999999999999167, 0.1660606437559025428 ) ) ;
#722 = LINE ( 'NONE', #1203, #1540 ) ;
#723 = CARTESIAN_POINT ( 'NONE',  ( -1.179999999999999938, 0.1874999999999999722, 0.3499999999999999778 ) ) ;
#724 = EDGE_CURVE ( 'NONE', #1100, #474, #738, .T. ) ;
#725 = ORIENTED_EDGE ( 'NONE', *, *, #333, .T. ) ;
#726 = EDGE_CURVE ( 'NONE', #45, #454, #1031, .T. ) ;
#727 = CARTESIAN_POINT ( 'NONE',  ( 2.388061258337338397E-17, 0.7500000000000001110, 0.1950000000000000067 ) ) ;
#728 = ORIENTED_EDGE ( 'NONE', *, *, #276, .F. ) ;
#729 = CARTESIAN_POINT ( 'NONE',  ( -1.129999999999999893, 0.2500000000000000000, -0.2500000000000000000 ) ) ;
#730 = VECTOR ( 'NONE', #1357, 39.37007874015748143 ) ;
#731 = CARTESIAN_POINT ( 'NONE',  ( 0.06945696077523823286, -0.7500000000000001110, 0.1128360784495235497 ) ) ;
#732 = LINE ( 'NONE', #143, #222 ) ;
#733 = EDGE_LOOP ( 'NONE', ( #405, #869, #810, #674 ) ) ;
#734 = EDGE_CURVE ( 'NONE', #305, #1512, #34, .T. ) ;
#735 = CARTESIAN_POINT ( 'NONE',  ( 0.1196576304080863434, 0.6875000000000001110, -0.08193473918382747356 ) ) ;
#736 = ORIENTED_EDGE ( 'NONE', *, *, #1573, .F. ) ;
#737 = CARTESIAN_POINT ( 'NONE',  ( 0.1375000000000000666, 0.7500000000000001110, 0.05000000000000000278 ) ) ;
#738 =( BOUNDED_CURVE ( )  B_SPLINE_CURVE ( 3, ( #279, #415, #423, #1500 ),
 .UNSPECIFIED., .F., .F. ) 
 B_SPLINE_CURVE_WITH_KNOTS ( ( 4, 4 ),
 ( 0.000000000000000000, 1.570796326794896558 ),
 .UNSPECIFIED. ) 
 CURVE ( )  GEOMETRIC_REPRESENTATION_ITEM ( )  RATIONAL_B_SPLINE_CURVE ( ( 1.000000000000000000, 0.8047378541243649375, 0.8047378541243649375, 1.000000000000000000 ) ) 
 REPRESENTATION_ITEM ( '' )  );
#739 = CARTESIAN_POINT ( 'NONE',  ( 0.1196576304080863296, 0.6875000000000001110, -0.08193473918382744581 ) ) ;
#740 = DIRECTION ( 'NONE',  ( 0.000000000000000000, 1.000000000000000000, 0.000000000000000000 ) ) ;
#741 = VERTEX_POINT ( 'NONE', #667 ) ;
#742 = DIRECTION ( 'NONE',  ( -0.000000000000000000, -1.000000000000000000, -0.000000000000000000 ) ) ;
#743 = TOROIDAL_SURFACE ( 'NONE', #481, 0.1325000000000000067, 0.06250000000000000000 ) ;
#744 = DIRECTION ( 'NONE',  ( 1.000000000000000000, -0.000000000000000000, -2.941990147023053000E-16 ) ) ;
#745 = EDGE_CURVE ( 'NONE', #1414, #1456, #808, .T. ) ;
#746 = DIRECTION ( 'NONE',  ( 0.000000000000000000, 0.000000000000000000, 1.000000000000000000 ) ) ;
#747 = CARTESIAN_POINT ( 'NONE',  ( 0.09500000000000002887, 0.2500000000000000000, 0.5999999999999994227 ) ) ;
#748 = VECTOR ( 'NONE', #70, 39.37007874015748143 ) ;
#749 = EDGE_LOOP ( 'NONE', ( #805, #1165, #518, #169 ) ) ;
#750 = CARTESIAN_POINT ( 'NONE',  ( 0.1324999999999999789, -0.2500000000000000000, 0.1474214003699380326 ) ) ;
#751 = CARTESIAN_POINT ( 'NONE',  ( -1.242499999999999938, 0.1874999999999999722, -0.1499999999999999667 ) ) ;
#752 = CARTESIAN_POINT ( 'NONE',  ( 0.1524203477548967955, -0.6875000000000001110, 0.1351593044902064666 ) ) ;
#753 = CIRCLE ( 'NONE', #807, 0.1325000000000000067 ) ;
#755 = EDGE_CURVE ( 'NONE', #454, #1365, #783, .T. ) ;
#754 = CARTESIAN_POINT ( 'NONE',  ( -1.179999999999999938, 0.2500000000000000000, 0.4124999999999999778 ) ) ;
#756 = AXIS2_PLACEMENT_3D ( 'NONE', #1444, #595, #859 ) ;
#757 = VERTEX_POINT ( 'NONE', #635 ) ;
#758 = AXIS2_PLACEMENT_3D ( 'NONE', #1312, #1321, #827 ) ;
#759 = CARTESIAN_POINT ( 'NONE',  ( 0.1752696069146675029, 0.2337353986800096151, 0.5604093231202094127 ) ) ;
#760 = DIRECTION ( 'NONE',  ( -0.8515930449020642223, -0.000000000000000000, -0.5242034775489675669 ) ) ;
#761 = CARTESIAN_POINT ( 'NONE',  ( 0.1196576304080863296, -0.7500000000000001110, -0.08193473918382744581 ) ) ;
#762 = CARTESIAN_POINT ( 'NONE',  ( 0.000000000000000000, 0.7500000000000001110, 0.000000000000000000 ) ) ;
#763 = EDGE_CURVE ( 'NONE', #585, #765, #262, .T. ) ;
#764 = VERTEX_POINT ( 'NONE', #513 ) ;
#765 = VERTEX_POINT ( 'NONE', #1262 ) ;
#766 = CYLINDRICAL_SURFACE ( 'NONE', #870, 0.1000000000000000194 ) ;
#767 = CIRCLE ( 'NONE', #452, 0.06250000000000000000 ) ;
#768 = CIRCLE ( 'NONE', #65, 0.06249999999999995143 ) ;
#769 = FACE_OUTER_BOUND ( 'NONE', #950, .T. ) ;
#770 = ORIENTED_EDGE ( 'NONE', *, *, #1036, .T. ) ;
#771 = ORIENTED_EDGE ( 'NONE', *, *, #1104, .F. ) ;
#772 = CARTESIAN_POINT ( 'NONE',  ( 0.1950000000000000067, 1.096216032218404024, 0.08122498999199215253 ) ) ;
#773 = ADVANCED_FACE ( 'NONE', ( #896 ), #1239, .F. ) ;
#774 = DIRECTION ( 'NONE',  ( 0.000000000000000000, -0.000000000000000000, 1.000000000000000000 ) ) ;
#775 = DIRECTION ( 'NONE',  ( 0.000000000000000000, 1.000000000000000000, 0.000000000000000000 ) ) ;
#776 = CARTESIAN_POINT ( 'NONE',  ( 0.2000000000000000111, -0.6875000000000001110, 0.05000000000000000278 ) ) ;
#777 = ORIENTED_EDGE ( 'NONE', *, *, #1187, .T. ) ;
#778 = AXIS2_PLACEMENT_3D ( 'NONE', #1381, #1375, #293 ) ;
#779 = ORIENTED_EDGE ( 'NONE', *, *, #1075, .T. ) ;
#780 = FACE_OUTER_BOUND ( 'NONE', #1578, .T. ) ;
#781 = AXIS2_PLACEMENT_3D ( 'NONE', #296, #1026, #904 ) ;
#782 = ADVANCED_FACE ( 'NONE', ( #769 ), #658, .T. ) ;
#783 = LINE ( 'NONE', #407, #26 ) ;
#784 = CARTESIAN_POINT ( 'NONE',  ( 0.000000000000000000, -0.6875000000000001110, 0.000000000000000000 ) ) ;
#785 = CIRCLE ( 'NONE', #994, 0.1325000000000000067 ) ;
#786 = VERTEX_POINT ( 'NONE', #1508 ) ;
#787 =( BOUNDED_CURVE ( )  B_SPLINE_CURVE ( 3, ( #894, #648, #504, #1137 ),
 .UNSPECIFIED., .F., .F. ) 
 B_SPLINE_CURVE_WITH_KNOTS ( ( 4, 4 ),
 ( 4.712388980384689674, 6.283185307179586232 ),
 .UNSPECIFIED. ) 
 CURVE ( )  GEOMETRIC_REPRESENTATION_ITEM ( )  RATIONAL_B_SPLINE_CURVE ( ( 1.000000000000000000, 0.8047378541243649375, 0.8047378541243649375, 1.000000000000000000 ) ) 
 REPRESENTATION_ITEM ( '' )  );
#788 = EDGE_LOOP ( 'NONE', ( #1426, #612, #1517, #826 ) ) ;
#789 = CARTESIAN_POINT ( 'NONE',  ( -0.1949999999999999789, 0.1874999999999999722, 0.3499999999999998113 ) ) ;
#790 = FACE_OUTER_BOUND ( 'NONE', #733, .T. ) ;
#791 = AXIS2_PLACEMENT_3D ( 'NONE', #1447, #340, #234 ) ;
#792 = ADVANCED_FACE ( 'NONE', ( #790 ), #912, .T. ) ;
#793 = VECTOR ( 'NONE', #1566, 39.37007874015748143 ) ;
#794 = CARTESIAN_POINT ( 'NONE',  ( 0.000000000000000000, 0.6875000000000001110, 0.000000000000000000 ) ) ;
#795 = ORIENTED_EDGE ( 'NONE', *, *, #1159, .F. ) ;
#796 = VERTEX_POINT ( 'NONE', #888 ) ;
#797 = CYLINDRICAL_SURFACE ( 'NONE', #1497, 0.06250000000000001388 ) ;
#798 =( BOUNDED_CURVE ( )  B_SPLINE_CURVE ( 3, ( #508, #244, #1353, #362 ),
 .UNSPECIFIED., .F., .F. ) 
 B_SPLINE_CURVE_WITH_KNOTS ( ( 4, 4 ),
 ( 3.141592653589793116, 4.712388980384688786 ),
 .UNSPECIFIED. ) 
 CURVE ( )  GEOMETRIC_REPRESENTATION_ITEM ( )  RATIONAL_B_SPLINE_CURVE ( ( 1.000000000000000000, 0.8047378541243652705, 0.8047378541243652705, 1.000000000000000000 ) ) 
 REPRESENTATION_ITEM ( '' )  );
#799 = CARTESIAN_POINT ( 'NONE',  ( 0.1647324848023865029, 0.2414126098941708765, 0.1265440567849044351 ) ) ;
#800 = ORIENTED_EDGE ( 'NONE', *, *, #959, .F. ) ;
#801 = CARTESIAN_POINT ( 'NONE',  ( 0.06945696077523820511, 0.6875000000000001110, -0.1128360784495235081 ) ) ;
#802 =( CONVERSION_BASED_UNIT ( 'INCH', #1272 ) LENGTH_UNIT ( ) NAMED_UNIT ( #1318 ) );
#803 = EDGE_CURVE ( 'NONE', #192, #672, #414, .T. ) ;
#804 = EDGE_LOOP ( 'NONE', ( #427, #977, #482, #1067 ) ) ;
#805 = ORIENTED_EDGE ( 'NONE', *, *, #77, .F. ) ;
#806 = DIRECTION ( 'NONE',  ( 0.000000000000000000, 0.000000000000000000, -1.000000000000000000 ) ) ;
#807 = AXIS2_PLACEMENT_3D ( 'NONE', #1141, #1509, #1368 ) ;
#808 = CIRCLE ( 'NONE', #778, 0.1000000000000000194 ) ;
#809 = CARTESIAN_POINT ( 'NONE',  ( -0.1949999999999999789, -0.2241116523516815395, 0.3499999999999997558 ) ) ;
#810 = ORIENTED_EDGE ( 'NONE', *, *, #901, .F. ) ;
#811 = AXIS2_PLACEMENT_3D ( 'NONE', #1476, #982, #629 ) ;
#812 = CARTESIAN_POINT ( 'NONE',  ( -0.1946909671521212803, 0.1946671063141197922, 0.01265968395659521073 ) ) ;
#813 = CARTESIAN_POINT ( 'NONE',  ( 0.1524203477548967955, 0.6875000000000001110, 0.1351593044902064666 ) ) ;
#814 = DIRECTION ( 'NONE',  ( 0.000000000000000000, 0.000000000000000000, -1.000000000000000000 ) ) ;
#815 = VECTOR ( 'NONE', #838, 39.37007874015748143 ) ;
#816 = EDGE_CURVE ( 'NONE', #1571, #386, #27, .T. ) ;
#817 = ORIENTED_EDGE ( 'NONE', *, *, #435, .F. ) ;
#818 = CARTESIAN_POINT ( 'NONE',  ( 2.388061258337338397E-17, 0.2500000000000000000, 0.1950000000000000067 ) ) ;
#819 = DIRECTION ( 'NONE',  ( -0.000000000000000000, 1.000000000000000000, -0.000000000000000000 ) ) ;
#820 = LINE ( 'NONE', #955, #793 ) ;
#821 = VECTOR ( 'NONE', #806, 39.37007874015748143 ) ;
#822 = FACE_OUTER_BOUND ( 'NONE', #1545, .T. ) ;
#823 = CIRCLE ( 'NONE', #1071, 0.06250000000000001388 ) ;
#824 = ORIENTED_EDGE ( 'NONE', *, *, #1082, .T. ) ;
#825 = EDGE_CURVE ( 'NONE', #1258, #943, #49, .T. ) ;
#826 = ORIENTED_EDGE ( 'NONE', *, *, #562, .F. ) ;
#827 = DIRECTION ( 'NONE',  ( 0.000000000000000000, 0.000000000000000000, 1.000000000000000000 ) ) ;
#828 = APPLICATION_PROTOCOL_DEFINITION ( 'draft international standard', 'automotive_design', 1998, #1307 ) ;
#829 = CARTESIAN_POINT ( 'NONE',  ( 0.1648492278603930772, -0.2413401957931443353, 0.1264429399251063846 ) ) ;
#830 = ORIENTED_EDGE ( 'NONE', *, *, #461, .T. ) ;
#831 = CARTESIAN_POINT ( 'NONE',  ( -0.1949999999999999789, -0.1874999999999999722, 0.3499999999999998113 ) ) ;
#832 = TOROIDAL_SURFACE ( 'NONE', #860, 0.03750000000000002637, 0.06250000000000000000 ) ;
#833 = ADVANCED_FACE ( 'NONE', ( #543 ), #150, .F. ) ;
#834 = ORIENTED_EDGE ( 'NONE', *, *, #346, .F. ) ;
#835 = CARTESIAN_POINT ( 'NONE',  ( 0.1950000000000000067, 0.1874999999999999722, 0.4999999999999994449 ) ) ;
#836 = CARTESIAN_POINT ( 'NONE',  ( -0.1949999999999999789, 0.2500000000000000000, 0.3499999999999998113 ) ) ;
#837 = CIRCLE ( 'NONE', #111, 0.06250000000000000000 ) ;
#838 = DIRECTION ( 'NONE',  ( 0.000000000000000000, 0.000000000000000000, -1.000000000000000000 ) ) ;
#839 = LINE ( 'NONE', #957, #401 ) ;
#840 = ORIENTED_EDGE ( 'NONE', *, *, #335, .T. ) ;
#841 = CARTESIAN_POINT ( 'NONE',  ( -0.1324999999999999789, -0.2499999999999999167, 0.1430690392782449916 ) ) ;
#842 = EDGE_LOOP ( 'NONE', ( #1564, #1419, #1404, #1443 ) ) ;
#843 = FACE_OUTER_BOUND ( 'NONE', #170, .T. ) ;
#845 = EDGE_CURVE ( 'NONE', #559, #701, #209, .T. ) ;
#844 = CARTESIAN_POINT ( 'NONE',  ( -1.329999999999999849, 0.2500000000000000000, -0.1499999999999999667 ) ) ;
#846 = CYLINDRICAL_SURFACE ( 'NONE', #651, 0.1000000000000000194 ) ;
#848 = EDGE_CURVE ( 'NONE', #146, #1266, #400, .T. ) ;
#847 = DIRECTION ( 'NONE',  ( 9.756599977372373568E-17, -0.000000000000000000, 1.000000000000000000 ) ) ;
#849 = ORIENTED_EDGE ( 'NONE', *, *, #1455, .T. ) ;
#850 = DIRECTION ( 'NONE',  ( -1.000000000000000000, 0.000000000000000000, 0.000000000000000000 ) ) ;
#851 = VERTEX_POINT ( 'NONE', #818 ) ;
#852 = LINE ( 'NONE', #1565, #569 ) ;
#853 = CARTESIAN_POINT ( 'NONE',  ( -1.129999999999999893, -0.2500000000000000000, -0.2500000000000000000 ) ) ;
#854 = DIRECTION ( 'NONE',  ( 0.000000000000000000, -0.000000000000000000, 1.000000000000000000 ) ) ;
#855 = EDGE_CURVE ( 'NONE', #1400, #851, #542, .T. ) ;
#856 = ORIENTED_EDGE ( 'NONE', *, *, #175, .F. ) ;
#857 = CARTESIAN_POINT ( 'NONE',  ( -0.1925474214156626118, -0.2052132963146456601, 0.03147783020192706366 ) ) ;
#858 = ORIENTED_EDGE ( 'NONE', *, *, #503, .F. ) ;
#859 = DIRECTION ( 'NONE',  ( 0.000000000000000000, 0.000000000000000000, 1.000000000000000000 ) ) ;
#860 = AXIS2_PLACEMENT_3D ( 'NONE', #1337, #613, #102 ) ;
#861 = DIRECTION ( 'NONE',  ( -0.000000000000000000, -1.000000000000000000, -0.000000000000000000 ) ) ;
#862 = PLANE ( 'NONE',  #374 ) ;
#863 = ORIENTED_EDGE ( 'NONE', *, *, #1314, .T. ) ;
#864 = EDGE_CURVE ( 'NONE', #386, #1092, #11, .T. ) ;
#865 = CYLINDRICAL_SURFACE ( 'NONE', #141, 0.06250000000000000000 ) ;
#866 = CARTESIAN_POINT ( 'NONE',  ( 0.1950000000000000067, 0.2500000000000000000, 0.5999999999999994227 ) ) ;
#867 = CARTESIAN_POINT ( 'NONE',  ( -1.179999999999999938, -0.1874999999999999722, -0.1499999999999999667 ) ) ;
#868 = DIRECTION ( 'NONE',  ( -0.8515930449020641113, 0.000000000000000000, -0.5242034775489675669 ) ) ;
#869 = ORIENTED_EDGE ( 'NONE', *, *, #318, .F. ) ;
#870 = AXIS2_PLACEMENT_3D ( 'NONE', #1499, #666, #526 ) ;
#871 = AXIS2_PLACEMENT_3D ( 'NONE', #932, #1502, #184 ) ;
#872 = DIRECTION ( 'NONE',  ( -0.8515930449020641113, 0.000000000000000000, 0.5242034775489675669 ) ) ;
#873 = ADVANCED_FACE ( 'NONE', ( #448 ), #694, .T. ) ;
#874 = CARTESIAN_POINT ( 'NONE',  ( 0.000000000000000000, 0.7500000000000001110, 0.1325000000000000067 ) ) ;
#875 = CARTESIAN_POINT ( 'NONE',  ( -1.429999999999999716, -0.2500000000000000000, 0.4999999999999999445 ) ) ;
#876 = DIRECTION ( 'NONE',  ( 1.000000000000000000, 0.000000000000000000, -0.000000000000000000 ) ) ;
#877 = ORIENTED_EDGE ( 'NONE', *, *, #1563, .F. ) ;
#878 = DIRECTION ( 'NONE',  ( 0.000000000000000000, 0.000000000000000000, 1.000000000000000000 ) ) ;
#879 = LINE ( 'NONE', #382, #2 ) ;
#880 = EDGE_CURVE ( 'NONE', #1213, #625, #493, .T. ) ;
#881 = LINE ( 'NONE', #731, #1210 ) ;
#882 = VECTOR ( 'NONE', #402, 39.37007874015748143 ) ;
#883 = DIRECTION ( 'NONE',  ( 0.8515930449020642223, 0.000000000000000000, -0.5242034775489675669 ) ) ;
#884 = AXIS2_PLACEMENT_3D ( 'NONE', #699, #1068, #1546 ) ;
#885 = ORIENTED_EDGE ( 'NONE', *, *, #864, .T. ) ;
#886 = ORIENTED_EDGE ( 'NONE', *, *, #503, .T. ) ;
#887 = CARTESIAN_POINT ( 'NONE',  ( 0.1853115190177323790, 0.2218204724002206529, 0.5440037003760692658 ) ) ;
#888 = CARTESIAN_POINT ( 'NONE',  ( -1.129999999999999893, 0.2500000000000000000, -0.2500000000000000000 ) ) ;
#889 = DIRECTION ( 'NONE',  ( -9.756599977372373568E-17, 0.000000000000000000, -1.000000000000000000 ) ) ;
#890 = FACE_OUTER_BOUND ( 'NONE', #24, .T. ) ;
#891 = EDGE_CURVE ( 'NONE', #1097, #336, #314, .T. ) ;
#892 = ORIENTED_EDGE ( 'NONE', *, *, #165, .F. ) ;
#893 = ORIENTED_EDGE ( 'NONE', *, *, #487, .F. ) ;
#894 = CARTESIAN_POINT ( 'NONE',  ( -1.242499999999999938, -0.2500000000000000000, 0.4124999999999999778 ) ) ;
#895 = AXIS2_PLACEMENT_3D ( 'NONE', #1053, #847, #1035 ) ;
#896 = FACE_OUTER_BOUND ( 'NONE', #1504, .T. ) ;
#897 = CIRCLE ( 'NONE', #1098, 0.06250000000000000000 ) ;
#898 = FACE_OUTER_BOUND ( 'NONE', #1311, .T. ) ;
#899 = SURFACE_STYLE_FILL_AREA ( #924 ) ;
#900 = ORIENTED_EDGE ( 'NONE', *, *, #845, .T. ) ;
#901 = EDGE_CURVE ( 'NONE', #1266, #958, #185, .T. ) ;
#902 = ORIENTED_EDGE ( 'NONE', *, *, #632, .F. ) ;
#903 = DIRECTION ( 'NONE',  ( 0.000000000000000000, 0.000000000000000000, 1.000000000000000000 ) ) ;
#904 = DIRECTION ( 'NONE',  ( 0.000000000000000000, 0.000000000000000000, -1.000000000000000000 ) ) ;
#905 = CARTESIAN_POINT ( 'NONE',  ( 0.1324999999999999789, -0.2500000000000000000, 0.1474214003699380326 ) ) ;
#906 = ORIENTED_EDGE ( 'NONE', *, *, #1427, .F. ) ;
#907 = VECTOR ( 'NONE', #1183, 39.37007874015748143 ) ;
#908 = EDGE_LOOP ( 'NONE', ( #1530, #567, #1143, #404 ) ) ;
#909 = EDGE_CURVE ( 'NONE', #161, #1178, #944, .T. ) ;
#910 = CARTESIAN_POINT ( 'NONE',  ( 0.1567855263948525202, 0.2452624326728100046, 0.5788075806922623467 ) ) ;
#911 = CIRCLE ( 'NONE', #626, 0.1000000000000000194 ) ;
#912 = CYLINDRICAL_SURFACE ( 'NONE', #363, 0.06250000000000001388 ) ;
#913 = CARTESIAN_POINT ( 'NONE',  ( 0.1375000000000000111, -0.7500000000000001110, 0.05000000000000000278 ) ) ;
#914 = VECTOR ( 'NONE', #621, 39.37007874015748143 ) ;
#915 = ORIENTED_EDGE ( 'NONE', *, *, #1436, .T. ) ;
#916 = ORIENTED_EDGE ( 'NONE', *, *, #942, .F. ) ;
#917 = CARTESIAN_POINT ( 'NONE',  ( 2.388061258337338397E-17, 0.6875000000000001110, 0.1950000000000000067 ) ) ;
#918 = DIRECTION ( 'NONE',  ( 0.000000000000000000, 1.000000000000000000, 0.000000000000000000 ) ) ;
#919 = ADVANCED_FACE ( 'NONE', ( #1286 ), #1358, .T. ) ;
#920 = AXIS2_PLACEMENT_3D ( 'NONE', #227, #1406, #675 ) ;
#921 = ORIENTED_EDGE ( 'NONE', *, *, #109, .T. ) ;
#922 = DIRECTION ( 'NONE',  ( 0.000000000000000000, 0.000000000000000000, 1.000000000000000000 ) ) ;
#923 = B_SPLINE_CURVE_WITH_KNOTS ( 'NONE', 3,
 ( #841, #133, #627, #1319, #221, #602, #1090, #238, #1570, #479, #1450, #857, #534, #1355, #1146, #1374 ),
 .UNSPECIFIED., .F., .F.,
 ( 4, 2, 2, 2, 2, 2, 2, 4 ),
 ( 0.000000000000000000, 0.0005523715015885829116, 0.001104743003177165823, 0.002209486006354331646, 0.002761857507942913799, 0.003314229009531496819, 0.003866600511120078972, 0.004418972012708661558 ),
 .UNSPECIFIED. ) ;
#924 = FILL_AREA_STYLE ('',( #1134 ) ) ;
#925 = VECTOR ( 'NONE', #462, 39.37007874015748143 ) ;
#926 = ORIENTED_EDGE ( 'NONE', *, *, #1341, .T. ) ;
#927 = EDGE_LOOP ( 'NONE', ( #638, #681, #771, #892 ) ) ;
#928 = CARTESIAN_POINT ( 'NONE',  ( -1.242499999999999938, -0.2500000000000000000, -0.1499999999999999667 ) ) ;
#929 = DIRECTION ( 'NONE',  ( 0.000000000000000000, 1.000000000000000000, 0.000000000000000000 ) ) ;
#930 = ORIENTED_EDGE ( 'NONE', *, *, #592, .F. ) ;
#931 = CARTESIAN_POINT ( 'NONE',  ( 0.1950000000000000067, -0.1874999999999999722, 0.4999999999999994449 ) ) ;
#933 = ADVANCED_FACE ( 'NONE', ( #1310 ), #1561, .T. ) ;
#932 = CARTESIAN_POINT ( 'NONE',  ( 0.000000000000000000, -0.6875000000000003331, 0.000000000000000000 ) ) ;
#934 = CARTESIAN_POINT ( 'NONE',  ( -1.179999999999999938, 0.1874999999999999722, 0.3499999999999999778 ) ) ;
#935 = ORIENTED_EDGE ( 'NONE', *, *, #624, .F. ) ;
#936 = AXIS2_PLACEMENT_3D ( 'NONE', #41, #774, #1254 ) ;
#937 = DIRECTION ( 'NONE',  ( 1.000000000000000000, 0.000000000000000000, 0.000000000000000000 ) ) ;
#938 = ORIENTED_EDGE ( 'NONE', *, *, #198, .F. ) ;
#939 = CARTESIAN_POINT ( 'NONE',  ( -0.1900905034161402551, 0.2120517402874462221, 0.04394274623306390626 ) ) ;
#940 = DIRECTION ( 'NONE',  ( 1.000000000000000000, 0.000000000000000000, -1.386724869880337236E-16 ) ) ;
#941 = AXIS2_PLACEMENT_3D ( 'NONE', #1418, #339, #436 ) ;
#942 = EDGE_CURVE ( 'NONE', #112, #1178, #1532, .T. ) ;
#943 = VERTEX_POINT ( 'NONE', #952 ) ;
#944 = LINE ( 'NONE', #1301, #962 ) ;
#945 = VECTOR ( 'NONE', #742, 39.37007874015748143 ) ;
#946 = DIRECTION ( 'NONE',  ( 0.000000000000000000, 0.000000000000000000, 1.000000000000000000 ) ) ;
#947 = CARTESIAN_POINT ( 'NONE',  ( 0.000000000000000000, -0.7500000000000001110, 0.000000000000000000 ) ) ;
#948 = AXIS2_PLACEMENT_3D ( 'NONE', #1461, #1577, #637 ) ;
#949 = CARTESIAN_POINT ( 'NONE',  ( -1.129999999999999893, 0.2500000000000000000, -0.2500000000000000000 ) ) ;
#950 = EDGE_LOOP ( 'NONE', ( #1511, #1105, #344, #1020, #516 ) ) ;
#951 = ADVANCED_FACE ( 'NONE', ( #1054 ), #743, .T. ) ;
#952 = CARTESIAN_POINT ( 'NONE',  ( -1.179999999999999938, -0.1874999999999999722, 0.3499999999999999778 ) ) ;
#953 = ORIENTED_EDGE ( 'NONE', *, *, #1120, .F. ) ;
#954 = DIRECTION ( 'NONE',  ( 0.000000000000000000, 0.000000000000000000, -1.000000000000000000 ) ) ;
#955 = CARTESIAN_POINT ( 'NONE',  ( -0.1324999999999999789, 0.2500000000000000000, 0.3499999999999998113 ) ) ;
#956 = DIRECTION ( 'NONE',  ( 0.8515930449020642223, -0.000000000000000000, 0.5242034775489675669 ) ) ;
#957 = CARTESIAN_POINT ( 'NONE',  ( -1.429999999999999716, 0.2500000000000000000, -0.2500000000000000000 ) ) ;
#958 = VERTEX_POINT ( 'NONE', #831 ) ;
#959 = EDGE_CURVE ( 'NONE', #364, #765, #145, .T. ) ;
#960 = CIRCLE ( 'NONE', #1184, 0.06250000000000000000 ) ;
#961 = FACE_OUTER_BOUND ( 'NONE', #1021, .T. ) ;
#962 = VECTOR ( 'NONE', #709, 39.37007874015748143 ) ;
#963 = ADVANCED_FACE ( 'NONE', ( #1524 ), #1163, .T. ) ;
#964 = ORIENTED_EDGE ( 'NONE', *, *, #1190, .F. ) ;
#965 = DIRECTION ( 'NONE',  ( 0.000000000000000000, 1.000000000000000000, 0.000000000000000000 ) ) ;
#966 = CIRCLE ( 'NONE', #1415, 0.1950000000000000067 ) ;
#967 = DIRECTION ( 'NONE',  ( -0.000000000000000000, -0.000000000000000000, 1.000000000000000000 ) ) ;
#968 = VERTEX_POINT ( 'NONE', #489 ) ;
#969 = LINE ( 'NONE', #727, #945 ) ;
#970 = ORIENTED_EDGE ( 'NONE', *, *, #1505, .T. ) ;
#971 = LINE ( 'NONE', #866, #1010 ) ;
#972 = ADVANCED_FACE ( 'NONE', ( #961 ), #1115, .T. ) ;
#973 = CARTESIAN_POINT ( 'NONE',  ( -1.429999999999999716, 0.2500000000000000000, -0.1499999999999999667 ) ) ;
#974 = DIRECTION ( 'NONE',  ( 1.224646799147353207E-16, 0.000000000000000000, -1.000000000000000000 ) ) ;
#975 = VECTOR ( 'NONE', #1260, 39.37007874015748143 ) ;
#976 =( GEOMETRIC_REPRESENTATION_CONTEXT ( 3 ) GLOBAL_UNCERTAINTY_ASSIGNED_CONTEXT ( ( #197 ) ) GLOBAL_UNIT_ASSIGNED_CONTEXT ( ( #802, #1279, #680 ) ) REPRESENTATION_CONTEXT ( 'NONE', 'WORKASPACE' ) );
#977 = ORIENTED_EDGE ( 'NONE', *, *, #539, .F. ) ;
#978 = DIRECTION ( 'NONE',  ( 0.000000000000000000, 0.000000000000000000, -1.000000000000000000 ) ) ;
#979 = ORIENTED_EDGE ( 'NONE', *, *, #46, .T. ) ;
#980 = CARTESIAN_POINT ( 'NONE',  ( 0.1524203477548967955, -0.6875000000000001110, -0.1351593044902064666 ) ) ;
#981 =( GEOMETRIC_REPRESENTATION_CONTEXT ( 3 ) GLOBAL_UNCERTAINTY_ASSIGNED_CONTEXT ( ( #1396 ) ) GLOBAL_UNIT_ASSIGNED_CONTEXT ( ( #103, #1550, #1180 ) ) REPRESENTATION_CONTEXT ( 'NONE', 'WORKASPACE' ) );
#982 = DIRECTION ( 'NONE',  ( -3.414809992080328037E-16, 0.000000000000000000, -1.000000000000000000 ) ) ;
#983 = DIRECTION ( 'NONE',  ( 0.000000000000000000, -0.000000000000000000, 1.000000000000000000 ) ) ;
#984 = ORIENTED_EDGE ( 'NONE', *, *, #9, .T. ) ;
#985 = LINE ( 'NONE', #1200, #925 ) ;
#986 = CARTESIAN_POINT ( 'NONE',  ( 0.1022196781220486989, -0.6875000000000003331, 0.1660606437559025428 ) ) ;
#987 = AXIS2_PLACEMENT_3D ( 'NONE', #1398, #929, #1045 ) ;
#988 = DIRECTION ( 'NONE',  ( 0.000000000000000000, 0.000000000000000000, 1.000000000000000000 ) ) ;
#989 = PLANE ( 'NONE',  #121 ) ;
#990 = TOROIDAL_SURFACE ( 'NONE', #1157, 0.1325000000000000067, 0.06250000000000000000 ) ;
#991 = ORIENTED_EDGE ( 'NONE', *, *, #165, .T. ) ;
#992 = ADVANCED_FACE ( 'NONE', ( #1434 ), #718, .T. ) ;
#993 = CARTESIAN_POINT ( 'NONE',  ( -1.242499999999999938, 0.2500000000000000000, -0.1499999999999999667 ) ) ;
#994 = AXIS2_PLACEMENT_3D ( 'NONE', #1233, #1567, #1211 ) ;
#995 = PLANE ( 'NONE',  #235 ) ;
#996 = DIRECTION ( 'NONE',  ( -0.5242034775489674558, 0.000000000000000000, 0.8515930449020643334 ) ) ;
#997 = FACE_OUTER_BOUND ( 'NONE', #1302, .T. ) ;
#998 = ORIENTED_EDGE ( 'NONE', *, *, #1073, .F. ) ;
#999 = EDGE_CURVE ( 'NONE', #1512, #958, #1214, .T. ) ;
#1000 = CARTESIAN_POINT ( 'NONE',  ( 0.1938200043361508751, -0.2015846404262503222, 0.5178134687815185710 ) ) ;
#1001 = DIRECTION ( 'NONE',  ( -0.000000000000000000, -1.000000000000000000, 0.000000000000000000 ) ) ;
#1002 = LINE ( 'NONE', #754, #716 ) ;
#1003 = ORIENTED_EDGE ( 'NONE', *, *, #372, .T. ) ;
#1004 = VERTEX_POINT ( 'NONE', #993 ) ;
#1005 = CARTESIAN_POINT ( 'NONE',  ( 0.000000000000000000, 0.6875000000000001110, 0.000000000000000000 ) ) ;
#1006 = EDGE_CURVE ( 'NONE', #502, #1246, #985, .T. ) ;
#1007 = DIRECTION ( 'NONE',  ( -0.000000000000000000, -1.000000000000000000, -0.000000000000000000 ) ) ;
#1008 = EDGE_CURVE ( 'NONE', #585, #268, #897, .T. ) ;
#1009 = LINE ( 'NONE', #536, #544 ) ;
#1010 = VECTOR ( 'NONE', #744, 39.37007874015748143 ) ;
#1011 = CARTESIAN_POINT ( 'NONE',  ( 0.1950000000000000067, -0.1874999999999999722, 0.08122498999199215253 ) ) ;
#1012 = CIRCLE ( 'NONE', #311, 0.03750000000000002637 ) ;
#1013 = VERTEX_POINT ( 'NONE', #471 ) ;
#1014 = EDGE_LOOP ( 'NONE', ( #437, #189, #68, #1119, #1451, #1488, #1047, #1185, #1216, #275, #1377, #1526, #1433, #682, #647 ) ) ;
#1015 = CARTESIAN_POINT ( 'NONE',  ( 0.1853114154409611913, -0.2218206270166649396, 0.5440039068823698809 ) ) ;
#1016 = DIRECTION ( 'NONE',  ( -0.8515930449020641113, 0.000000000000000000, 0.5242034775489675669 ) ) ;
#1017 = CARTESIAN_POINT ( 'NONE',  ( 0.1196576304080863434, -0.7500000000000001110, 0.08193473918382747356 ) ) ;
#1019 = EDGE_CURVE ( 'NONE', #1152, #765, #253, .T. ) ;
#1018 = DIRECTION ( 'NONE',  ( 0.5242034775489673448, 0.000000000000000000, 0.8515930449020643334 ) ) ;
#1020 = ORIENTED_EDGE ( 'NONE', *, *, #1581, .F. ) ;
#1021 = EDGE_LOOP ( 'NONE', ( #153, #1340, #1408, #998 ) ) ;
#1022 = LINE ( 'NONE', #406, #975 ) ;
#1023 = AXIS2_PLACEMENT_3D ( 'NONE', #1522, #309, #218 ) ;
#1024 = AXIS2_PLACEMENT_3D ( 'NONE', #644, #297, #1384 ) ;
#1025 = DIRECTION ( 'NONE',  ( -1.000000000000000000, 0.000000000000000000, 3.414809992080328037E-16 ) ) ;
#1026 = DIRECTION ( 'NONE',  ( -0.000000000000000000, -1.000000000000000000, -0.000000000000000000 ) ) ;
#1027 = VERTEX_POINT ( 'NONE', #750 ) ;
#1028 = EDGE_CURVE ( 'NONE', #1259, #851, #969, .T. ) ;
#1029 = ORIENTED_EDGE ( 'NONE', *, *, #365, .F. ) ;
#1030 = CARTESIAN_POINT ( 'NONE',  ( 0.1926113470711080244, 0.2049912416065328979, 0.5221969203887258937 ) ) ;
#1031 = LINE ( 'NONE', #535, #730 ) ;
#1032 = LINE ( 'NONE', #1125, #387 ) ;
#1033 = EDGE_LOOP ( 'NONE', ( #1221, #30, #352, #698 ) ) ;
#1034 = EDGE_LOOP ( 'NONE', ( #308, #8, #840, #1074, #495 ) ) ;
#1035 = DIRECTION ( 'NONE',  ( 1.000000000000000000, 0.000000000000000000, 0.000000000000000000 ) ) ;
#1036 = EDGE_CURVE ( 'NONE', #1498, #162, #246, .T. ) ;
#1037 = CIRCLE ( 'NONE', #521, 0.1000000000000000056 ) ;
#1038 = CARTESIAN_POINT ( 'NONE',  ( 0.1000000000000000194, -0.7500000000000001110, 0.05000000000000000971 ) ) ;
#1039 = CARTESIAN_POINT ( 'NONE',  ( 0.06945696077523820511, -0.7500000000000001110, -0.1128360784495234942 ) ) ;
#1040 = FACE_OUTER_BOUND ( 'NONE', #1478, .T. ) ;
#1041 = EDGE_LOOP ( 'NONE', ( #1569, #359, #54, #220 ) ) ;
#1042 = VERTEX_POINT ( 'NONE', #366 ) ;
#1043 = LINE ( 'NONE', #95, #821 ) ;
#1044 = ADVANCED_FACE ( 'NONE', ( #100 ), #865, .T. ) ;
#1045 = DIRECTION ( 'NONE',  ( 0.000000000000000000, 0.000000000000000000, 1.000000000000000000 ) ) ;
#1046 = AXIS2_PLACEMENT_3D ( 'NONE', #3, #1327, #978 ) ;
#1047 = ORIENTED_EDGE ( 'NONE', *, *, #1104, .T. ) ;
#1048 = CARTESIAN_POINT ( 'NONE',  ( -0.1749429428525207941, 0.2340438119122402183, 0.08715248702231029321 ) ) ;
#1049 = CARTESIAN_POINT ( 'NONE',  ( 0.1392878126628454283, -0.2500000000000000000, 0.1432431194127189999 ) ) ;
#1050 = AXIS2_PLACEMENT_3D ( 'NONE', #431, #937, #358 ) ;
#1051 = ORIENTED_EDGE ( 'NONE', *, *, #909, .T. ) ;
#1052 = ORIENTED_EDGE ( 'NONE', *, *, #1314, .F. ) ;
#1053 = CARTESIAN_POINT ( 'NONE',  ( -0.1324999999999999789, -0.1874999999999999722, 0.3499999999999998113 ) ) ;
#1054 = FACE_OUTER_BOUND ( 'NONE', #62, .T. ) ;
#1055 = VERTEX_POINT ( 'NONE', #1342 ) ;
#1056 = FACE_OUTER_BOUND ( 'NONE', #1288, .T. ) ;
#1057 = CARTESIAN_POINT ( 'NONE',  ( 0.1459865396015749273, 0.2489038895373984761, 0.1391196757356552016 ) ) ;
#1058 = LINE ( 'NONE', #934, #1364 ) ;
#1059 = ORIENTED_EDGE ( 'NONE', *, *, #444, .T. ) ;
#1060 = VECTOR ( 'NONE', #586, 39.37007874015748143 ) ;
#1061 = CARTESIAN_POINT ( 'NONE',  ( 0.1747923347239657421, 0.2339420176750878766, 0.1167487369492498372 ) ) ;
#1062 = VERTEX_POINT ( 'NONE', #126 ) ;
#1063 = DIRECTION ( 'NONE',  ( -0.000000000000000000, -1.000000000000000000, -0.000000000000000000 ) ) ;
#1064 = ADVANCED_FACE ( 'NONE', ( #618 ), #593, .T. ) ;
#1065 = CARTESIAN_POINT ( 'NONE',  ( 0.1932842427448743239, -0.2024769474160626193, 0.08607919475995852443 ) ) ;
#1066 = CIRCLE ( 'NONE', #1462, 0.06250000000000000000 ) ;
#1067 = ORIENTED_EDGE ( 'NONE', *, *, #1485, .F. ) ;
#1068 = DIRECTION ( 'NONE',  ( 0.000000000000000000, 1.000000000000000000, 0.000000000000000000 ) ) ;
#1069 = ORIENTED_EDGE ( 'NONE', *, *, #959, .T. ) ;
#1070 = DIRECTION ( 'NONE',  ( 0.000000000000000000, 1.000000000000000000, 0.000000000000000000 ) ) ;
#1071 = AXIS2_PLACEMENT_3D ( 'NONE', #29, #1142, #1018 ) ;
#1072 = CYLINDRICAL_SURFACE ( 'NONE', #472, 0.06249999999999995143 ) ;
#1073 = EDGE_CURVE ( 'NONE', #1571, #1055, #497, .T. ) ;
#1074 = ORIENTED_EDGE ( 'NONE', *, *, #1006, .T. ) ;
#1075 = EDGE_CURVE ( 'NONE', #851, #502, #349, .T. ) ;
#1076 = CARTESIAN_POINT ( 'NONE',  ( 0.000000000000000000, 0.6875000000000001110, 0.000000000000000000 ) ) ;
#1077 = ORIENTED_EDGE ( 'NONE', *, *, #1036, .F. ) ;
#1078 = CARTESIAN_POINT ( 'NONE',  ( 0.06945696077523820511, -0.7500000000000001110, 0.1128360784495234942 ) ) ;
#1079 = DIRECTION ( 'NONE',  ( -0.000000000000000000, -0.000000000000000000, 1.000000000000000000 ) ) ;
#1080 = FACE_OUTER_BOUND ( 'NONE', #441, .T. ) ;
#1081 = ORIENTED_EDGE ( 'NONE', *, *, #168, .T. ) ;
#1082 = EDGE_CURVE ( 'NONE', #764, #1512, #923, .T. ) ;
#1083 = CARTESIAN_POINT ( 'NONE',  ( 0.1524203477548967955, 0.6875000000000001110, 0.1351593044902064666 ) ) ;
#1084 = VERTEX_POINT ( 'NONE', #1507 ) ;
#1085 = FACE_OUTER_BOUND ( 'NONE', #210, .T. ) ;
#1086 = CIRCLE ( 'NONE', #601, 0.03750000000000002637 ) ;
#1087 = FACE_OUTER_BOUND ( 'NONE', #1479, .T. ) ;
#1088 = DIRECTION ( 'NONE',  ( 1.000000000000000000, 0.000000000000000000, -1.386724869880337236E-16 ) ) ;
#1089 = ORIENTED_EDGE ( 'NONE', *, *, #335, .F. ) ;
#1090 = CARTESIAN_POINT ( 'NONE',  ( -0.1749424689885384354, -0.2340442266162950646, 0.08715340861516573945 ) ) ;
#1091 = EDGE_CURVE ( 'NONE', #45, #1456, #376, .T. ) ;
#1092 = VERTEX_POINT ( 'NONE', #19 ) ;
#1093 = DIRECTION ( 'NONE',  ( -0.000000000000000000, -1.000000000000000000, -0.000000000000000000 ) ) ;
#1094 = DIRECTION ( 'NONE',  ( 0.000000000000000000, 1.000000000000000000, 0.000000000000000000 ) ) ;
#1095 = DIRECTION ( 'NONE',  ( 1.000000000000000000, -0.000000000000000000, -1.386724869880337236E-16 ) ) ;
#1096 = AXIS2_PLACEMENT_3D ( 'NONE', #1424, #1430, #1322 ) ;
#1097 = VERTEX_POINT ( 'NONE', #1366 ) ;
#1098 = AXIS2_PLACEMENT_3D ( 'NONE', #1348, #117, #1106 ) ;
#1099 = CARTESIAN_POINT ( 'NONE',  ( 0.2000000000000000111, -0.6875000000000001110, -0.04999999999999999584 ) ) ;
#1100 = VERTEX_POINT ( 'NONE', #789 ) ;
#1101 = FACE_OUTER_BOUND ( 'NONE', #302, .T. ) ;
#1102 = LINE ( 'NONE', #128, #914 ) ;
#1104 = EDGE_CURVE ( 'NONE', #1394, #757, #119, .T. ) ;
#1103 = LINE ( 'NONE', #1227, #1523 ) ;
#1105 = ORIENTED_EDGE ( 'NONE', *, *, #552, .F. ) ;
#1106 = DIRECTION ( 'NONE',  ( -0.5242034775489676779, 0.000000000000000000, 0.8515930449020642223 ) ) ;
#1107 = DIRECTION ( 'NONE',  ( -0.000000000000000000, -1.000000000000000000, -0.000000000000000000 ) ) ;
#1108 = AXIS2_PLACEMENT_3D ( 'NONE', #1367, #172, #1155 ) ;
#1109 = DIRECTION ( 'NONE',  ( -0.000000000000000000, -0.000000000000000000, 1.000000000000000000 ) ) ;
#1110 = DIRECTION ( 'NONE',  ( 0.000000000000000000, 0.000000000000000000, 1.000000000000000000 ) ) ;
#1111 = VECTOR ( 'NONE', #687, 39.37007874015748143 ) ;
#1112 =( BOUNDED_CURVE ( )  B_SPLINE_CURVE ( 3, ( #1296, #93, #1057, #84 ),
 .UNSPECIFIED., .F., .F. ) 
 B_SPLINE_CURVE_WITH_KNOTS ( ( 4, 4 ),
 ( 1.570796326794896780, 1.895180950960639210 ),
 .UNSPECIFIED. ) 
 CURVE ( )  GEOMETRIC_REPRESENTATION_ITEM ( )  RATIONAL_B_SPLINE_CURVE ( ( 1.000000000000000000, 0.9912504240034435421, 0.9912504240034435421, 1.000000000000000000 ) ) 
 REPRESENTATION_ITEM ( '' )  );
#1113 = EDGE_CURVE ( 'NONE', #1097, #454, #551, .T. ) ;
#1114 = EDGE_LOOP ( 'NONE', ( #245, #617, #509, #1081 ) ) ;
#1115 = CYLINDRICAL_SURFACE ( 'NONE', #301, 0.06249999999999999306 ) ;
#1116 = DIRECTION ( 'NONE',  ( 1.000000000000000000, -0.000000000000000000, 0.000000000000000000 ) ) ;
#1117 = DIRECTION ( 'NONE',  ( 0.000000000000000000, 0.000000000000000000, 1.000000000000000000 ) ) ;
#1118 = DIRECTION ( 'NONE',  ( 1.000000000000000000, 0.000000000000000000, 0.000000000000000000 ) ) ;
#1119 = ORIENTED_EDGE ( 'NONE', *, *, #188, .F. ) ;
#1120 = EDGE_CURVE ( 'NONE', #1055, #1259, #1468, .T. ) ;
#1121 = VECTOR ( 'NONE', #967, 39.37007874015748143 ) ;
#1122 = DIRECTION ( 'NONE',  ( 1.776356839400250465E-15, 0.000000000000000000, 1.000000000000000000 ) ) ;
#1123 = EDGE_CURVE ( 'NONE', #655, #1013, #767, .T. ) ;
#1124 = CARTESIAN_POINT ( 'NONE',  ( 0.1022196781220486989, -0.6875000000000001110, -0.1660606437559025428 ) ) ;
#1125 = CARTESIAN_POINT ( 'NONE',  ( -1.242499999999999938, -0.2500000000000000000, 0.000000000000000000 ) ) ;
#1126 = CARTESIAN_POINT ( 'NONE',  ( 0.1524203477548967955, 1.096216032218404024, 0.1351593044902064666 ) ) ;
#1127 = ORIENTED_EDGE ( 'NONE', *, *, #909, .F. ) ;
#1128 = ORIENTED_EDGE ( 'NONE', *, *, #1525, .T. ) ;
#1129 = CARTESIAN_POINT ( 'NONE',  ( 0.1378489021582580965, 0.2500000000000000555, 0.5905387436290393532 ) ) ;
#1130 = EDGE_CURVE ( 'NONE', #1365, #1092, #33, .T. ) ;
#1131 = CARTESIAN_POINT ( 'NONE',  ( 0.06945696077523823286, -0.6875000000000001110, 0.1128360784495235497 ) ) ;
#1132 = LINE ( 'NONE', #28, #882 ) ;
#1133 = AXIS2_PLACEMENT_3D ( 'NONE', #391, #164, #1269 ) ;
#1134 = FILL_AREA_STYLE_COLOUR ( '', #660 ) ;
#1135 = VERTEX_POINT ( 'NONE', #390 ) ;
#1136 = ORIENTED_EDGE ( 'NONE', *, *, #522, .F. ) ;
#1137 = CARTESIAN_POINT ( 'NONE',  ( -1.179999999999999938, -0.1874999999999999722, 0.3499999999999999778 ) ) ;
#1138 = AXIS2_PLACEMENT_3D ( 'NONE', #697, #1297, #1315 ) ;
#1139 = CARTESIAN_POINT ( 'NONE',  ( 0.1524203477548967955, 1.096216032218404024, 0.1351593044902064666 ) ) ;
#1140 = EDGE_CURVE ( 'NONE', #146, #943, #787, .T. ) ;
#1141 = CARTESIAN_POINT ( 'NONE',  ( 0.000000000000000000, -0.7500000000000001110, 0.000000000000000000 ) ) ;
#1142 = DIRECTION ( 'NONE',  ( -0.8515930449020644444, 0.000000000000000000, 0.5242034775489674558 ) ) ;
#1143 = ORIENTED_EDGE ( 'NONE', *, *, #413, .T. ) ;
#1144 = AXIS2_PLACEMENT_3D ( 'NONE', #25, #139, #878 ) ;
#1145 = ORIENTED_EDGE ( 'NONE', *, *, #942, .T. ) ;
#1146 = CARTESIAN_POINT ( 'NONE',  ( -0.1949999999999999789, -0.1910713087928887222, 0.006308199271343219172 ) ) ;
#1147 = PRESENTATION_LAYER_ASSIGNMENT (  '', '', ( #505 ) ) ;
#1148 = DIRECTION ( 'NONE',  ( 0.000000000000000000, 0.000000000000000000, -1.000000000000000000 ) ) ;
#1149 = FACE_OUTER_BOUND ( 'NONE', #398, .T. ) ;
#1150 = DIRECTION ( 'NONE',  ( 0.000000000000000000, 1.000000000000000000, 0.000000000000000000 ) ) ;
#1151 = ADVANCED_FACE ( 'NONE', ( #780 ), #766, .T. ) ;
#1152 = VERTEX_POINT ( 'NONE', #148 ) ;
#1153 = ORIENTED_EDGE ( 'NONE', *, *, #1436, .F. ) ;
#1154 = CARTESIAN_POINT ( 'NONE',  ( 0.1324999999999999789, 0.2500000000000000000, 0.1474214003699380326 ) ) ;
#1155 = DIRECTION ( 'NONE',  ( -1.000000000000000000, 0.000000000000000000, -1.365923996832131609E-16 ) ) ;
#1156 = CARTESIAN_POINT ( 'NONE',  ( 0.000000000000000000, -0.6875000000000001110, 0.1325000000000000067 ) ) ;
#1157 = AXIS2_PLACEMENT_3D ( 'NONE', #784, #173, #1486 ) ;
#1158 = ORIENTED_EDGE ( 'NONE', *, *, #435, .T. ) ;
#1159 = EDGE_CURVE ( 'NONE', #419, #203, #1022, .T. ) ;
#1160 = VERTEX_POINT ( 'NONE', #163 ) ;
#1161 = DIRECTION ( 'NONE',  ( -0.8515930449020644444, 0.000000000000000000, 0.5242034775489674558 ) ) ;
#1162 = VECTOR ( 'NONE', #819, 39.37007874015748143 ) ;
#1163 = PLANE ( 'NONE',  #1050 ) ;
#1164 = VECTOR ( 'NONE', #226, 39.37007874015748143 ) ;
#1165 = ORIENTED_EDGE ( 'NONE', *, *, #1525, .F. ) ;
#1166 = CARTESIAN_POINT ( 'NONE',  ( -0.1825794464597268185, 0.2250987898557046119, 0.06880147558358261362 ) ) ;
#1167 = ORIENTED_EDGE ( 'NONE', *, *, #413, .F. ) ;
#1168 = ORIENTED_EDGE ( 'NONE', *, *, #461, .F. ) ;
#1169 = CARTESIAN_POINT ( 'NONE',  ( -1.329999999999999849, -0.2500000000000000000, 0.5999999999999999778 ) ) ;
#1170 = EDGE_CURVE ( 'NONE', #420, #332, #689, .T. ) ;
#1171 = CIRCLE ( 'NONE', #89, 0.1325000000000000067 ) ;
#1172 = DIRECTION ( 'NONE',  ( 0.000000000000000000, 1.000000000000000000, 0.000000000000000000 ) ) ;
#1173 = CARTESIAN_POINT ( 'NONE',  ( 0.2000000000000000389, 1.096216032218404024, -0.04999999999999999584 ) ) ;
#1174 = CARTESIAN_POINT ( 'NONE',  ( -1.429999999999999716, -0.2500000000000000000, 0.5999999999999999778 ) ) ;
#1175 = EDGE_LOOP ( 'NONE', ( #379, #478, #856, #817 ) ) ;
#1176 = CARTESIAN_POINT ( 'NONE',  ( 0.09499999999999998723, -0.2500000000000000000, 0.4999999999999994449 ) ) ;
#1177 = ADVANCED_FACE ( 'NONE', ( #1440 ), #178, .T. ) ;
#1178 = VERTEX_POINT ( 'NONE', #1432 ) ;
#1179 = CYLINDRICAL_SURFACE ( 'NONE', #466, 0.1950000000000000067 ) ;
#1180 =( NAMED_UNIT ( * ) SI_UNIT ( $, .STERADIAN. ) SOLID_ANGLE_UNIT ( ) );
#1181 = FACE_OUTER_BOUND ( 'NONE', #594, .T. ) ;
#1182 = ORIENTED_EDGE ( 'NONE', *, *, #264, .T. ) ;
#1183 = DIRECTION ( 'NONE',  ( 1.000000000000000000, -0.000000000000000000, -1.386724869880337236E-16 ) ) ;
#1184 = AXIS2_PLACEMENT_3D ( 'NONE', #1156, #425, #922 ) ;
#1185 = ORIENTED_EDGE ( 'NONE', *, *, #620, .F. ) ;
#1186 = DIRECTION ( 'NONE',  ( 1.000000000000000000, -0.000000000000000000, -3.414809992080328037E-16 ) ) ;
#1187 = EDGE_CURVE ( 'NONE', #796, #968, #839, .T. ) ;
#1188 = PLANE ( 'NONE',  #446 ) ;
#1189 = VECTOR ( 'NONE', #1460, 39.37007874015748143 ) ;
#1190 = EDGE_CURVE ( 'NONE', #1062, #1004, #1043, .T. ) ;
#1191 = ORIENTED_EDGE ( 'NONE', *, *, #205, .T. ) ;
#1192 = DIRECTION ( 'NONE',  ( 0.8515930449020643334, 0.000000000000000000, 0.5242034775489675669 ) ) ;
#1193 = CARTESIAN_POINT ( 'NONE',  ( -0.1324999999999999789, 0.2500000000000000000, 0.1430690392782449916 ) ) ;
#1194 = CARTESIAN_POINT ( 'NONE',  ( 0.1196576304080863434, 0.7500000000000001110, 0.08193473918382745969 ) ) ;
#1195 = VECTOR ( 'NONE', #1528, 39.37007874015748143 ) ;
#1196 = CARTESIAN_POINT ( 'NONE',  ( 0.1923832800355812778, -0.2056775665624447358, 0.08837129087890358003 ) ) ;
#1197 = FACE_OUTER_BOUND ( 'NONE', #488, .T. ) ;
#1198 = ADVANCED_FACE ( 'NONE', ( #560 ), #1568, .T. ) ;
#1199 = ORIENTED_EDGE ( 'NONE', *, *, #295, .T. ) ;
#1200 = CARTESIAN_POINT ( 'NONE',  ( 0.1022196781220486989, 0.2500000000000000000, 0.1660606437559025150 ) ) ;
#1201 = VERTEX_POINT ( 'NONE', #928 ) ;
#1202 = FACE_OUTER_BOUND ( 'NONE', #749, .T. ) ;
#1203 = CARTESIAN_POINT ( 'NONE',  ( 0.1524203477548967955, -0.6875000000000001110, 0.1351593044902064666 ) ) ;
#1204 = DIRECTION ( 'NONE',  ( -0.000000000000000000, -1.000000000000000000, -0.000000000000000000 ) ) ;
#1205 = ORIENTED_EDGE ( 'NONE', *, *, #1455, .F. ) ;
#1206 = ADVANCED_FACE ( 'NONE', ( #347 ), #1316, .F. ) ;
#1207 = DIRECTION ( 'NONE',  ( 0.000000000000000000, 1.000000000000000000, 0.000000000000000000 ) ) ;
#1208 = ORIENTED_EDGE ( 'NONE', *, *, #1553, .T. ) ;
#1209 = CARTESIAN_POINT ( 'NONE',  ( 0.1000000000000000194, 1.096216032218404024, 0.05000000000000000971 ) ) ;
#1210 = VECTOR ( 'NONE', #369, 39.37007874015748143 ) ;
#1211 = DIRECTION ( 'NONE',  ( 0.000000000000000000, 0.000000000000000000, 1.000000000000000000 ) ) ;
#1212 = DIRECTION ( 'NONE',  ( 0.000000000000000000, 0.000000000000000000, 1.000000000000000000 ) ) ;
#1213 = VERTEX_POINT ( 'NONE', #590 ) ;
#1214 = LINE ( 'NONE', #110, #1576 ) ;
#1215 = ADVANCED_FACE ( 'NONE', ( #715 ), #541, .T. ) ;
#1216 = ORIENTED_EDGE ( 'NONE', *, *, #1300, .F. ) ;
#1217 = CARTESIAN_POINT ( 'NONE',  ( 0.1524203477548967955, 1.096216032218404024, -0.1351593044902064666 ) ) ;
#1218 = VECTOR ( 'NONE', #1458, 39.37007874015748143 ) ;
#1219 = LINE ( 'NONE', #973, #368 ) ;
#1220 = FACE_OUTER_BOUND ( 'NONE', #447, .T. ) ;
#1221 = ORIENTED_EDGE ( 'NONE', *, *, #1123, .T. ) ;
#1222 = VECTOR ( 'NONE', #561, 39.37007874015748143 ) ;
#1223 = DIRECTION ( 'NONE',  ( 0.5242034775489677889, 0.000000000000000000, -0.8515930449020641113 ) ) ;
#1224 = DIRECTION ( 'NONE',  ( -1.000000000000000000, -0.000000000000000000, -0.000000000000000000 ) ) ;
#1225 = EDGE_CURVE ( 'NONE', #1027, #1097, #430, .T. ) ;
#1226 = DIRECTION ( 'NONE',  ( -0.000000000000000000, -1.000000000000000000, -0.000000000000000000 ) ) ;
#1227 = CARTESIAN_POINT ( 'NONE',  ( -0.1949999999999999789, 0.1874999999999999722, 0.3499999999999998113 ) ) ;
#1228 = ORIENTED_EDGE ( 'NONE', *, *, #1140, .F. ) ;
#1229 = CARTESIAN_POINT ( 'NONE',  ( 0.1325000000000000067, -0.1874999999999999722, -2.410362546262278811E-17 ) ) ;
#1230 = PLANE ( 'NONE',  #700 ) ;
#1231 = CIRCLE ( 'NONE', #1411, 0.03750000000000002637 ) ;
#1232 = EDGE_CURVE ( 'NONE', #364, #268, #477, .T. ) ;
#1233 = CARTESIAN_POINT ( 'NONE',  ( 0.000000000000000000, 0.7500000000000001110, 0.000000000000000000 ) ) ;
#1234 = CARTESIAN_POINT ( 'NONE',  ( -1.129999999999999893, -0.2500000000000000000, -0.2500000000000000000 ) ) ;
#1235 = CIRCLE ( 'NONE', #1435, 0.1950000000000000067 ) ;
#1236 = ADVANCED_FACE ( 'NONE', ( #1197 ), #797, .T. ) ;
#1237 = ORIENTED_EDGE ( 'NONE', *, *, #66, .T. ) ;
#1238 = CARTESIAN_POINT ( 'NONE',  ( 0.1523389069057167200, 0.2469683380783744553, 0.5821173160924613121 ) ) ;
#1239 = PLANE ( 'NONE',  #1133 ) ;
#1240 = CARTESIAN_POINT ( 'NONE',  ( 0.000000000000000000, 0.6875000000000001110, 0.000000000000000000 ) ) ;
#1241 = DIRECTION ( 'NONE',  ( 0.000000000000000000, 1.000000000000000000, 0.000000000000000000 ) ) ;
#1242 = ORIENTED_EDGE ( 'NONE', *, *, #620, .T. ) ;
#1243 = AXIS2_PLACEMENT_3D ( 'NONE', #343, #1207, #1465 ) ;
#1244 = ADVANCED_FACE ( 'NONE', ( #1080 ), #356, .F. ) ;
#1245 = CIRCLE ( 'NONE', #611, 0.1325000000000000067 ) ;
#1246 = VERTEX_POINT ( 'NONE', #1154 ) ;
#1247 = CARTESIAN_POINT ( 'NONE',  ( 0.1950000000000000067, -0.1874999999999999722, 0.4999999999999994449 ) ) ;
#1248 = DIRECTION ( 'NONE',  ( -1.000000000000000000, 0.000000000000000000, 1.386724869880337236E-16 ) ) ;
#1249 = LINE ( 'NONE', #545, #1559 ) ;
#1250 = CARTESIAN_POINT ( 'NONE',  ( 0.1459865396015749273, -0.2489038895373984761, 0.1391196757356552016 ) ) ;
#1251 = ORIENTED_EDGE ( 'NONE', *, *, #816, .T. ) ;
#1252 = VERTEX_POINT ( 'NONE', #1169 ) ;
#1253 = CARTESIAN_POINT ( 'NONE',  ( 0.1428679251575001863, -0.2493269474613280245, 0.5879753680008579231 ) ) ;
#1254 = DIRECTION ( 'NONE',  ( 1.000000000000000000, 0.000000000000000000, 0.000000000000000000 ) ) ;
#1255 = PLANE ( 'NONE',  #705 ) ;
#1256 = AXIS2_PLACEMENT_3D ( 'NONE', #464, #965, #345 ) ;
#1257 = LINE ( 'NONE', #1392, #1195 ) ;
#1258 = VERTEX_POINT ( 'NONE', #723 ) ;
#1259 = VERTEX_POINT ( 'NONE', #917 ) ;
#1260 = DIRECTION ( 'NONE',  ( 0.000000000000000000, -1.000000000000000000, 0.000000000000000000 ) ) ;
#1261 = AXIS2_PLACEMENT_3D ( 'NONE', #6, #384, #500 ) ;
#1262 = CARTESIAN_POINT ( 'NONE',  ( 0.1022196781220486989, -0.6875000000000003331, -0.1660606437559025428 ) ) ;
#1263 = ADVANCED_FACE ( 'NONE', ( #1395 ), #634, .T. ) ;
#1264 = CARTESIAN_POINT ( 'NONE',  ( 0.06945696077523821899, 0.7500000000000001110, -0.1128360784495235358 ) ) ;
#1265 = ORIENTED_EDGE ( 'NONE', *, *, #763, .F. ) ;
#1266 = VERTEX_POINT ( 'NONE', #1331 ) ;
#1267 = CARTESIAN_POINT ( 'NONE',  ( 0.1523388424728930879, -0.2469683582570855185, 0.5821173597824428336 ) ) ;
#1268 = CIRCLE ( 'NONE', #581, 0.06250000000000000000 ) ;
#1269 = DIRECTION ( 'NONE',  ( 0.000000000000000000, 0.000000000000000000, 1.000000000000000000 ) ) ;
#1270 = VECTOR ( 'NONE', #1562, 39.37007874015748143 ) ;
#1271 = CARTESIAN_POINT ( 'NONE',  ( 0.09500000000000002887, -0.2500000000000000000, 0.5999999999999994227 ) ) ;
#1273 = EDGE_CURVE ( 'NONE', #1393, #672, #528, .T. ) ;
#1272 = LENGTH_MEASURE_WITH_UNIT ( LENGTH_MEASURE( 0.02539999999999999897 ), #1402 );
#1274 = ORIENTED_EDGE ( 'NONE', *, *, #640, .T. ) ;
#1275 = ORIENTED_EDGE ( 'NONE', *, *, #267, .F. ) ;
#1276 = DIRECTION ( 'NONE',  ( -1.386724869880336989E-16, 0.000000000000000000, -1.000000000000000000 ) ) ;
#1277 = DIRECTION ( 'NONE',  ( -1.707404996040164166E-15, 0.000000000000000000, 1.000000000000000000 ) ) ;
#1278 = DIRECTION ( 'NONE',  ( 0.8515930449020641113, -2.688328428469045997E-17, 0.5242034775489675669 ) ) ;
#1279 =( NAMED_UNIT ( * ) PLANE_ANGLE_UNIT ( ) SI_UNIT ( $, .RADIAN. ) );
#1280 = EDGE_CURVE ( 'NONE', #411, #203, #1574, .T. ) ;
#1281 = VECTOR ( 'NONE', #643, 39.37007874015748143 ) ;
#1282 = ORIENTED_EDGE ( 'NONE', *, *, #1573, .T. ) ;
#1283 = AXIS2_PLACEMENT_3D ( 'NONE', #1350, #375, #1475 ) ;
#1284 = ORIENTED_EDGE ( 'NONE', *, *, #455, .F. ) ;
#1285 = DIRECTION ( 'NONE',  ( 0.000000000000000000, 0.000000000000000000, 1.000000000000000000 ) ) ;
#1286 = FACE_OUTER_BOUND ( 'NONE', #206, .T. ) ;
#1287 = TOROIDAL_SURFACE ( 'NONE', #603, 0.1325000000000000067, 0.06250000000000000000 ) ;
#1288 = EDGE_LOOP ( 'NONE', ( #547, #258, #1208, #211, #321, #893, #824, #1332, #830, #678 ) ) ;
#1289 = CARTESIAN_POINT ( 'NONE',  ( -0.1429147642899258330, 0.2493143627932428719, 0.1328592918629251940 ) ) ;
#1290 = LINE ( 'NONE', #836, #748 ) ;
#1291 = CARTESIAN_POINT ( 'NONE',  ( 0.1949999999999999789, -0.1915711339835469151, 0.08122498999199216640 ) ) ;
#1292 = ORIENTED_EDGE ( 'NONE', *, *, #157, .F. ) ;
#1293 = EDGE_CURVE ( 'NONE', #1100, #305, #190, .T. ) ;
#1294 = CARTESIAN_POINT ( 'NONE',  ( 0.1590340376608688766, 0.2445165031817838897, 0.1310882058957601737 ) ) ;
#1295 = CYLINDRICAL_SURFACE ( 'NONE', #392, 0.06250000000000000000 ) ;
#1296 = CARTESIAN_POINT ( 'NONE',  ( 0.1324999999999999789, 0.2500000000000000000, 0.1474214003699380326 ) ) ;
#1297 = DIRECTION ( 'NONE',  ( -1.365923996832131609E-16, 1.365923996832132595E-16, -1.000000000000000000 ) ) ;
#1298 = ORIENTED_EDGE ( 'NONE', *, *, #803, .T. ) ;
#1299 = PRODUCT_DEFINITION_CONTEXT ( 'detailed design', #1307, 'design' ) ;
#1300 = EDGE_CURVE ( 'NONE', #1496, #252, #616, .T. ) ;
#1301 = CARTESIAN_POINT ( 'NONE',  ( -1.429999999999999716, 0.2500000000000000000, 0.4999999999999999445 ) ) ;
#1302 = EDGE_LOOP ( 'NONE', ( #1449, #964, #1052, #319 ) ) ;
#1303 = CARTESIAN_POINT ( 'NONE',  ( -0.1925477239032901966, 0.2052122807368481072, 0.03147599808056062570 ) ) ;
#1304 = DIRECTION ( 'NONE',  ( -0.000000000000000000, -1.000000000000000000, -0.000000000000000000 ) ) ;
#1305 = CARTESIAN_POINT ( 'NONE',  ( 0.1748614574622137652, -0.2338761376990882712, 0.1166686403424860435 ) ) ;
#1306 = DIMENSIONAL_EXPONENTS ( 1.000000000000000000, 0.000000000000000000, 0.000000000000000000, 0.000000000000000000, 0.000000000000000000, 0.000000000000000000, 0.000000000000000000 ) ;
#1307 = APPLICATION_CONTEXT ( 'automotive_design' ) ;
#1308 = EDGE_LOOP ( 'NONE', ( #736, #239, #1463, #665 ) ) ;
#1309 = AXIS2_PLACEMENT_3D ( 'NONE', #334, #677, #191 ) ;
#1310 = FACE_OUTER_BOUND ( 'NONE', #788, .T. ) ;
#1311 = EDGE_LOOP ( 'NONE', ( #970, #921, #795, #849, #938 ) ) ;
#1312 = CARTESIAN_POINT ( 'NONE',  ( 0.000000000000000000, -0.2499999999999999167, 0.000000000000000000 ) ) ;
#1313 =( LENGTH_UNIT ( ) NAMED_UNIT ( * ) SI_UNIT ( $, .METRE. ) );
#1314 = EDGE_CURVE ( 'NONE', #1258, #1062, #798, .T. ) ;
#1315 = DIRECTION ( 'NONE',  ( 0.000000000000000000, 1.000000000000000000, 1.365923996832132595E-16 ) ) ;
#1316 = PLANE ( 'NONE',  #1023 ) ;
#1317 = ORIENTED_EDGE ( 'NONE', *, *, #1495, .F. ) ;
#1318 = DIMENSIONAL_EXPONENTS ( 1.000000000000000000, 0.000000000000000000, 0.000000000000000000, 0.000000000000000000, 0.000000000000000000, 0.000000000000000000, 0.000000000000000000 ) ;
#1319 = CARTESIAN_POINT ( 'NONE',  ( -0.1522692837733217730, -0.2469866163744927345, 0.1220257552842115290 ) ) ;
#1320 = ORIENTED_EDGE ( 'NONE', *, *, #1130, .F. ) ;
#1321 = DIRECTION ( 'NONE',  ( 0.000000000000000000, 1.000000000000000000, 0.000000000000000000 ) ) ;
#1322 = DIRECTION ( 'NONE',  ( 0.000000000000000000, 0.000000000000000000, 1.000000000000000000 ) ) ;
#1323 = VECTOR ( 'NONE', #370, 39.37007874015748143 ) ;
#1324 = CARTESIAN_POINT ( 'NONE',  ( 0.1524203477548967955, -0.2467404401175751771, 0.1351593044902064666 ) ) ;
#1325 = DIRECTION ( 'NONE',  ( 0.000000000000000000, 0.000000000000000000, 1.000000000000000000 ) ) ;
#1326 = ORIENTED_EDGE ( 'NONE', *, *, #473, .F. ) ;
#1327 = DIRECTION ( 'NONE',  ( -0.000000000000000000, -1.000000000000000000, -0.000000000000000000 ) ) ;
#1328 = ORIENTED_EDGE ( 'NONE', *, *, #1170, .T. ) ;
#1329 = CARTESIAN_POINT ( 'NONE',  ( -1.429999999999999716, -0.2500000000000000000, -0.2500000000000000000 ) ) ;
#1330 = CARTESIAN_POINT ( 'NONE',  ( -1.329999999999999849, 0.2500000000000000000, -0.1499999999999999667 ) ) ;
#1331 = CARTESIAN_POINT ( 'NONE',  ( -0.1324999999999999789, -0.2500000000000000000, 0.4124999999999998113 ) ) ;
#1332 = ORIENTED_EDGE ( 'NONE', *, *, #734, .F. ) ;
#1333 = EDGE_CURVE ( 'NONE', #1258, #1100, #1103, .T. ) ;
#1334 = VECTOR ( 'NONE', #760, 39.37007874015748143 ) ;
#1335 = DIRECTION ( 'NONE',  ( 0.8515930449020641113, -0.000000000000000000, 0.5242034775489675669 ) ) ;
#1336 = ORIENTED_EDGE ( 'NONE', *, *, #755, .T. ) ;
#1337 = CARTESIAN_POINT ( 'NONE',  ( 0.1000000000000000194, -0.6875000000000001110, 0.05000000000000000971 ) ) ;
#1338 = CYLINDRICAL_SURFACE ( 'NONE', #1362, 0.06250000000000000000 ) ;
#1339 = DIRECTION ( 'NONE',  ( -9.756599977372373568E-17, -0.000000000000000000, -1.000000000000000000 ) ) ;
#1340 = ORIENTED_EDGE ( 'NONE', *, *, #137, .F. ) ;
#1341 = EDGE_CURVE ( 'NONE', #672, #1013, #732, .T. ) ;
#1342 = CARTESIAN_POINT ( 'NONE',  ( 0.1022196781220486989, 0.6875000000000001110, 0.1660606437559025428 ) ) ;
#1343 = CARTESIAN_POINT ( 'NONE',  ( 0.06945696077523820511, 0.7500000000000001110, -0.1128360784495234942 ) ) ;
#1344 = CARTESIAN_POINT ( 'NONE',  ( -1.329999999999999849, -0.2500000000000000000, 0.4999999999999999445 ) ) ;
#1345 = CARTESIAN_POINT ( 'NONE',  ( 2.388061258337338397E-17, -0.2499999999999999167, 0.1950000000000000067 ) ) ;
#1346 = AXIS2_PLACEMENT_3D ( 'NONE', #1126, #385, #883 ) ;
#1347 = ORIENTED_EDGE ( 'NONE', *, *, #97, .F. ) ;
#1348 = CARTESIAN_POINT ( 'NONE',  ( 0.1196576304080863018, -0.6875000000000001110, -0.08193473918382744581 ) ) ;
#1349 = ADVANCED_FACE ( 'NONE', ( #890 ), #1583, .T. ) ;
#1350 = CARTESIAN_POINT ( 'NONE',  ( 0.06945696077523823286, -0.6875000000000001110, 0.1128360784495235497 ) ) ;
#1351 = EDGE_CURVE ( 'NONE', #474, #1062, #1002, .T. ) ;
#1352 = CARTESIAN_POINT ( 'NONE',  ( 0.1375000000000000111, 0.7500000000000001110, -0.05000000000000000278 ) ) ;
#1353 = CARTESIAN_POINT ( 'NONE',  ( -1.205888347648318204, 0.2499999999999999722, 0.3758883476483184105 ) ) ;
#1354 = ORIENTED_EDGE ( 'NONE', *, *, #1505, .F. ) ;
#1355 = CARTESIAN_POINT ( 'NONE',  ( -0.1946908248029291799, -0.1946683147353868715, 0.01266182433268252770 ) ) ;
#1356 = AXIS2_PLACEMENT_3D ( 'NONE', #433, #215, #946 ) ;
#1357 = DIRECTION ( 'NONE',  ( 0.000000000000000000, -1.000000000000000000, 0.000000000000000000 ) ) ;
#1358 = TOROIDAL_SURFACE ( 'NONE', #676, 0.03750000000000002637, 0.06250000000000000000 ) ;
#1359 = DIRECTION ( 'NONE',  ( 0.000000000000000000, 1.000000000000000000, 0.000000000000000000 ) ) ;
#1361 = ADVANCED_FACE ( 'NONE', ( #129 ), #378, .F. ) ;
#1360 = LINE ( 'NONE', #7, #144 ) ;
#1362 = AXIS2_PLACEMENT_3D ( 'NONE', #13, #233, #250 ) ;
#1363 = ORIENTED_EDGE ( 'NONE', *, *, #175, .T. ) ;
#1364 = VECTOR ( 'NONE', #1079, 39.37007874015748143 ) ;
#1365 = VERTEX_POINT ( 'NONE', #1011 ) ;
#1366 = CARTESIAN_POINT ( 'NONE',  ( 0.1325000000000000067, -0.2500000000000000000, 0.5927024810886952766 ) ) ;
#1367 = CARTESIAN_POINT ( 'NONE',  ( 0.1375000000000000111, 0.6875000000000001110, -0.05000000000000000278 ) ) ;
#1368 = DIRECTION ( 'NONE',  ( 0.000000000000000000, 0.000000000000000000, 1.000000000000000000 ) ) ;
#1369 = CARTESIAN_POINT ( 'NONE',  ( 0.06945696077523823286, -0.6875000000000001110, -0.1128360784495235497 ) ) ;
#1370 = ADVANCED_FACE ( 'NONE', ( #997 ), #1470, .T. ) ;
#1371 = ORIENTED_EDGE ( 'NONE', *, *, #473, .T. ) ;
#1372 = VECTOR ( 'NONE', #1339, 39.37007874015748143 ) ;
#1373 = ORIENTED_EDGE ( 'NONE', *, *, #539, .T. ) ;
#1374 = CARTESIAN_POINT ( 'NONE',  ( -0.1950000000000000067, -0.1874999999999999722, -2.410362546262278811E-17 ) ) ;
#1375 = DIRECTION ( 'NONE',  ( 0.000000000000000000, 1.000000000000000000, 0.000000000000000000 ) ) ;
#1376 = FACE_OUTER_BOUND ( 'NONE', #532, .T. ) ;
#1377 = ORIENTED_EDGE ( 'NONE', *, *, #346, .T. ) ;
#1378 = ORIENTED_EDGE ( 'NONE', *, *, #1513, .F. ) ;
#1379 = DIRECTION ( 'NONE',  ( -0.000000000000000000, -1.000000000000000000, -0.000000000000000000 ) ) ;
#1380 = ADVANCED_FACE ( 'NONE', ( #492 ), #989, .F. ) ;
#1381 = CARTESIAN_POINT ( 'NONE',  ( 0.09499999999999998723, 0.2500000000000000000, 0.4999999999999994449 ) ) ;
#1382 = DIRECTION ( 'NONE',  ( 0.000000000000000000, 0.000000000000000000, 1.000000000000000000 ) ) ;
#1383 = AXIS2_PLACEMENT_3D ( 'NONE', #1209, #4, #475 ) ;
#1384 = DIRECTION ( 'NONE',  ( 0.000000000000000000, 0.000000000000000000, 1.000000000000000000 ) ) ;
#1385 = VERTEX_POINT ( 'NONE', #1345 ) ;
#1386 = AXIS2_PLACEMENT_3D ( 'NONE', #794, #182, #1382 ) ;
#1387 = ORIENTED_EDGE ( 'NONE', *, *, #1427, .T. ) ;
#1388 = CARTESIAN_POINT ( 'NONE',  ( 0.1950000000000000344, 0.1910132948585873403, 0.5044440087680286400 ) ) ;
#1389 = ADVANCED_FACE ( 'NONE', ( #1220 ), #630, .T. ) ;
#1390 = DIRECTION ( 'NONE',  ( 0.000000000000000000, 0.000000000000000000, 1.000000000000000000 ) ) ;
#1391 = DIRECTION ( 'NONE',  ( 0.5242034775489675669, 0.000000000000000000, 0.8515930449020642223 ) ) ;
#1392 = CARTESIAN_POINT ( 'NONE',  ( 0.09500000000000002887, 0.2500000000000000000, 0.5999999999999994227 ) ) ;
#1393 = VERTEX_POINT ( 'NONE', #486 ) ;
#1394 = VERTEX_POINT ( 'NONE', #22 ) ;
#1395 = FACE_OUTER_BOUND ( 'NONE', #908, .T. ) ;
#1396 = UNCERTAINTY_MEASURE_WITH_UNIT (LENGTH_MEASURE( 1.000000000000000082E-05 ), #103, 'distance_accuracy_value', 'NONE');
#1397 = CIRCLE ( 'NONE', #1096, 0.1000000000000000194 ) ;
#1398 = CARTESIAN_POINT ( 'NONE',  ( 0.000000000000000000, 0.2500000000000000000, 0.000000000000000000 ) ) ;
#1399 = ADVANCED_FACE ( 'NONE', ( #1487 ), #14, .T. ) ;
#1400 = VERTEX_POINT ( 'NONE', #1454 ) ;
#1401 = CARTESIAN_POINT ( 'NONE',  ( 2.005359133603791367E-17, -0.7500000000000001110, -0.1325000000000000344 ) ) ;
#1402 =( LENGTH_UNIT ( ) NAMED_UNIT ( * ) SI_UNIT ( $, .METRE. ) );
#1403 = EDGE_CURVE ( 'NONE', #1393, #585, #1360, .T. ) ;
#1404 = ORIENTED_EDGE ( 'NONE', *, *, #845, .F. ) ;
#1405 = ORIENTED_EDGE ( 'NONE', *, *, #77, .T. ) ;
#1406 = DIRECTION ( 'NONE',  ( 0.000000000000000000, 1.000000000000000000, 0.000000000000000000 ) ) ;
#1407 = CARTESIAN_POINT ( 'NONE',  ( 0.1923724495996049777, 0.2057143729168540158, 0.08839795059353619533 ) ) ;
#1408 = ORIENTED_EDGE ( 'NONE', *, *, #149, .F. ) ;
#1409 = LINE ( 'NONE', #449, #1162 ) ;
#1410 = DIRECTION ( 'NONE',  ( -0.000000000000000000, -1.000000000000000000, -0.000000000000000000 ) ) ;
#1411 = AXIS2_PLACEMENT_3D ( 'NONE', #1038, #1007, #903 ) ;
#1412 = ADVANCED_FACE ( 'NONE', ( #266 ), #862, .F. ) ;
#1413 = LINE ( 'NONE', #104, #815 ) ;
#1414 = VERTEX_POINT ( 'NONE', #747 ) ;
#1415 = AXIS2_PLACEMENT_3D ( 'NONE', #1240, #1226, #142 ) ;
#1416 = CARTESIAN_POINT ( 'NONE',  ( 0.1891153853841976151, 0.2147367866132211256, 0.09568080895804503827 ) ) ;
#1417 = DIRECTION ( 'NONE',  ( -9.756599977372373568E-17, 0.000000000000000000, -1.000000000000000000 ) ) ;
#1418 = CARTESIAN_POINT ( 'NONE',  ( 0.000000000000000000, 0.6875000000000001110, 0.000000000000000000 ) ) ;
#1419 = ORIENTED_EDGE ( 'NONE', *, *, #109, .F. ) ;
#1420 = CARTESIAN_POINT ( 'NONE',  ( 0.1524203477548967955, 0.2467404401175753159, 0.1351593044902064666 ) ) ;
#1421 = AXIS2_PLACEMENT_3D ( 'NONE', #537, #1150, #1519 ) ;
#1422 = AXIS2_PLACEMENT_3D ( 'NONE', #394, #622, #1212 ) ;
#1423 = CARTESIAN_POINT ( 'NONE',  ( -1.129999999999999893, 0.2500000000000000000, -0.1499999999999999944 ) ) ;
#1424 = CARTESIAN_POINT ( 'NONE',  ( 0.1000000000000000194, -0.6875000000000001110, 0.05000000000000000971 ) ) ;
#1425 = FACE_OUTER_BOUND ( 'NONE', #1175, .T. ) ;
#1426 = ORIENTED_EDGE ( 'NONE', *, *, #1495, .T. ) ;
#1427 = EDGE_CURVE ( 'NONE', #625, #1160, #1245, .T. ) ;
#1428 = ORIENTED_EDGE ( 'NONE', *, *, #1008, .T. ) ;
#1429 = CARTESIAN_POINT ( 'NONE',  ( -0.1566333622161266703, 0.2453247368395301276, 0.1163626848403118280 ) ) ;
#1430 = DIRECTION ( 'NONE',  ( 0.000000000000000000, 1.000000000000000000, 0.000000000000000000 ) ) ;
#1431 = CARTESIAN_POINT ( 'NONE',  ( 0.000000000000000000, 0.6875000000000001110, 0.000000000000000000 ) ) ;
#1432 = CARTESIAN_POINT ( 'NONE',  ( -1.429999999999999716, 0.2500000000000000000, 0.4999999999999999445 ) ) ;
#1433 = ORIENTED_EDGE ( 'NONE', *, *, #685, .T. ) ;
#1434 = FACE_OUTER_BOUND ( 'NONE', #579, .T. ) ;
#1435 = AXIS2_PLACEMENT_3D ( 'NONE', #330, #1172, #337 ) ;
#1436 = EDGE_CURVE ( 'NONE', #1042, #701, #558, .T. ) ;
#1437 = ORIENTED_EDGE ( 'NONE', *, *, #365, .T. ) ;
#1438 = CARTESIAN_POINT ( 'NONE',  ( -0.1324999999999999789, 0.2500000000000000000, 0.4124999999999998113 ) ) ;
#1439 = LINE ( 'NONE', #949, #1164 ) ;
#1440 = FACE_OUTER_BOUND ( 'NONE', #80, .T. ) ;
#1441 = VERTEX_POINT ( 'NONE', #53 ) ;
#1442 = CARTESIAN_POINT ( 'NONE',  ( 0.1022196781220486989, 1.096216032218404024, -0.1660606437559025428 ) ) ;
#1443 = ORIENTED_EDGE ( 'NONE', *, *, #237, .F. ) ;
#1444 = CARTESIAN_POINT ( 'NONE',  ( 0.000000000000000000, -0.2499999999999999167, 0.000000000000000000 ) ) ;
#1445 = AXIS2_PLACEMENT_3D ( 'NONE', #1369, #868, #136 ) ;
#1446 = LINE ( 'NONE', #115, #290 ) ;
#1448 = EDGE_CURVE ( 'NONE', #1571, #1521, #823, .T. ) ;
#1447 = CARTESIAN_POINT ( 'NONE',  ( 0.000000000000000000, 0.7500000000000001110, 0.000000000000000000 ) ) ;
#1449 = ORIENTED_EDGE ( 'NONE', *, *, #673, .F. ) ;
#1450 = CARTESIAN_POINT ( 'NONE',  ( -0.1900901229702968431, -0.2120526255473157706, 0.04394437890310358419 ) ) ;
#1451 = ORIENTED_EDGE ( 'NONE', *, *, #267, .T. ) ;
#1452 = CYLINDRICAL_SURFACE ( 'NONE', #1283, 0.06249999999999999306 ) ;
#1453 = CARTESIAN_POINT ( 'NONE',  ( 0.2000000000000000389, -0.6875000000000001110, -0.04999999999999999584 ) ) ;
#1454 = CARTESIAN_POINT ( 'NONE',  ( -0.1324999999999999789, 0.2500000000000000000, 0.1430690392782449916 ) ) ;
#1455 = EDGE_CURVE ( 'NONE', #419, #1027, #684, .T. ) ;
#1456 = VERTEX_POINT ( 'NONE', #273 ) ;
#1457 = AXIS2_PLACEMENT_3D ( 'NONE', #1131, #1016, #1491 ) ;
#1458 = DIRECTION ( 'NONE',  ( 0.000000000000000000, -0.000000000000000000, -1.000000000000000000 ) ) ;
#1459 = CARTESIAN_POINT ( 'NONE',  ( 0.1375000000000000666, -0.7500000000000001110, 0.05000000000000000278 ) ) ;
#1460 = DIRECTION ( 'NONE',  ( 0.8515930449020642223, 0.000000000000000000, -0.5242034775489675669 ) ) ;
#1461 = CARTESIAN_POINT ( 'NONE',  ( 0.000000000000000000, 0.7500000000000001110, 0.000000000000000000 ) ) ;
#1462 = AXIS2_PLACEMENT_3D ( 'NONE', #739, #1469, #996 ) ;
#1463 = ORIENTED_EDGE ( 'NONE', *, *, #734, .T. ) ;
#1464 = ADVANCED_FACE ( 'NONE', ( #1376 ), #36, .F. ) ;
#1465 = DIRECTION ( 'NONE',  ( 0.000000000000000000, 0.000000000000000000, 1.000000000000000000 ) ) ;
#1466 = ADVANCED_FACE ( 'NONE', ( #1040 ), #453, .T. ) ;
#1467 = DIRECTION ( 'NONE',  ( 0.000000000000000000, -0.000000000000000000, 1.000000000000000000 ) ) ;
#1468 = CIRCLE ( 'NONE', #556, 0.1950000000000000067 ) ;
#1469 = DIRECTION ( 'NONE',  ( -0.8515930449020643334, 0.000000000000000000, -0.5242034775489675669 ) ) ;
#1470 = CYLINDRICAL_SURFACE ( 'NONE', #351, 0.06249999999999995143 ) ;
#1471 = AXIS2_PLACEMENT_3D ( 'NONE', #105, #1161, #56 ) ;
#1472 = ORIENTED_EDGE ( 'NONE', *, *, #1187, .F. ) ;
#1473 = DIRECTION ( 'NONE',  ( 1.000000000000000000, -0.000000000000000000, 1.224646799147353207E-16 ) ) ;
#1474 = EDGE_CURVE ( 'NONE', #336, #1414, #1257, .T. ) ;
#1475 = DIRECTION ( 'NONE',  ( -0.5242034775489676779, 0.000000000000000000, -0.8515930449020641113 ) ) ;
#1476 = CARTESIAN_POINT ( 'NONE',  ( -1.242499999999999938, -0.1874999999999999722, -0.1499999999999999667 ) ) ;
#1477 = DIRECTION ( 'NONE',  ( 0.000000000000000000, -0.000000000000000000, 1.000000000000000000 ) ) ;
#1478 = EDGE_LOOP ( 'NONE', ( #457, #1328, #1284, #800 ) ) ;
#1479 = EDGE_LOOP ( 'NONE', ( #631, #533, #1228, #834 ) ) ;
#1480 = B_SPLINE_CURVE_WITH_KNOTS ( 'NONE', 3,
 ( #1534, #60, #812, #322, #1303, #939, #554, #313, #1166, #1048, #75, #1429, #1527, #1289, #577, #1193 ),
 .UNSPECIFIED., .F., .F.,
 ( 4, 2, 2, 2, 2, 2, 2, 4 ),
 ( -1.407551879651739838E-05, 0.0005356397835597850616, 0.001085355085916087483, 0.001635070388272389687, 0.002184785690628691674, 0.003284216295341296516, 0.003833931597697599371, 0.004383646900053901792 ),
 .UNSPECIFIED. ) ;
#1481 = DIRECTION ( 'NONE',  ( 0.000000000000000000, 0.000000000000000000, -1.000000000000000000 ) ) ;
#1482 = AXIS2_PLACEMENT_3D ( 'NONE', #207, #442, #564 ) ;
#1483 = DIRECTION ( 'NONE',  ( 0.5242034775489675669, 0.000000000000000000, -0.8515930449020642223 ) ) ;
#1484 = AXIS2_PLACEMENT_3D ( 'NONE', #1217, #1483, #1516 ) ;
#1485 = EDGE_CURVE ( 'NONE', #1013, #1571, #300, .T. ) ;
#1486 = DIRECTION ( 'NONE',  ( 0.000000000000000000, 0.000000000000000000, 1.000000000000000000 ) ) ;
#1487 = FACE_OUTER_BOUND ( 'NONE', #1034, .T. ) ;
#1488 = ORIENTED_EDGE ( 'NONE', *, *, #130, .F. ) ;
#1489 = EDGE_LOOP ( 'NONE', ( #1199, #118, #858, #719, #1506, #1191 ) ) ;
#1490 = CARTESIAN_POINT ( 'NONE',  ( 0.1567854508771972799, -0.2452624634192241693, 0.5788076387921897714 ) ) ;
#1491 = DIRECTION ( 'NONE',  ( 0.5242034775489676779, 0.000000000000000000, 0.8515930449020641113 ) ) ;
#1492 = ADVANCED_BREP_SHAPE_REPRESENTATION ( 'Hook1', ( #1503, #588 ), #981 ) ;
#1493 = CARTESIAN_POINT ( 'NONE',  ( 0.1524203477548967955, -0.2467404401175751771, 0.1351593044902064666 ) ) ;
#1494 = PRESENTATION_STYLE_ASSIGNMENT (( #670 ) ) ;
#1495 = EDGE_CURVE ( 'NONE', #162, #341, #768, .T. ) ;
#1496 = VERTEX_POINT ( 'NONE', #653 ) ;
#1497 = AXIS2_PLACEMENT_3D ( 'NONE', #438, #1088, #1276 ) ;
#1498 = VERTEX_POINT ( 'NONE', #776 ) ;
#1499 = CARTESIAN_POINT ( 'NONE',  ( 0.1000000000000000194, 1.096216032218404024, -0.05000000000000000971 ) ) ;
#1500 = CARTESIAN_POINT ( 'NONE',  ( -0.1324999999999999789, 0.2500000000000000000, 0.4124999999999998113 ) ) ;
#1501 = DIRECTION ( 'NONE',  ( -1.000000000000000000, 0.000000000000000000, 1.386724869880337236E-16 ) ) ;
#1502 = DIRECTION ( 'NONE',  ( 0.000000000000000000, 1.000000000000000000, 0.000000000000000000 ) ) ;
#1503 = MANIFOLD_SOLID_BREP ( 'Fillet3', #396 ) ;
#1504 = EDGE_LOOP ( 'NONE', ( #1136, #979, #299, #557 ) ) ;
#1505 = EDGE_CURVE ( 'NONE', #1560, #701, #662, .T. ) ;
#1506 = ORIENTED_EDGE ( 'NONE', *, *, #522, .T. ) ;
#1507 = CARTESIAN_POINT ( 'NONE',  ( 0.000000000000000000, -0.7500000000000001110, 0.1325000000000000067 ) ) ;
#1508 = CARTESIAN_POINT ( 'NONE',  ( -1.329999999999999849, 0.2500000000000000000, 0.5999999999999999778 ) ) ;
#1509 = DIRECTION ( 'NONE',  ( -0.000000000000000000, -1.000000000000000000, -0.000000000000000000 ) ) ;
#1510 = DIRECTION ( 'NONE',  ( 1.000000000000000000, -0.000000000000000000, 1.224646799147353207E-16 ) ) ;
#1511 = ORIENTED_EDGE ( 'NONE', *, *, #1091, .F. ) ;
#1512 = VERTEX_POINT ( 'NONE', #288 ) ;
#1513 = EDGE_CURVE ( 'NONE', #82, #1213, #1268, .T. ) ;
#1514 = CARTESIAN_POINT ( 'NONE',  ( 0.1196576304080863434, -0.7500000000000001110, -0.08193473918382747356 ) ) ;
#1515 = ADVANCED_FACE ( 'NONE', ( #194 ), #323, .T. ) ;
#1516 = DIRECTION ( 'NONE',  ( -0.8515930449020642223, 0.000000000000000000, -0.5242034775489675669 ) ) ;
#1517 = ORIENTED_EDGE ( 'NONE', *, *, #1008, .F. ) ;
#1518 = LINE ( 'NONE', #35, #180 ) ;
#1519 = DIRECTION ( 'NONE',  ( 0.000000000000000000, 0.000000000000000000, 1.000000000000000000 ) ) ;
#1520 = EDGE_LOOP ( 'NONE', ( #935, #1127, #1275, #902 ) ) ;
#1521 = VERTEX_POINT ( 'NONE', #1194 ) ;
#1522 = CARTESIAN_POINT ( 'NONE',  ( -1.129999999999999893, 0.2500000000000000000, -0.2500000000000000000 ) ) ;
#1523 = VECTOR ( 'NONE', #1095, 39.37007874015748143 ) ;
#1524 = FACE_OUTER_BOUND ( 'NONE', #548, .T. ) ;
#1525 = EDGE_CURVE ( 'NONE', #203, #1498, #1397, .T. ) ;
#1526 = ORIENTED_EDGE ( 'NONE', *, *, #848, .T. ) ;
#1527 = CARTESIAN_POINT ( 'NONE',  ( -0.1522695621251063391, 0.2469865293669996631, 0.1220254143061656887 ) ) ;
#1528 = DIRECTION ( 'NONE',  ( -0.000000000000000000, 1.000000000000000000, -0.000000000000000000 ) ) ;
#1529 = ORIENTED_EDGE ( 'NONE', *, *, #592, .T. ) ;
#1530 = ORIENTED_EDGE ( 'NONE', *, *, #1170, .F. ) ;
#1531 = CARTESIAN_POINT ( 'NONE',  ( 0.1325000000000000067, -0.2500000000000000000, 0.000000000000000000 ) ) ;
#1532 = LINE ( 'NONE', #204, #1222 ) ;
#1533 = ORIENTED_EDGE ( 'NONE', *, *, #1563, .T. ) ;
#1534 = CARTESIAN_POINT ( 'NONE',  ( -0.1950000000000000067, 0.1874999999999999722, -2.410362546262278811E-17 ) ) ;
#1535 = EDGE_CURVE ( 'NONE', #1400, #474, #820, .T. ) ;
#1536 = CIRCLE ( 'NONE', #156, 0.1000000000000000194 ) ;
#1537 = CARTESIAN_POINT ( 'NONE',  ( 0.1524203477548967955, 0.6875000000000001110, -0.1351593044902064666 ) ) ;
#1538 = ORIENTED_EDGE ( 'NONE', *, *, #1351, .T. ) ;
#1539 = DIRECTION ( 'NONE',  ( 0.000000000000000000, -1.000000000000000000, 0.000000000000000000 ) ) ;
#1540 = VECTOR ( 'NONE', #71, 39.37007874015748143 ) ;
#1541 = CARTESIAN_POINT ( 'NONE',  ( 0.1000000000000000194, 0.7500000000000001110, 0.05000000000000000971 ) ) ;
#1542 = PRODUCT_RELATED_PRODUCT_CATEGORY ( 'part', '', ( #96 ) ) ;
#1543 = CARTESIAN_POINT ( 'NONE',  ( 0.1891394596430469588, -0.2146835653870403648, 0.09563181247693128273 ) ) ;
#1544 = EDGE_CURVE ( 'NONE', #420, #364, #1171, .T. ) ;
#1545 = EDGE_LOOP ( 'NONE', ( #124, #953, #214, #906 ) ) ;
#1546 = DIRECTION ( 'NONE',  ( 0.000000000000000000, 0.000000000000000000, 1.000000000000000000 ) ) ;
#1547 = VECTOR ( 'NONE', #61, 39.37007874015748143 ) ;
#1548 = ORIENTED_EDGE ( 'NONE', *, *, #455, .T. ) ;
#1549 = DIRECTION ( 'NONE',  ( 0.000000000000000000, 0.000000000000000000, 1.000000000000000000 ) ) ;
#1550 =( NAMED_UNIT ( * ) PLANE_ANGLE_UNIT ( ) SI_UNIT ( $, .RADIAN. ) );
#1551 = ORIENTED_EDGE ( 'NONE', *, *, #1019, .F. ) ;
#1552 = ORIENTED_EDGE ( 'NONE', *, *, #763, .T. ) ;
#1553 = EDGE_CURVE ( 'NONE', #82, #332, #703, .T. ) ;
#1554 = CARTESIAN_POINT ( 'NONE',  ( -0.1324999999999999789, -0.2500000000000000000, 0.4124999999999998113 ) ) ;
#1555 = ORIENTED_EDGE ( 'NONE', *, *, #97, .T. ) ;
#1556 = LINE ( 'NONE', #1423, #212 ) ;
#1557 = PRODUCT_CONTEXT ( 'NONE', #294, 'mechanical' ) ;
#1558 = CARTESIAN_POINT ( 'NONE',  ( 0.1590101052788104319, -0.2445245507481463298, 0.1311029376246959088 ) ) ;
#1559 = VECTOR ( 'NONE', #1501, 39.37007874015748143 ) ;
#1560 = VERTEX_POINT ( 'NONE', #721 ) ;
#1561 = TOROIDAL_SURFACE ( 'NONE', #884, 0.03750000000000002637, 0.06250000000000000000 ) ;
#1562 = DIRECTION ( 'NONE',  ( 0.000000000000000000, -1.000000000000000000, 0.000000000000000000 ) ) ;
#1563 = EDGE_CURVE ( 'NONE', #672, #162, #76, .T. ) ;
#1564 = ORIENTED_EDGE ( 'NONE', *, *, #1280, .T. ) ;
#1565 = CARTESIAN_POINT ( 'NONE',  ( 0.1375000000000000111, 0.7500000000000001110, 0.000000000000000000 ) ) ;
#1566 = DIRECTION ( 'NONE',  ( 9.756599977372373568E-17, -0.000000000000000000, 1.000000000000000000 ) ) ;
#1567 = DIRECTION ( 'NONE',  ( 0.000000000000000000, 1.000000000000000000, 0.000000000000000000 ) ) ;
#1568 = CYLINDRICAL_SURFACE ( 'NONE', #325, 0.06250000000000000000 ) ;
#1569 = ORIENTED_EDGE ( 'NONE', *, *, #1082, .F. ) ;
#1570 = CARTESIAN_POINT ( 'NONE',  ( -0.1848014830116521956, -0.2219228747018118231, 0.06257361598247791756 ) ) ;
#1571 = VERTEX_POINT ( 'NONE', #813 ) ;
#1572 = LINE ( 'NONE', #1329, #597 ) ;
#1573 = EDGE_CURVE ( 'NONE', #1100, #958, #1290, .T. ) ;
#1574 = CIRCLE ( 'NONE', #1471, 0.06250000000000001388 ) ;
#1575 = FACE_OUTER_BOUND ( 'NONE', #1308, .T. ) ;
#1576 = VECTOR ( 'NONE', #373, 39.37007874015748143 ) ;
#1577 = DIRECTION ( 'NONE',  ( -0.000000000000000000, -1.000000000000000000, -0.000000000000000000 ) ) ;
#1578 = EDGE_LOOP ( 'NONE', ( #1533, #63, #138, #397 ) ) ;
#1579 = DIRECTION ( 'NONE',  ( 0.5242034775489677889, 0.000000000000000000, 0.8515930449020641113 ) ) ;
#1580 = CARTESIAN_POINT ( 'NONE',  ( 0.000000000000000000, 0.2500000000000000000, 0.000000000000000000 ) ) ;
#1581 = EDGE_CURVE ( 'NONE', #1246, #386, #1112, .T. ) ;
#1582 = LINE ( 'NONE', #361, #1189 ) ;
#1583 = CYLINDRICAL_SURFACE ( 'NONE', #1445, 0.06249999999999999306 ) ;
ENDSEC;
END-ISO-10303-21;
