ISO-10303-21;
HEADER;
FILE_DESCRIPTION (( 'STEP AP214' ),
    '1' );
FILE_NAME ('Lid 1.STEP',
    '2026-04-07T17:59:02',
    ( '' ),
    ( '' ),
    'SwSTEP 2.0',
    'SolidWorks 2025',
    '' );
FILE_SCHEMA (( 'AUTOMOTIVE_DESIGN' ));
ENDSEC;

DATA;
#1 = CYLINDRICAL_SURFACE ( 'NONE', #1805, 0.06250000000000001388 ) ;
#2 = CARTESIAN_POINT ( 'NONE',  ( 0.4862500000000006262, -1.057499999999999885, 0.2596299199999999585 ) ) ;
#3 = ORIENTED_EDGE ( 'NONE', *, *, #1268, .T. ) ;
#4 = DIRECTION ( 'NONE',  ( 0.000000000000000000, -0.000000000000000000, 1.000000000000000000 ) ) ;
#5 = VECTOR ( 'NONE', #692, 39.37007874015748143 ) ;
#6 = EDGE_LOOP ( 'NONE', ( #920, #172, #1371, #399 ) ) ;
#7 = LINE ( 'NONE', #1575, #390 ) ;
#8 = EDGE_CURVE ( 'NONE', #791, #64, #418, .T. ) ;
#9 = VECTOR ( 'NONE', #1002, 39.37007874015748143 ) ;
#10 = LINE ( 'NONE', #1081, #1917 ) ;
#11 = CIRCLE ( 'NONE', #1132, 0.1624999999999999778 ) ;
#12 = EDGE_LOOP ( 'NONE', ( #1663, #105, #893, #1426 ) ) ;
#13 = CARTESIAN_POINT ( 'NONE',  ( 0.4862500000000007372, 1.169370078740157970, 0.2596299199999999585 ) ) ;
#14 = LINE ( 'NONE', #1508, #1771 ) ;
#15 = ORIENTED_EDGE ( 'NONE', *, *, #1742, .T. ) ;
#16 = DIRECTION ( 'NONE',  ( 1.000000000000000000, 0.000000000000000000, 0.000000000000000000 ) ) ;
#17 = EDGE_CURVE ( 'NONE', #785, #398, #570, .T. ) ;
#18 = EDGE_LOOP ( 'NONE', ( #1037, #40, #1351, #119, #966, #739, #1445, #1369 ) ) ;
#19 = CARTESIAN_POINT ( 'NONE',  ( -0.4237500000000006262, 1.080629921259842252, 0.2999999999999999889 ) ) ;
#20 = EDGE_CURVE ( 'NONE', #56, #94, #1657, .T. ) ;
#21 = DIRECTION ( 'NONE',  ( 0.000000000000000000, 0.000000000000000000, 1.000000000000000000 ) ) ;
#22 = VERTEX_POINT ( 'NONE', #1807 ) ;
#23 = CARTESIAN_POINT ( 'NONE',  ( 0.4862500000000006262, 1.169370078740157970, 0.2999999999999999889 ) ) ;
#24 = PLANE ( 'NONE',  #175 ) ;
#25 = ORIENTED_EDGE ( 'NONE', *, *, #1780, .F. ) ;
#26 = DIRECTION ( 'NONE',  ( 0.000000000000000000, 0.000000000000000000, -1.000000000000000000 ) ) ;
#27 = PLANE ( 'NONE',  #953 ) ;
#28 = ORIENTED_EDGE ( 'NONE', *, *, #1664, .F. ) ;
#29 = PLANE ( 'NONE',  #1066 ) ;
#30 = AXIS2_PLACEMENT_3D ( 'NONE', #506, #1417, #1406 ) ;
#31 = ORIENTED_EDGE ( 'NONE', *, *, #1322, .F. ) ;
#32 = AXIS2_PLACEMENT_3D ( 'NONE', #847, #1160, #1181 ) ;
#33 = DIRECTION ( 'NONE',  ( 0.000000000000000000, 0.000000000000000000, -1.000000000000000000 ) ) ;
#34 = DIRECTION ( 'NONE',  ( -0.000000000000000000, -1.000000000000000000, -0.000000000000000000 ) ) ;
#35 = ORIENTED_EDGE ( 'NONE', *, *, #1887, .T. ) ;
#36 = EDGE_CURVE ( 'NONE', #189, #1237, #1025, .T. ) ;
#37 = DIRECTION ( 'NONE',  ( -0.000000000000000000, -0.000000000000000000, 1.000000000000000000 ) ) ;
#38 = ORIENTED_EDGE ( 'NONE', *, *, #1135, .T. ) ;
#39 = DIRECTION ( 'NONE',  ( -0.000000000000000000, -1.000000000000000000, -0.000000000000000000 ) ) ;
#40 = ORIENTED_EDGE ( 'NONE', *, *, #644, .T. ) ;
#41 = VECTOR ( 'NONE', #1253, 39.37007874015748143 ) ;
#42 = CARTESIAN_POINT ( 'NONE',  ( -0.4237500000000006262, -1.080629921259842252, 0.2596299199999999585 ) ) ;
#43 = DIRECTION ( 'NONE',  ( 0.000000000000000000, 0.000000000000000000, -1.000000000000000000 ) ) ;
#44 = CARTESIAN_POINT ( 'NONE',  ( 0.2250000000000000611, -0.2750000000000000222, 0.000000000000000000 ) ) ;
#45 = ORIENTED_EDGE ( 'NONE', *, *, #1714, .T. ) ;
#46 = AXIS2_PLACEMENT_3D ( 'NONE', #1832, #1363, #1041 ) ;
#47 = ADVANCED_FACE ( 'NONE', ( #563 ), #869, .F. ) ;
#48 = DIRECTION ( 'NONE',  ( -1.000000000000000000, 0.000000000000000000, 0.000000000000000000 ) ) ;
#49 = EDGE_CURVE ( 'NONE', #487, #1064, #1958, .T. ) ;
#50 = APPLICATION_CONTEXT ( 'automotive_design' ) ;
#51 = EDGE_LOOP ( 'NONE', ( #1205, #1488, #1799, #1775 ) ) ;
#52 = CYLINDRICAL_SURFACE ( 'NONE', #1654, 0.06249999999999995143 ) ;
#53 = VERTEX_POINT ( 'NONE', #1989 ) ;
#54 = DIRECTION ( 'NONE',  ( -0.000000000000000000, -0.000000000000000000, -1.000000000000000000 ) ) ;
#55 = LINE ( 'NONE', #352, #655 ) ;
#56 = VERTEX_POINT ( 'NONE', #601 ) ;
#57 = EDGE_CURVE ( 'NONE', #444, #1715, #579, .T. ) ;
#58 = LINE ( 'NONE', #1318, #821 ) ;
#59 = AXIS2_PLACEMENT_3D ( 'NONE', #107, #1349, #1971 ) ;
#60 = FACE_OUTER_BOUND ( 'NONE', #227, .T. ) ;
#61 = EDGE_CURVE ( 'NONE', #723, #147, #431, .T. ) ;
#62 = ORIENTED_EDGE ( 'NONE', *, *, #1897, .T. ) ;
#63 = DIRECTION ( 'NONE',  ( 0.000000000000000000, 0.000000000000000000, 1.000000000000000000 ) ) ;
#64 = VERTEX_POINT ( 'NONE', #1223 ) ;
#65 = LINE ( 'NONE', #359, #1463 ) ;
#66 = CARTESIAN_POINT ( 'NONE',  ( -0.9999999999999998890, -1.499999999999999778, 0.2999999999999999889 ) ) ;
#67 = ORIENTED_EDGE ( 'NONE', *, *, #950, .F. ) ;
#68 = AXIS2_PLACEMENT_3D ( 'NONE', #1953, #691, #1012 ) ;
#69 = CARTESIAN_POINT ( 'NONE',  ( -0.4862500000000006262, -1.192500000000000115, 0.2596299199999999585 ) ) ;
#70 = DIRECTION ( 'NONE',  ( 1.000000000000000000, 1.404549096999619296E-16, 0.000000000000000000 ) ) ;
#71 = DIRECTION ( 'NONE',  ( 0.000000000000000000, 0.000000000000000000, 1.000000000000000000 ) ) ;
#72 = EDGE_CURVE ( 'NONE', #1086, #818, #423, .T. ) ;
#73 = ORIENTED_EDGE ( 'NONE', *, *, #262, .T. ) ;
#74 = EDGE_CURVE ( 'NONE', #1240, #1182, #1128, .T. ) ;
#75 = PLANE ( 'NONE',  #1260 ) ;
#76 = FACE_BOUND ( 'NONE', #1813, .T. ) ;
#77 = CIRCLE ( 'NONE', #1357, 0.06250000000000001388 ) ;
#78 = AXIS2_PLACEMENT_3D ( 'NONE', #1942, #1158, #89 ) ;
#79 = FACE_OUTER_BOUND ( 'NONE', #1028, .T. ) ;
#80 = AXIS2_PLACEMENT_3D ( 'NONE', #658, #1892, #503 ) ;
#81 = CARTESIAN_POINT ( 'NONE',  ( -0.6499999999999999112, -0.2750000000000001887, 0.2999999999999999889 ) ) ;
#82 = AXIS2_PLACEMENT_3D ( 'NONE', #1752, #964, #1302 ) ;
#83 = DIRECTION ( 'NONE',  ( 1.000000000000000000, 0.000000000000000000, 0.000000000000000000 ) ) ;
#84 = EDGE_CURVE ( 'NONE', #470, #1220, #7, .T. ) ;
#85 = EDGE_CURVE ( 'NONE', #1941, #890, #311, .T. ) ;
#86 = ORIENTED_EDGE ( 'NONE', *, *, #518, .T. ) ;
#87 = DIRECTION ( 'NONE',  ( -1.000000000000000000, 0.000000000000000000, 0.000000000000000000 ) ) ;
#88 = CARTESIAN_POINT ( 'NONE',  ( -0.6499999999999999112, 0.2125000000000000222, 0.1350000000000000089 ) ) ;
#89 = DIRECTION ( 'NONE',  ( 1.000000000000000000, 0.000000000000000000, 0.000000000000000000 ) ) ;
#90 = CARTESIAN_POINT ( 'NONE',  ( -0.4862500000000006262, -1.057499999999999885, 0.2999999999999999889 ) ) ;
#91 = CARTESIAN_POINT ( 'NONE',  ( -0.5374999999999997558, -1.125000000000000000, 0.1999999999999999833 ) ) ;
#92 = PLANE ( 'NONE',  #1818 ) ;
#93 = CARTESIAN_POINT ( 'NONE',  ( 0.000000000000000000, 0.000000000000000000, 0.2596299199999999585 ) ) ;
#94 = VERTEX_POINT ( 'NONE', #956 ) ;
#95 = DIRECTION ( 'NONE',  ( 1.000000000000000000, 0.000000000000000000, 0.000000000000000000 ) ) ;
#96 = CYLINDRICAL_SURFACE ( 'NONE', #1164, 0.1624999999999999778 ) ;
#97 = CARTESIAN_POINT ( 'NONE',  ( -0.6499999999999999112, 0.2125000000000000222, 0.000000000000000000 ) ) ;
#98 = CIRCLE ( 'NONE', #1217, 0.06250000000000001388 ) ;
#99 = CARTESIAN_POINT ( 'NONE',  ( 0.2875000000000000333, -0.2750000000000000222, 0.1350000000000000644 ) ) ;
#100 = ORIENTED_EDGE ( 'NONE', *, *, #817, .F. ) ;
#101 = VECTOR ( 'NONE', #383, 39.37007874015748143 ) ;
#102 = DIRECTION ( 'NONE',  ( 0.000000000000000000, 1.000000000000000000, 0.000000000000000000 ) ) ;
#103 = ORIENTED_EDGE ( 'NONE', *, *, #251, .F. ) ;
#104 = DIRECTION ( 'NONE',  ( 1.000000000000000000, -0.000000000000000000, -0.000000000000000000 ) ) ;
#105 = ORIENTED_EDGE ( 'NONE', *, *, #1211, .F. ) ;
#106 = ADVANCED_FACE ( 'NONE', ( #1262 ), #29, .F. ) ;
#107 = CARTESIAN_POINT ( 'NONE',  ( 0.4862500000000006262, 1.192500000000000115, 0.000000000000000000 ) ) ;
#108 = DIRECTION ( 'NONE',  ( -1.000000000000000000, 0.000000000000000000, 0.000000000000000000 ) ) ;
#109 = ORIENTED_EDGE ( 'NONE', *, *, #1664, .T. ) ;
#110 = EDGE_CURVE ( 'NONE', #1553, #1119, #77, .T. ) ;
#111 = VECTOR ( 'NONE', #973, 39.37007874015748143 ) ;
#112 = CYLINDRICAL_SURFACE ( 'NONE', #522, 0.1624999999999999778 ) ;
#113 = CIRCLE ( 'NONE', #1592, 0.1624999999999999778 ) ;
#114 = DIRECTION ( 'NONE',  ( -0.000000000000000000, -0.000000000000000000, 1.000000000000000000 ) ) ;
#115 = CARTESIAN_POINT ( 'NONE',  ( 0.4237500000000006262, -1.119999999999999885, 0.000000000000000000 ) ) ;
#116 = ORIENTED_EDGE ( 'NONE', *, *, #362, .F. ) ;
#117 = CARTESIAN_POINT ( 'NONE',  ( 0.4862500000000006262, 1.130000000000000338, 0.2596299199999999585 ) ) ;
#118 = DIRECTION ( 'NONE',  ( -1.000000000000000000, 0.000000000000000000, -0.000000000000000000 ) ) ;
#119 = ORIENTED_EDGE ( 'NONE', *, *, #61, .T. ) ;
#120 = DIRECTION ( 'NONE',  ( -0.000000000000000000, -0.000000000000000000, 1.000000000000000000 ) ) ;
#121 = VERTEX_POINT ( 'NONE', #1072 ) ;
#122 = CARTESIAN_POINT ( 'NONE',  ( -0.9999999999999998890, -1.499999999999999778, 0.2999999999999999889 ) ) ;
#123 = EDGE_LOOP ( 'NONE', ( #756, #662, #508, #820 ) ) ;
#124 = CARTESIAN_POINT ( 'NONE',  ( -0.4862500000000006262, 1.130000000000000115, 0.2596299199999999585 ) ) ;
#125 = DIRECTION ( 'NONE',  ( 0.000000000000000000, 0.000000000000000000, -1.000000000000000000 ) ) ;
#126 = ORIENTED_EDGE ( 'NONE', *, *, #280, .F. ) ;
#127 = AXIS2_PLACEMENT_3D ( 'NONE', #1572, #806, #1732 ) ;
#128 = DIRECTION ( 'NONE',  ( -0.000000000000000000, -0.000000000000000000, -1.000000000000000000 ) ) ;
#129 = AXIS2_PLACEMENT_3D ( 'NONE', #287, #1822, #1067 ) ;
#130 = DIRECTION ( 'NONE',  ( 1.000000000000000000, 0.000000000000000000, 0.000000000000000000 ) ) ;
#131 = ORIENTED_EDGE ( 'NONE', *, *, #1101, .T. ) ;
#132 = EDGE_CURVE ( 'NONE', #794, #121, #154, .T. ) ;
#133 = DIRECTION ( 'NONE',  ( -1.000000000000000000, 0.000000000000000000, 0.000000000000000000 ) ) ;
#134 = EDGE_CURVE ( 'NONE', #332, #1906, #1026, .T. ) ;
#135 = ORIENTED_EDGE ( 'NONE', *, *, #1897, .F. ) ;
#136 = LINE ( 'NONE', #886, #1685 ) ;
#137 = CYLINDRICAL_SURFACE ( 'NONE', #1245, 0.06250000000000001388 ) ;
#138 = VERTEX_POINT ( 'NONE', #1860 ) ;
#139 = CLOSED_SHELL ( 'NONE', ( #1615, #347, #959, #1502, #849, #1931, #1143, #1928, #1635, #1689, #397, #1564, #970, #1825, #1995, #580, #992, #1531, #1412, #433, #1084, #1121, #757, #867, #1212, #609, #1409, #670, #1294, #106, #1321, #230, #914, #316, #1806, #661, #344, #936, #1932, #984, #1921, #793, #338, #1677, #1015, #694, #780, #646, #207, #426, #1983, #1117, #1331, #186, #811, #1269, #790, #47, #1846, #619 ) ) ;
#140 = AXIS2_PLACEMENT_3D ( 'NONE', #679, #698, #1436 ) ;
#141 = LINE ( 'NONE', #1988, #718 ) ;
#142 = AXIS2_PLACEMENT_3D ( 'NONE', #533, #550, #1287 ) ;
#143 = EDGE_CURVE ( 'NONE', #947, #1134, #653, .T. ) ;
#144 = ORIENTED_EDGE ( 'NONE', *, *, #1540, .F. ) ;
#145 = EDGE_CURVE ( 'NONE', #1803, #1115, #171, .T. ) ;
#146 = EDGE_CURVE ( 'NONE', #1377, #711, #1111, .T. ) ;
#147 = VERTEX_POINT ( 'NONE', #1880 ) ;
#148 = DIRECTION ( 'NONE',  ( -1.000000000000000000, 0.000000000000000000, 0.000000000000000000 ) ) ;
#149 = DIRECTION ( 'NONE',  ( -1.000000000000000000, 0.000000000000000000, 0.000000000000000000 ) ) ;
#150 = VERTEX_POINT ( 'NONE', #792 ) ;
#151 = FACE_OUTER_BOUND ( 'NONE', #376, .T. ) ;
#152 = APPLICATION_CONTEXT ( 'automotive_design' ) ;
#153 = ORIENTED_EDGE ( 'NONE', *, *, #1271, .F. ) ;
#154 = LINE ( 'NONE', #932, #1783 ) ;
#155 = ORIENTED_EDGE ( 'NONE', *, *, #245, .F. ) ;
#156 = DIRECTION ( 'NONE',  ( 1.000000000000000000, 0.000000000000000000, -0.000000000000000000 ) ) ;
#157 = PLANE ( 'NONE',  #1511 ) ;
#158 = ORIENTED_EDGE ( 'NONE', *, *, #348, .F. ) ;
#159 = DIRECTION ( 'NONE',  ( 0.000000000000000000, -0.000000000000000000, 1.000000000000000000 ) ) ;
#160 = EDGE_CURVE ( 'NONE', #1944, #185, #1728, .T. ) ;
#161 = EDGE_LOOP ( 'NONE', ( #100, #971, #797, #774 ) ) ;
#162 = CIRCLE ( 'NONE', #1281, 0.06250000000000001388 ) ;
#163 = CARTESIAN_POINT ( 'NONE',  ( 0.000000000000000000, 0.000000000000000000, 0.2596299199999999585 ) ) ;
#164 = ORIENTED_EDGE ( 'NONE', *, *, #891, .T. ) ;
#165 = CARTESIAN_POINT ( 'NONE',  ( 1.000000000000000222, -1.499999999999999778, 0.2999999999999999889 ) ) ;
#166 = SURFACE_STYLE_FILL_AREA ( #1703 ) ;
#167 = ORIENTED_EDGE ( 'NONE', *, *, #1798, .F. ) ;
#168 = EDGE_CURVE ( 'NONE', #1083, #1733, #206, .T. ) ;
#169 = EDGE_CURVE ( 'NONE', #1314, #354, #802, .T. ) ;
#170 = CARTESIAN_POINT ( 'NONE',  ( -0.4862500000000006262, -1.018129921259842252, 0.2596299199999999585 ) ) ;
#171 = CIRCLE ( 'NONE', #583, 0.06250000000000001388 ) ;
#172 = ORIENTED_EDGE ( 'NONE', *, *, #644, .F. ) ;
#173 = DIRECTION ( 'NONE',  ( -0.000000000000000000, -0.000000000000000000, -1.000000000000000000 ) ) ;
#174 = AXIS2_PLACEMENT_3D ( 'NONE', #1024, #1652, #577 ) ;
#175 = AXIS2_PLACEMENT_3D ( 'NONE', #636, #1094, #935 ) ;
#176 = EDGE_LOOP ( 'NONE', ( #1092, #1480, #288, #1230 ) ) ;
#177 = CIRCLE ( 'NONE', #1133, 0.06250000000000001388 ) ;
#178 = DIRECTION ( 'NONE',  ( 0.000000000000000000, 0.000000000000000000, -1.000000000000000000 ) ) ;
#179 = LINE ( 'NONE', #944, #938 ) ;
#180 = VERTEX_POINT ( 'NONE', #322 ) ;
#181 = CARTESIAN_POINT ( 'NONE',  ( 0.4237500000000006262, 1.119999999999999885, 0.000000000000000000 ) ) ;
#182 = VERTEX_POINT ( 'NONE', #1080 ) ;
#183 = DIRECTION ( 'NONE',  ( 0.000000000000000000, 0.000000000000000000, 1.000000000000000000 ) ) ;
#184 = DIRECTION ( 'NONE',  ( -0.000000000000000000, -0.000000000000000000, 1.000000000000000000 ) ) ;
#185 = VERTEX_POINT ( 'NONE', #1734 ) ;
#186 = ADVANCED_FACE ( 'NONE', ( #346 ), #329, .F. ) ;
#187 = CYLINDRICAL_SURFACE ( 'NONE', #224, 0.06250000000000001388 ) ;
#188 = DIRECTION ( 'NONE',  ( 0.000000000000000000, -0.000000000000000000, 1.000000000000000000 ) ) ;
#189 = VERTEX_POINT ( 'NONE', #1707 ) ;
#190 = CARTESIAN_POINT ( 'NONE',  ( 0.4237500000000005707, 1.130000000000000338, 0.000000000000000000 ) ) ;
#191 = DIRECTION ( 'NONE',  ( 1.000000000000000000, 8.812412882787945349E-17, 0.000000000000000000 ) ) ;
#192 = ORIENTED_EDGE ( 'NONE', *, *, #1009, .T. ) ;
#193 = DIRECTION ( 'NONE',  ( -1.000000000000000000, 0.000000000000000000, 0.000000000000000000 ) ) ;
#194 = AXIS2_PLACEMENT_3D ( 'NONE', #170, #1552, #159 ) ;
#195 = EDGE_CURVE ( 'NONE', #1034, #1852, #783, .T. ) ;
#196 = ORIENTED_EDGE ( 'NONE', *, *, #1567, .F. ) ;
#197 = VECTOR ( 'NONE', #1469, 39.37007874015748143 ) ;
#198 = FACE_OUTER_BOUND ( 'NONE', #1755, .T. ) ;
#199 =( CONVERSION_BASED_UNIT ( 'INCH', #217 ) LENGTH_UNIT ( ) NAMED_UNIT ( #1494 ) );
#200 = VERTEX_POINT ( 'NONE', #941 ) ;
#201 = DIRECTION ( 'NONE',  ( 0.000000000000000000, 1.000000000000000000, 0.000000000000000000 ) ) ;
#202 = ORIENTED_EDGE ( 'NONE', *, *, #1438, .T. ) ;
#203 = DIRECTION ( 'NONE',  ( 0.000000000000000000, 0.000000000000000000, -1.000000000000000000 ) ) ;
#204 = EDGE_CURVE ( 'NONE', #672, #1240, #1919, .T. ) ;
#205 = ORIENTED_EDGE ( 'NONE', *, *, #768, .T. ) ;
#206 = CIRCLE ( 'NONE', #459, 0.06250000000000001388 ) ;
#207 = ADVANCED_FACE ( 'NONE', ( #1312 ), #365, .F. ) ;
#208 = CARTESIAN_POINT ( 'NONE',  ( 0.4237500000000006262, -1.130000000000000338, 0.2596299199999999585 ) ) ;
#209 = CARTESIAN_POINT ( 'NONE',  ( -0.9999999999999998890, -0.2750000000000001887, 0.000000000000000000 ) ) ;
#210 = ORIENTED_EDGE ( 'NONE', *, *, #1869, .F. ) ;
#211 = VECTOR ( 'NONE', #1757, 39.37007874015748143 ) ;
#212 = FACE_OUTER_BOUND ( 'NONE', #833, .T. ) ;
#213 = EDGE_LOOP ( 'NONE', ( #1523, #649, #1967, #1856 ) ) ;
#214 = CARTESIAN_POINT ( 'NONE',  ( 0.4862500000000006262, -1.130000000000000338, 0.000000000000000000 ) ) ;
#215 = ORIENTED_EDGE ( 'NONE', *, *, #1633, .T. ) ;
#216 = DIRECTION ( 'NONE',  ( 0.000000000000000000, -0.000000000000000000, -1.000000000000000000 ) ) ;
#217 = LENGTH_MEASURE_WITH_UNIT ( LENGTH_MEASURE( 0.02539999999999999897 ), #1114 );
#218 = ORIENTED_EDGE ( 'NONE', *, *, #1482, .F. ) ;
#219 = CARTESIAN_POINT ( 'NONE',  ( -0.4237500000000006262, -1.119999999999999885, 0.000000000000000000 ) ) ;
#220 = AXIS2_PLACEMENT_3D ( 'NONE', #219, #1619, #286 ) ;
#221 = LINE ( 'NONE', #1259, #735 ) ;
#222 = FACE_OUTER_BOUND ( 'NONE', #161, .T. ) ;
#223 = ORIENTED_EDGE ( 'NONE', *, *, #195, .F. ) ;
#224 = AXIS2_PLACEMENT_3D ( 'NONE', #1730, #1247, #1579 ) ;
#225 = DIRECTION ( 'NONE',  ( 1.000000000000000000, 0.000000000000000000, 0.000000000000000000 ) ) ;
#226 = CARTESIAN_POINT ( 'NONE',  ( -0.6999999999999997335, -1.125000000000000000, 0.000000000000000000 ) ) ;
#227 = EDGE_LOOP ( 'NONE', ( #1261, #394, #1704, #1796 ) ) ;
#228 = AXIS2_PLACEMENT_3D ( 'NONE', #897, #1533, #149 ) ;
#229 = CARTESIAN_POINT ( 'NONE',  ( 0.4862500000000006262, 1.080629921259842252, 0.2596299199999999585 ) ) ;
#230 = ADVANCED_FACE ( 'NONE', ( #1141 ), #819, .T. ) ;
#231 = DIRECTION ( 'NONE',  ( -0.000000000000000000, -0.000000000000000000, 1.000000000000000000 ) ) ;
#232 = EDGE_CURVE ( 'NONE', #617, #200, #357, .T. ) ;
#233 = CARTESIAN_POINT ( 'NONE',  ( -0.4862500000000006262, -1.169370078740157970, 0.2596299199999999585 ) ) ;
#234 = ORIENTED_EDGE ( 'NONE', *, *, #901, .F. ) ;
#235 = CARTESIAN_POINT ( 'NONE',  ( 0.000000000000000000, 0.000000000000000000, 0.000000000000000000 ) ) ;
#236 = DIRECTION ( 'NONE',  ( -1.000000000000000000, 0.000000000000000000, 0.000000000000000000 ) ) ;
#237 = VERTEX_POINT ( 'NONE', #1900 ) ;
#238 = AXIS2_PLACEMENT_3D ( 'NONE', #721, #1334, #271 ) ;
#239 = LINE ( 'NONE', #69, #1029 ) ;
#240 = VECTOR ( 'NONE', #1286, 39.37007874015748143 ) ;
#241 = CARTESIAN_POINT ( 'NONE',  ( -0.9999999999999998890, 0.2750000000000001887, 0.000000000000000000 ) ) ;
#242 = DIRECTION ( 'NONE',  ( 0.000000000000000000, 0.000000000000000000, 1.000000000000000000 ) ) ;
#243 = ORIENTED_EDGE ( 'NONE', *, *, #1514, .F. ) ;
#244 = DIRECTION ( 'NONE',  ( 1.000000000000000000, -7.805279981897894910E-16, -0.000000000000000000 ) ) ;
#245 = EDGE_CURVE ( 'NONE', #1049, #830, #986, .T. ) ;
#246 = LINE ( 'NONE', #677, #211 ) ;
#247 = CARTESIAN_POINT ( 'NONE',  ( 0.4862500000000005151, 1.231870078740157970, 0.2596299199999999585 ) ) ;
#248 = DIRECTION ( 'NONE',  ( 1.000000000000000000, 0.000000000000000000, 0.000000000000000000 ) ) ;
#249 = VERTEX_POINT ( 'NONE', #1774 ) ;
#250 = PLANE ( 'NONE',  #174 ) ;
#251 = EDGE_CURVE ( 'NONE', #1274, #572, #1604, .T. ) ;
#252 = ORIENTED_EDGE ( 'NONE', *, *, #280, .T. ) ;
#253 = EDGE_CURVE ( 'NONE', #283, #1240, #1586, .T. ) ;
#254 = FACE_OUTER_BOUND ( 'NONE', #859, .T. ) ;
#255 = CARTESIAN_POINT ( 'NONE',  ( 1.000000000000000222, -1.499999999999999778, 0.2999999999999999889 ) ) ;
#256 = CARTESIAN_POINT ( 'NONE',  ( -0.4237500000000006262, -1.119999999999999885, 0.2596299199999999585 ) ) ;
#257 = CIRCLE ( 'NONE', #1118, 0.06249999999999995143 ) ;
#258 = DIRECTION ( 'NONE',  ( 1.000000000000000000, 0.000000000000000000, 0.000000000000000000 ) ) ;
#259 = ORIENTED_EDGE ( 'NONE', *, *, #578, .T. ) ;
#260 = CARTESIAN_POINT ( 'NONE',  ( -0.6999999999999997335, 1.125000000000000000, 0.1999999999999999833 ) ) ;
#261 = ORIENTED_EDGE ( 'NONE', *, *, #994, .T. ) ;
#262 = EDGE_CURVE ( 'NONE', #1220, #1314, #266, .T. ) ;
#263 = LINE ( 'NONE', #1185, #1398 ) ;
#264 = VERTEX_POINT ( 'NONE', #1273 ) ;
#265 = CARTESIAN_POINT ( 'NONE',  ( 0.2250000000000000611, -0.2125000000000000500, 0.000000000000000000 ) ) ;
#266 = CIRCLE ( 'NONE', #519, 0.06250000000000001388 ) ;
#267 = DIRECTION ( 'NONE',  ( -0.000000000000000000, -0.000000000000000000, 1.000000000000000000 ) ) ;
#268 = ORIENTED_EDGE ( 'NONE', *, *, #1171, .T. ) ;
#269 = AXIS2_PLACEMENT_3D ( 'NONE', #825, #553, #1779 ) ;
#270 = CIRCLE ( 'NONE', #523, 0.06250000000000001388 ) ;
#271 = DIRECTION ( 'NONE',  ( 1.000000000000000000, 0.000000000000000000, 0.000000000000000000 ) ) ;
#272 = AXIS2_PLACEMENT_3D ( 'NONE', #1797, #411, #871 ) ;
#273 = ORIENTED_EDGE ( 'NONE', *, *, #134, .T. ) ;
#274 = CARTESIAN_POINT ( 'NONE',  ( -0.6999999999999997335, 1.125000000000000000, 0.1999999999999999833 ) ) ;
#275 = DIRECTION ( 'NONE',  ( 1.000000000000000000, 0.000000000000000000, 0.000000000000000000 ) ) ;
#276 = ORIENTED_EDGE ( 'NONE', *, *, #1660, .T. ) ;
#277 = CARTESIAN_POINT ( 'NONE',  ( 0.4862500000000006262, 1.192500000000000115, 0.000000000000000000 ) ) ;
#278 = FILL_AREA_STYLE_COLOUR ( '', #896 ) ;
#279 = ORIENTED_EDGE ( 'NONE', *, *, #1994, .F. ) ;
#280 = EDGE_CURVE ( 'NONE', #1360, #1609, #1653, .T. ) ;
#281 = FACE_OUTER_BOUND ( 'NONE', #1731, .T. ) ;
#282 = EDGE_CURVE ( 'NONE', #1715, #672, #1556, .T. ) ;
#283 = VERTEX_POINT ( 'NONE', #538 ) ;
#284 = FACE_OUTER_BOUND ( 'NONE', #603, .T. ) ;
#285 = ORIENTED_EDGE ( 'NONE', *, *, #930, .F. ) ;
#286 = DIRECTION ( 'NONE',  ( -1.000000000000000000, 0.000000000000000000, 0.000000000000000000 ) ) ;
#287 = CARTESIAN_POINT ( 'NONE',  ( -0.4237500000000006262, 1.080629921259842252, 0.2596299199999999585 ) ) ;
#288 = ORIENTED_EDGE ( 'NONE', *, *, #747, .T. ) ;
#289 = EDGE_CURVE ( 'NONE', #925, #366, #1192, .T. ) ;
#290 = AXIS2_PLACEMENT_3D ( 'NONE', #42, #657, #1264 ) ;
#291 = EDGE_CURVE ( 'NONE', #444, #1296, #1595, .T. ) ;
#292 = PLANE ( 'NONE',  #1915 ) ;
#293 = DIRECTION ( 'NONE',  ( 0.000000000000000000, 0.000000000000000000, 1.000000000000000000 ) ) ;
#294 = LINE ( 'NONE', #1830, #1032 ) ;
#295 = EDGE_LOOP ( 'NONE', ( #1948, #1740, #109, #1493 ) ) ;
#296 = DIRECTION ( 'NONE',  ( -1.000000000000000000, 0.000000000000000000, -0.000000000000000000 ) ) ;
#297 = CARTESIAN_POINT ( 'NONE',  ( -0.4862500000000006262, 1.018129921259842252, 0.2596299199999999585 ) ) ;
#298 = VERTEX_POINT ( 'NONE', #214 ) ;
#299 = PLANE ( 'NONE',  #194 ) ;
#300 = VECTOR ( 'NONE', #1243, 39.37007874015748143 ) ;
#301 = EDGE_LOOP ( 'NONE', ( #731, #1969 ) ) ;
#302 = CARTESIAN_POINT ( 'NONE',  ( -0.7125000000000000222, -0.2750000000000000222, 0.1350000000000000644 ) ) ;
#303 = VECTOR ( 'NONE', #704, 39.37007874015748143 ) ;
#304 = DIRECTION ( 'NONE',  ( -0.000000000000000000, -0.000000000000000000, -1.000000000000000000 ) ) ;
#305 = EDGE_LOOP ( 'NONE', ( #1529, #902, #25, #788 ) ) ;
#306 = FACE_BOUND ( 'NONE', #1692, .T. ) ;
#307 = CARTESIAN_POINT ( 'NONE',  ( -0.4862500000000006262, 1.169370078740157970, 0.2999999999999999889 ) ) ;
#308 = ORIENTED_EDGE ( 'NONE', *, *, #730, .F. ) ;
#309 = FACE_OUTER_BOUND ( 'NONE', #883, .T. ) ;
#310 = ORIENTED_EDGE ( 'NONE', *, *, #168, .T. ) ;
#311 = LINE ( 'NONE', #1235, #41 ) ;
#312 = EDGE_CURVE ( 'NONE', #237, #138, #848, .T. ) ;
#313 = VECTOR ( 'NONE', #1468, 39.37007874015748143 ) ;
#314 = DIRECTION ( 'NONE',  ( 0.000000000000000000, 0.000000000000000000, -1.000000000000000000 ) ) ;
#315 = ORIENTED_EDGE ( 'NONE', *, *, #707, .T. ) ;
#316 = ADVANCED_FACE ( 'NONE', ( #1120 ), #1786, .T. ) ;
#317 = FACE_OUTER_BOUND ( 'NONE', #781, .T. ) ;
#318 = DIRECTION ( 'NONE',  ( 3.469446951953586973E-15, 1.000000000000000000, -0.000000000000000000 ) ) ;
#319 = ORIENTED_EDGE ( 'NONE', *, *, #702, .F. ) ;
#320 = ORIENTED_EDGE ( 'NONE', *, *, #169, .F. ) ;
#321 = CIRCLE ( 'NONE', #1709, 0.09375000000000005551 ) ;
#322 = CARTESIAN_POINT ( 'NONE',  ( 0.4237500000000006262, 1.231870078740157970, 0.2596299199999999585 ) ) ;
#323 = VERTEX_POINT ( 'NONE', #1452 ) ;
#324 = DIRECTION ( 'NONE',  ( -1.000000000000000000, 0.000000000000000000, 0.000000000000000000 ) ) ;
#325 = LINE ( 'NONE', #209, #1530 ) ;
#326 = DIRECTION ( 'NONE',  ( -0.000000000000000000, -0.000000000000000000, 1.000000000000000000 ) ) ;
#327 = AXIS2_PLACEMENT_3D ( 'NONE', #355, #1151, #1440 ) ;
#328 = ORIENTED_EDGE ( 'NONE', *, *, #1271, .T. ) ;
#329 = CYLINDRICAL_SURFACE ( 'NONE', #1851, 0.06250000000000001388 ) ;
#330 = CIRCLE ( 'NONE', #238, 0.1624999999999999778 ) ;
#331 = VECTOR ( 'NONE', #665, 39.37007874015748143 ) ;
#332 = VERTEX_POINT ( 'NONE', #1907 ) ;
#333 = AXIS2_PLACEMENT_3D ( 'NONE', #1328, #1019, #1950 ) ;
#334 = DIRECTION ( 'NONE',  ( 0.000000000000000000, 0.000000000000000000, 1.000000000000000000 ) ) ;
#335 = LINE ( 'NONE', #513, #1623 ) ;
#336 = ORIENTED_EDGE ( 'NONE', *, *, #1249, .F. ) ;
#337 = DIRECTION ( 'NONE',  ( 1.000000000000000000, 0.000000000000000000, 0.000000000000000000 ) ) ;
#338 = ADVANCED_FACE ( 'NONE', ( #517 ), #1131, .F. ) ;
#339 = ORIENTED_EDGE ( 'NONE', *, *, #1714, .F. ) ;
#340 = CARTESIAN_POINT ( 'NONE',  ( -0.4237500000000006817, 1.231870078740157970, 0.2596299199999999585 ) ) ;
#341 = ORIENTED_EDGE ( 'NONE', *, *, #537, .T. ) ;
#342 = PLANE ( 'NONE',  #1878 ) ;
#343 = LINE ( 'NONE', #798, #377 ) ;
#344 = ADVANCED_FACE ( 'NONE', ( #222 ), #52, .F. ) ;
#345 = ORIENTED_EDGE ( 'NONE', *, *, #1576, .T. ) ;
#346 = FACE_OUTER_BOUND ( 'NONE', #1727, .T. ) ;
#347 = ADVANCED_FACE ( 'NONE', ( #281 ), #112, .F. ) ;
#348 = EDGE_CURVE ( 'NONE', #437, #1539, #858, .T. ) ;
#349 = VECTOR ( 'NONE', #816, 39.37007874015748143 ) ;
#350 = ORIENTED_EDGE ( 'NONE', *, *, #460, .F. ) ;
#351 = DIRECTION ( 'NONE',  ( 0.000000000000000000, 0.000000000000000000, 1.000000000000000000 ) ) ;
#352 = CARTESIAN_POINT ( 'NONE',  ( -0.6499999999999999112, -0.2750000000000001887, 0.000000000000000000 ) ) ;
#353 = DIRECTION ( 'NONE',  ( -0.000000000000000000, -0.000000000000000000, -1.000000000000000000 ) ) ;
#354 = VERTEX_POINT ( 'NONE', #1804 ) ;
#355 = CARTESIAN_POINT ( 'NONE',  ( -0.7124999999999998002, 0.2125000000000000222, 0.000000000000000000 ) ) ;
#356 = ORIENTED_EDGE ( 'NONE', *, *, #1057, .T. ) ;
#357 = CIRCLE ( 'NONE', #1394, 0.06249999999999997918 ) ;
#358 = AXIS2_PLACEMENT_3D ( 'NONE', #388, #822, #695 ) ;
#359 = CARTESIAN_POINT ( 'NONE',  ( -0.6499999999999999112, 0.000000000000000000, 0.1350000000000000089 ) ) ;
#360 = DIRECTION ( 'NONE',  ( -0.000000000000000000, -0.000000000000000000, -1.000000000000000000 ) ) ;
#361 = AXIS2_PLACEMENT_3D ( 'NONE', #892, #1027, #133 ) ;
#362 = EDGE_CURVE ( 'NONE', #1034, #249, #589, .T. ) ;
#363 = CARTESIAN_POINT ( 'NONE',  ( 0.4237500000000006262, -1.231870078740157970, 0.2596299199999999585 ) ) ;
#364 = DIRECTION ( 'NONE',  ( -1.000000000000000000, 0.000000000000000000, 0.000000000000000000 ) ) ;
#365 = CYLINDRICAL_SURFACE ( 'NONE', #1291, 0.06250000000000001388 ) ;
#366 = VERTEX_POINT ( 'NONE', #1323 ) ;
#367 = CARTESIAN_POINT ( 'NONE',  ( -0.4862500000000006262, -1.130000000000000338, 0.000000000000000000 ) ) ;
#368 = DIRECTION ( 'NONE',  ( 0.000000000000000000, -1.000000000000000000, 0.000000000000000000 ) ) ;
#369 = EDGE_LOOP ( 'NONE', ( #1252, #1596, #866, #1497, #565, #1746, #1393, #158, #1304, #526, #1625, #1210, #1810, #1333, #1599, #1823 ) ) ;
#370 = EDGE_CURVE ( 'NONE', #1628, #767, #330, .T. ) ;
#371 = CARTESIAN_POINT ( 'NONE',  ( -0.6062499999999997335, 1.125000000000000000, 0.000000000000000000 ) ) ;
#372 = VECTOR ( 'NONE', #974, 39.37007874015748143 ) ;
#373 = DIRECTION ( 'NONE',  ( -1.000000000000000000, 8.812412882787945349E-17, 0.000000000000000000 ) ) ;
#374 = DIRECTION ( 'NONE',  ( 1.000000000000000000, 0.000000000000000000, 0.000000000000000000 ) ) ;
#375 = VECTOR ( 'NONE', #267, 39.37007874015748143 ) ;
#376 = EDGE_LOOP ( 'NONE', ( #857, #715, #1329, #548 ) ) ;
#377 = VECTOR ( 'NONE', #37, 39.37007874015748143 ) ;
#378 = CARTESIAN_POINT ( 'NONE',  ( -0.4237500000000006262, -1.192500000000000115, 0.2596299199999999585 ) ) ;
#379 = DIRECTION ( 'NONE',  ( 0.000000000000000000, 0.000000000000000000, -1.000000000000000000 ) ) ;
#380 = ORIENTED_EDGE ( 'NONE', *, *, #1808, .F. ) ;
#381 = VECTOR ( 'NONE', #584, 39.37007874015748143 ) ;
#382 = DIRECTION ( 'NONE',  ( -1.000000000000000000, 0.000000000000000000, 0.000000000000000000 ) ) ;
#383 = DIRECTION ( 'NONE',  ( -0.000000000000000000, 1.000000000000000000, -0.000000000000000000 ) ) ;
#384 = DIRECTION ( 'NONE',  ( 0.000000000000000000, 1.000000000000000000, 0.000000000000000000 ) ) ;
#385 = DIRECTION ( 'NONE',  ( -0.000000000000000000, -1.000000000000000000, -0.000000000000000000 ) ) ;
#386 = EDGE_CURVE ( 'NONE', #771, #1803, #1513, .T. ) ;
#387 = ORIENTED_EDGE ( 'NONE', *, *, #1514, .T. ) ;
#388 = CARTESIAN_POINT ( 'NONE',  ( 0.4237500000000006262, -1.119999999999999885, 0.000000000000000000 ) ) ;
#389 = CARTESIAN_POINT ( 'NONE',  ( -0.4862500000000006262, 1.080629921259842252, 0.000000000000000000 ) ) ;
#390 = VECTOR ( 'NONE', #463, 39.37007874015748143 ) ;
#391 = DIRECTION ( 'NONE',  ( 0.000000000000000000, 0.000000000000000000, -1.000000000000000000 ) ) ;
#392 = AXIS2_PLACEMENT_3D ( 'NONE', #1940, #1204, #1156 ) ;
#393 = CYLINDRICAL_SURFACE ( 'NONE', #68, 0.06250000000000001388 ) ;
#394 = ORIENTED_EDGE ( 'NONE', *, *, #1387, .F. ) ;
#395 = APPLICATION_PROTOCOL_DEFINITION ( 'draft international standard', 'automotive_design', 1998, #50 ) ;
#396 = CARTESIAN_POINT ( 'NONE',  ( 0.000000000000000000, 0.000000000000000000, 0.2596299199999999585 ) ) ;
#397 = ADVANCED_FACE ( 'NONE', ( #1478 ), #1955, .T. ) ;
#398 = VERTEX_POINT ( 'NONE', #417 ) ;
#399 = ORIENTED_EDGE ( 'NONE', *, *, #546, .F. ) ;
#400 = EDGE_CURVE ( 'NONE', #1696, #1112, #1014, .T. ) ;
#401 = DIRECTION ( 'NONE',  ( -0.000000000000000000, 0.000000000000000000, 1.000000000000000000 ) ) ;
#402 = CYLINDRICAL_SURFACE ( 'NONE', #622, 0.09375000000000005551 ) ;
#403 = ORIENTED_EDGE ( 'NONE', *, *, #1848, .F. ) ;
#404 = LINE ( 'NONE', #1011, #1491 ) ;
#405 = FACE_OUTER_BOUND ( 'NONE', #928, .T. ) ;
#406 = ORIENTED_EDGE ( 'NONE', *, *, #1699, .F. ) ;
#407 = DIRECTION ( 'NONE',  ( 1.000000000000000000, 0.000000000000000000, 0.000000000000000000 ) ) ;
#408 = EDGE_CURVE ( 'NONE', #890, #470, #586, .T. ) ;
#409 = CARTESIAN_POINT ( 'NONE',  ( -0.4237500000000006262, -1.057499999999999885, 0.000000000000000000 ) ) ;
#410 = EDGE_CURVE ( 'NONE', #1578, #1115, #1501, .T. ) ;
#411 = DIRECTION ( 'NONE',  ( 1.404549096999619296E-16, -1.000000000000000000, 0.000000000000000000 ) ) ;
#412 = ORIENTED_EDGE ( 'NONE', *, *, #1310, .T. ) ;
#413 = DIRECTION ( 'NONE',  ( 1.000000000000000000, 0.000000000000000000, 0.000000000000000000 ) ) ;
#414 = CIRCLE ( 'NONE', #1152, 0.06250000000000001388 ) ;
#415 = DIRECTION ( 'NONE',  ( -1.000000000000000000, 0.000000000000000000, 0.000000000000000000 ) ) ;
#416 = ORIENTED_EDGE ( 'NONE', *, *, #722, .F. ) ;
#417 = CARTESIAN_POINT ( 'NONE',  ( -0.4237500000000006262, 1.192500000000000115, 0.000000000000000000 ) ) ;
#418 = LINE ( 'NONE', #1335, #1912 ) ;
#419 = LINE ( 'NONE', #1008, #1495 ) ;
#420 = VERTEX_POINT ( 'NONE', #1036 ) ;
#421 = EDGE_CURVE ( 'NONE', #1609, #572, #1173, .T. ) ;
#422 = LINE ( 'NONE', #1843, #472 ) ;
#423 = CIRCLE ( 'NONE', #1226, 0.06250000000000001388 ) ;
#424 = FACE_OUTER_BOUND ( 'NONE', #568, .T. ) ;
#425 = ORIENTED_EDGE ( 'NONE', *, *, #1848, .T. ) ;
#426 = ADVANCED_FACE ( 'NONE', ( #1183 ), #1965, .F. ) ;
#427 = AXIS2_PLACEMENT_3D ( 'NONE', #1610, #1924, #1289 ) ;
#428 = VECTOR ( 'NONE', #216, 39.37007874015748143 ) ;
#429 = CARTESIAN_POINT ( 'NONE',  ( -0.4862500000000006262, -1.057499999999999885, 0.000000000000000000 ) ) ;
#430 = VECTOR ( 'NONE', #571, 39.37007874015748143 ) ;
#431 = LINE ( 'NONE', #1667, #651 ) ;
#432 = ORIENTED_EDGE ( 'NONE', *, *, #1035, .T. ) ;
#433 = ADVANCED_FACE ( 'NONE', ( #1046 ), #250, .F. ) ;
#434 = DIMENSIONAL_EXPONENTS ( 1.000000000000000000, 0.000000000000000000, 0.000000000000000000, 0.000000000000000000, 0.000000000000000000, 0.000000000000000000, 0.000000000000000000 ) ;
#435 = DIRECTION ( 'NONE',  ( -0.000000000000000000, -0.000000000000000000, 1.000000000000000000 ) ) ;
#436 = SURFACE_SIDE_STYLE ('',( #166 ) ) ;
#437 = VERTEX_POINT ( 'NONE', #1190 ) ;
#438 = EDGE_CURVE ( 'NONE', #189, #1788, #1814, .T. ) ;
#439 = DIRECTION ( 'NONE',  ( -0.000000000000000000, -0.000000000000000000, 1.000000000000000000 ) ) ;
#440 = DIRECTION ( 'NONE',  ( -0.000000000000000000, 0.000000000000000000, 1.000000000000000000 ) ) ;
#441 = FACE_OUTER_BOUND ( 'NONE', #295, .T. ) ;
#442 = ORIENTED_EDGE ( 'NONE', *, *, #599, .F. ) ;
#443 = DIRECTION ( 'NONE',  ( -0.000000000000000000, -0.000000000000000000, 1.000000000000000000 ) ) ;
#444 = VERTEX_POINT ( 'NONE', #1795 ) ;
#445 = CARTESIAN_POINT ( 'NONE',  ( 0.4862500000000005151, 1.231870078740157970, 0.2999999999999999889 ) ) ;
#446 = DIRECTION ( 'NONE',  ( 0.000000000000000000, -1.000000000000000000, 0.000000000000000000 ) ) ;
#447 = ORIENTED_EDGE ( 'NONE', *, *, #1257, .T. ) ;
#448 = PRODUCT ( 'Lid 1', 'Lid 1', '', ( #1918 ) ) ;
#449 = AXIS2_PLACEMENT_3D ( 'NONE', #1045, #1672, #761 ) ;
#450 = CARTESIAN_POINT ( 'NONE',  ( -0.9999999999999998890, 1.500000000000000444, 0.000000000000000000 ) ) ;
#451 = ORIENTED_EDGE ( 'NONE', *, *, #915, .F. ) ;
#452 = DIRECTION ( 'NONE',  ( 0.000000000000000000, 0.000000000000000000, -1.000000000000000000 ) ) ;
#453 = ORIENTED_EDGE ( 'NONE', *, *, #110, .F. ) ;
#454 = FACE_OUTER_BOUND ( 'NONE', #1763, .T. ) ;
#455 = EDGE_LOOP ( 'NONE', ( #1509, #1234, #1006, #511 ) ) ;
#456 = DIRECTION ( 'NONE',  ( 0.000000000000000000, 0.000000000000000000, -1.000000000000000000 ) ) ;
#457 = DIRECTION ( 'NONE',  ( 0.000000000000000000, 1.000000000000000000, 0.000000000000000000 ) ) ;
#458 = ORIENTED_EDGE ( 'NONE', *, *, #1101, .F. ) ;
#459 = AXIS2_PLACEMENT_3D ( 'NONE', #948, #1378, #193 ) ;
#460 = EDGE_CURVE ( 'NONE', #1569, #1536, #684, .T. ) ;
#461 = VERTEX_POINT ( 'NONE', #229 ) ;
#462 = CIRCLE ( 'NONE', #392, 0.06250000000000001388 ) ;
#463 = DIRECTION ( 'NONE',  ( -1.000000000000000000, -0.000000000000000000, -0.000000000000000000 ) ) ;
#464 = EDGE_CURVE ( 'NONE', #1536, #1569, #1913, .T. ) ;
#465 = ORIENTED_EDGE ( 'NONE', *, *, #1808, .T. ) ;
#466 = LINE ( 'NONE', #165, #669 ) ;
#467 = LINE ( 'NONE', #823, #1634 ) ;
#468 = ORIENTED_EDGE ( 'NONE', *, *, #1236, .T. ) ;
#469 = DIRECTION ( 'NONE',  ( 0.000000000000000000, 0.000000000000000000, -1.000000000000000000 ) ) ;
#470 = VERTEX_POINT ( 'NONE', #1138 ) ;
#471 = DIRECTION ( 'NONE',  ( -0.000000000000000000, 0.000000000000000000, 1.000000000000000000 ) ) ;
#472 = VECTOR ( 'NONE', #1681, 39.37007874015748143 ) ;
#473 = ORIENTED_EDGE ( 'NONE', *, *, #1835, .T. ) ;
#474 = CARTESIAN_POINT ( 'NONE',  ( -0.4237500000000006262, -1.130000000000000338, 0.000000000000000000 ) ) ;
#475 = ORIENTED_EDGE ( 'NONE', *, *, #1109, .F. ) ;
#476 = VECTOR ( 'NONE', #1251, 39.37007874015748143 ) ;
#477 = ORIENTED_EDGE ( 'NONE', *, *, #708, .T. ) ;
#478 = AXIS2_PLACEMENT_3D ( 'NONE', #1301, #231, #415 ) ;
#479 = CARTESIAN_POINT ( 'NONE',  ( 1.000000000000000222, -1.499999999999999778, 0.2999999999999999889 ) ) ;
#480 = ORIENTED_EDGE ( 'NONE', *, *, #1345, .T. ) ;
#481 = CYLINDRICAL_SURFACE ( 'NONE', #1582, 0.09375000000000005551 ) ;
#482 = LINE ( 'NONE', #44, #1327 ) ;
#483 = EDGE_CURVE ( 'NONE', #1820, #1715, #239, .T. ) ;
#484 = CARTESIAN_POINT ( 'NONE',  ( 0.4237500000000006262, 1.119999999999999885, 0.000000000000000000 ) ) ;
#485 = EDGE_CURVE ( 'NONE', #180, #185, #666, .T. ) ;
#486 = VECTOR ( 'NONE', #1303, 39.37007874015748143 ) ;
#487 = VERTEX_POINT ( 'NONE', #846 ) ;
#488 = DIRECTION ( 'NONE',  ( -1.000000000000000000, 0.000000000000000000, 0.000000000000000000 ) ) ;
#489 = CIRCLE ( 'NONE', #269, 0.06250000000000001388 ) ;
#490 = AXIS2_PLACEMENT_3D ( 'NONE', #1819, #1336, #733 ) ;
#491 = EDGE_LOOP ( 'NONE', ( #192, #1225, #1982, #1546, #1581, #131, #1560, #1500 ) ) ;
#492 = AXIS2_PLACEMENT_3D ( 'NONE', #1050, #401, #861 ) ;
#493 = DIRECTION ( 'NONE',  ( -0.000000000000000000, -0.000000000000000000, 1.000000000000000000 ) ) ;
#494 = CARTESIAN_POINT ( 'NONE',  ( -0.4237500000000006262, -1.018129921259842252, 0.2596299199999999585 ) ) ;
#495 = EDGE_CURVE ( 'NONE', #705, #323, #489, .T. ) ;
#496 = EDGE_CURVE ( 'NONE', #1520, #1837, #1475, .T. ) ;
#497 = CARTESIAN_POINT ( 'NONE',  ( 0.2875000000000000333, -0.2125000000000000500, 0.1350000000000000366 ) ) ;
#498 = EDGE_CURVE ( 'NONE', #1993, #597, #751, .T. ) ;
#499 = ORIENTED_EDGE ( 'NONE', *, *, #1082, .F. ) ;
#500 = DIRECTION ( 'NONE',  ( 0.000000000000000000, 0.000000000000000000, -1.000000000000000000 ) ) ;
#501 = EDGE_LOOP ( 'NONE', ( #1701, #387, #1061, #1990 ) ) ;
#502 = CARTESIAN_POINT ( 'NONE',  ( -0.4237500000000006262, 1.130000000000000115, 0.000000000000000000 ) ) ;
#503 = DIRECTION ( 'NONE',  ( 1.000000000000000000, 0.000000000000000000, 0.000000000000000000 ) ) ;
#504 = CARTESIAN_POINT ( 'NONE',  ( 0.4237500000000005707, -1.018129921259842252, 0.2596299199999999585 ) ) ;
#505 = ORIENTED_EDGE ( 'NONE', *, *, #146, .F. ) ;
#506 = CARTESIAN_POINT ( 'NONE',  ( 0.2875000000000000333, 0.2125000000000000500, -2.074246851269153424 ) ) ;
#507 = SHAPE_DEFINITION_REPRESENTATION ( #1201, #1545 ) ;
#508 = ORIENTED_EDGE ( 'NONE', *, *, #289, .F. ) ;
#509 = DIRECTION ( 'NONE',  ( -1.000000000000000000, 0.000000000000000000, 0.000000000000000000 ) ) ;
#510 = VECTOR ( 'NONE', #4, 39.37007874015748143 ) ;
#511 = ORIENTED_EDGE ( 'NONE', *, *, #1135, .F. ) ;
#512 = DIRECTION ( 'NONE',  ( 0.000000000000000000, -0.000000000000000000, -1.000000000000000000 ) ) ;
#513 = CARTESIAN_POINT ( 'NONE',  ( 0.4862500000000006262, -1.130000000000000338, 0.2596299199999999585 ) ) ;
#514 = CARTESIAN_POINT ( 'NONE',  ( 0.4237500000000005707, 1.018129921259842252, 0.2596299199999999585 ) ) ;
#515 = CARTESIAN_POINT ( 'NONE',  ( 0.4862500000000006262, -1.169370078740157970, 0.2999999999999999889 ) ) ;
#516 = ORIENTED_EDGE ( 'NONE', *, *, #1956, .T. ) ;
#517 = FACE_OUTER_BOUND ( 'NONE', #305, .T. ) ;
#518 = EDGE_CURVE ( 'NONE', #1517, #925, #855, .T. ) ;
#519 = AXIS2_PLACEMENT_3D ( 'NONE', #996, #663, #530 ) ;
#520 = EDGE_CURVE ( 'NONE', #1668, #863, #873, .T. ) ;
#521 = VERTEX_POINT ( 'NONE', #834 ) ;
#522 = AXIS2_PLACEMENT_3D ( 'NONE', #260, #120, #1489 ) ;
#523 = AXIS2_PLACEMENT_3D ( 'NONE', #686, #1466, #225 ) ;
#524 = LINE ( 'NONE', #979, #1362 ) ;
#525 = LINE ( 'NONE', #1627, #999 ) ;
#526 = ORIENTED_EDGE ( 'NONE', *, *, #110, .T. ) ;
#527 = DIRECTION ( 'NONE',  ( 1.000000000000000000, 0.000000000000000000, 0.000000000000000000 ) ) ;
#528 = FACE_OUTER_BOUND ( 'NONE', #625, .T. ) ;
#529 = LINE ( 'NONE', #660, #877 ) ;
#530 = DIRECTION ( 'NONE',  ( -1.000000000000000000, 0.000000000000000000, 0.000000000000000000 ) ) ;
#531 = VERTEX_POINT ( 'NONE', #1446 ) ;
#532 = DIRECTION ( 'NONE',  ( -1.000000000000000000, 0.000000000000000000, -0.000000000000000000 ) ) ;
#533 = CARTESIAN_POINT ( 'NONE',  ( -0.6999999999999997335, -1.125000000000000000, 0.000000000000000000 ) ) ;
#534 = EDGE_LOOP ( 'NONE', ( #997, #442, #1422, #339 ) ) ;
#535 = CARTESIAN_POINT ( 'NONE',  ( -0.9999999999999998890, -1.499999999999999778, 0.000000000000000000 ) ) ;
#536 = CARTESIAN_POINT ( 'NONE',  ( -0.8624999999999997113, -1.125000000000000000, 0.2999999999999999889 ) ) ;
#537 = EDGE_CURVE ( 'NONE', #64, #1696, #404, .T. ) ;
#538 = CARTESIAN_POINT ( 'NONE',  ( -0.4862500000000006262, -1.169370078740157970, 0.2999999999999999889 ) ) ;
#539 = ORIENTED_EDGE ( 'NONE', *, *, #985, .F. ) ;
#540 = CIRCLE ( 'NONE', #1966, 0.06250000000000001388 ) ;
#541 = CARTESIAN_POINT ( 'NONE',  ( -0.6499999999999999112, 0.2749999999999999112, 0.000000000000000000 ) ) ;
#542 = LINE ( 'NONE', #389, #303 ) ;
#543 = ORIENTED_EDGE ( 'NONE', *, *, #245, .T. ) ;
#544 = LINE ( 'NONE', #1629, #313 ) ;
#545 = CARTESIAN_POINT ( 'NONE',  ( 0.4237500000000006262, 1.169370078740157970, 0.2596299199999999585 ) ) ;
#546 = EDGE_CURVE ( 'NONE', #180, #1086, #1914, .T. ) ;
#547 = CARTESIAN_POINT ( 'NONE',  ( 0.2875000000000000333, -0.2125000000000000500, 0.000000000000000000 ) ) ;
#548 = ORIENTED_EDGE ( 'NONE', *, *, #496, .F. ) ;
#549 = LINE ( 'NONE', #1658, #590 ) ;
#550 = DIRECTION ( 'NONE',  ( -0.000000000000000000, 0.000000000000000000, 1.000000000000000000 ) ) ;
#551 = ORIENTED_EDGE ( 'NONE', *, *, #464, .F. ) ;
#552 = AXIS2_PLACEMENT_3D ( 'NONE', #274, #114, #732 ) ;
#553 = DIRECTION ( 'NONE',  ( -0.000000000000000000, -0.000000000000000000, -1.000000000000000000 ) ) ;
#554 = CIRCLE ( 'NONE', #1853, 0.06250000000000001388 ) ;
#555 = EDGE_CURVE ( 'NONE', #487, #249, #1759, .T. ) ;
#556 = CARTESIAN_POINT ( 'NONE',  ( -0.6999999999999997335, 1.125000000000000000, 0.1999999999999999833 ) ) ;
#557 = VERTEX_POINT ( 'NONE', #991 ) ;
#558 = EDGE_CURVE ( 'NONE', #581, #705, #815, .T. ) ;
#559 = LINE ( 'NONE', #1172, #782 ) ;
#560 = EDGE_CURVE ( 'NONE', #1130, #907, #544, .T. ) ;
#561 = DIRECTION ( 'NONE',  ( -1.000000000000000000, 0.000000000000000000, 0.000000000000000000 ) ) ;
#562 = ORIENTED_EDGE ( 'NONE', *, *, #85, .F. ) ;
#563 = FACE_OUTER_BOUND ( 'NONE', #614, .T. ) ;
#564 = FACE_OUTER_BOUND ( 'NONE', #1320, .T. ) ;
#565 = ORIENTED_EDGE ( 'NONE', *, *, #1725, .F. ) ;
#566 = DIRECTION ( 'NONE',  ( -1.000000000000000000, 0.000000000000000000, 0.000000000000000000 ) ) ;
#567 = CARTESIAN_POINT ( 'NONE',  ( 1.000000000000000222, -0.2750000000000001332, 0.000000000000000000 ) ) ;
#568 = EDGE_LOOP ( 'NONE', ( #475, #218, #403, #234 ) ) ;
#569 = DIRECTION ( 'NONE',  ( -0.000000000000000000, -0.000000000000000000, -1.000000000000000000 ) ) ;
#570 = LINE ( 'NONE', #1676, #1527 ) ;
#571 = DIRECTION ( 'NONE',  ( 1.000000000000000000, 0.000000000000000000, 0.000000000000000000 ) ) ;
#572 = VERTEX_POINT ( 'NONE', #514 ) ;
#573 = CARTESIAN_POINT ( 'NONE',  ( -0.4862500000000006262, 1.119999999999999885, 0.000000000000000000 ) ) ;
#574 = VECTOR ( 'NONE', #326, 39.37007874015748143 ) ;
#575 = PLANE ( 'NONE',  #674 ) ;
#576 = ORIENTED_EDGE ( 'NONE', *, *, #1472, .T. ) ;
#577 = DIRECTION ( 'NONE',  ( 0.000000000000000000, -0.000000000000000000, 1.000000000000000000 ) ) ;
#578 = EDGE_CURVE ( 'NONE', #1274, #332, #58, .T. ) ;
#579 = LINE ( 'NONE', #1215, #1690 ) ;
#580 = ADVANCED_FACE ( 'NONE', ( #79 ), #690, .F. ) ;
#581 = VERTEX_POINT ( 'NONE', #1279 ) ;
#582 = DIRECTION ( 'NONE',  ( 0.000000000000000000, 0.000000000000000000, -1.000000000000000000 ) ) ;
#583 = AXIS2_PLACEMENT_3D ( 'NONE', #772, #1554, #488 ) ;
#584 = DIRECTION ( 'NONE',  ( -0.000000000000000000, -0.000000000000000000, 1.000000000000000000 ) ) ;
#585 = ORIENTED_EDGE ( 'NONE', *, *, #1018, .T. ) ;
#586 = CIRCLE ( 'NONE', #1361, 0.06250000000000001388 ) ;
#587 = AXIS2_PLACEMENT_3D ( 'NONE', #208, #512, #1123 ) ;
#588 = DIRECTION ( 'NONE',  ( 1.000000000000000000, 0.000000000000000000, 0.000000000000000000 ) ) ;
#589 = LINE ( 'NONE', #889, #1558 ) ;
#590 = VECTOR ( 'NONE', #104, 39.37007874015748143 ) ;
#591 = DIRECTION ( 'NONE',  ( 0.000000000000000000, 0.000000000000000000, 1.000000000000000000 ) ) ;
#592 = ORIENTED_EDGE ( 'NONE', *, *, #722, .T. ) ;
#593 = CARTESIAN_POINT ( 'NONE',  ( 0.9999999999999998890, -0.2750000000000000222, 0.2999999999999999889 ) ) ;
#594 = ORIENTED_EDGE ( 'NONE', *, *, #1691, .F. ) ;
#595 = CYLINDRICAL_SURFACE ( 'NONE', #1865, 0.06250000000000001388 ) ;
#596 = LINE ( 'NONE', #1972, #381 ) ;
#597 = VERTEX_POINT ( 'NONE', #1904 ) ;
#598 = DIRECTION ( 'NONE',  ( -1.000000000000000000, 0.000000000000000000, 0.000000000000000000 ) ) ;
#599 = EDGE_CURVE ( 'NONE', #182, #1668, #1126, .T. ) ;
#600 = DIRECTION ( 'NONE',  ( -1.000000000000000000, 0.000000000000000000, -0.000000000000000000 ) ) ;
#601 = CARTESIAN_POINT ( 'NONE',  ( -0.4237500000000006262, -1.057499999999999885, 0.2596299199999999585 ) ) ;
#602 = CARTESIAN_POINT ( 'NONE',  ( 0.2875000000000000333, -0.2125000000000000500, 0.2999999999999999889 ) ) ;
#603 = EDGE_LOOP ( 'NONE', ( #215, #1548 ) ) ;
#604 = PLANE ( 'NONE',  #1605 ) ;
#605 = DIRECTION ( 'NONE',  ( 0.000000000000000000, -0.000000000000000000, 1.000000000000000000 ) ) ;
#606 = ORIENTED_EDGE ( 'NONE', *, *, #707, .F. ) ;
#607 = EDGE_CURVE ( 'NONE', #94, #189, #1506, .T. ) ;
#608 = AXIS2_PLACEMENT_3D ( 'NONE', #2000, #314, #1524 ) ;
#609 = ADVANCED_FACE ( 'NONE', ( #895 ), #1486, .T. ) ;
#610 = FACE_OUTER_BOUND ( 'NONE', #1191, .T. ) ;
#611 = PRODUCT_RELATED_PRODUCT_CATEGORY ( 'part', '', ( #448 ) ) ;
#612 = EDGE_LOOP ( 'NONE', ( #1642, #1951, #315, #1735 ) ) ;
#613 = DIRECTION ( 'NONE',  ( 0.000000000000000000, 0.000000000000000000, 1.000000000000000000 ) ) ;
#614 = EDGE_LOOP ( 'NONE', ( #803, #551, #276, #1979 ) ) ;
#615 = LINE ( 'NONE', #626, #1150 ) ;
#616 = LINE ( 'NONE', #1662, #1518 ) ;
#617 = VERTEX_POINT ( 'NONE', #265 ) ;
#618 = VECTOR ( 'NONE', #976, 39.37007874015748143 ) ;
#619 = ADVANCED_FACE ( 'NONE', ( #1372 ), #1197, .F. ) ;
#620 = DIRECTION ( 'NONE',  ( 0.000000000000000000, 0.000000000000000000, 1.000000000000000000 ) ) ;
#621 = VECTOR ( 'NONE', #527, 39.37007874015748143 ) ;
#622 = AXIS2_PLACEMENT_3D ( 'NONE', #226, #853, #1618 ) ;
#623 = ORIENTED_EDGE ( 'NONE', *, *, #495, .F. ) ;
#624 = DIRECTION ( 'NONE',  ( -0.000000000000000000, -0.000000000000000000, 1.000000000000000000 ) ) ;
#625 = EDGE_LOOP ( 'NONE', ( #1722, #576, #664, #261 ) ) ;
#626 = CARTESIAN_POINT ( 'NONE',  ( -0.9999999999999998890, 0.2750000000000000222, 0.1350000000000000644 ) ) ;
#627 = FACE_OUTER_BOUND ( 'NONE', #612, .T. ) ;
#628 = ORIENTED_EDGE ( 'NONE', *, *, #1249, .T. ) ;
#629 = FACE_BOUND ( 'NONE', #734, .T. ) ;
#630 = ORIENTED_EDGE ( 'NONE', *, *, #146, .T. ) ;
#631 = CARTESIAN_POINT ( 'NONE',  ( -0.8624999999999997113, -1.125000000000000000, 0.1999999999999999833 ) ) ;
#632 = EDGE_CURVE ( 'NONE', #1314, #1083, #1811, .T. ) ;
#633 = ORIENTED_EDGE ( 'NONE', *, *, #558, .T. ) ;
#634 = EDGE_CURVE ( 'NONE', #581, #94, #422, .T. ) ;
#635 = CARTESIAN_POINT ( 'NONE',  ( 0.4862500000000006262, -1.080629921259842252, 0.2999999999999999889 ) ) ;
#636 = CARTESIAN_POINT ( 'NONE',  ( 0.9999999999999998890, -0.2750000000000000222, -2.074246851269153424 ) ) ;
#637 = AXIS2_PLACEMENT_3D ( 'NONE', #545, #1365, #1833 ) ;
#638 = DIRECTION ( 'NONE',  ( -1.000000000000000000, 0.000000000000000000, 0.000000000000000000 ) ) ;
#639 = VECTOR ( 'NONE', #786, 39.37007874015748143 ) ;
#640 = LINE ( 'NONE', #650, #476 ) ;
#641 = EDGE_LOOP ( 'NONE', ( #1246, #15, #1671, #516 ) ) ;
#642 = VECTOR ( 'NONE', #1476, 39.37007874015748143 ) ;
#643 = DIRECTION ( 'NONE',  ( -1.000000000000000000, 2.731847993664262430E-15, 0.000000000000000000 ) ) ;
#644 = EDGE_CURVE ( 'NONE', #818, #760, #876, .T. ) ;
#645 = ORIENTED_EDGE ( 'NONE', *, *, #1510, .F. ) ;
#646 = ADVANCED_FACE ( 'NONE', ( #748 ), #595, .F. ) ;
#647 = CARTESIAN_POINT ( 'NONE',  ( -0.7125000000000000222, -0.2125000000000000500, 0.1350000000000000644 ) ) ;
#648 = DIRECTION ( 'NONE',  ( 0.000000000000000000, 1.000000000000000000, 0.000000000000000000 ) ) ;
#649 = ORIENTED_EDGE ( 'NONE', *, *, #1633, .F. ) ;
#650 = CARTESIAN_POINT ( 'NONE',  ( 0.9999999999999998890, -0.2750000000000000222, -2.074246851269153424 ) ) ;
#651 = VECTOR ( 'NONE', #1408, 39.37007874015748143 ) ;
#652 = ORIENTED_EDGE ( 'NONE', *, *, #1345, .F. ) ;
#653 = LINE ( 'NONE', #631, #300 ) ;
#654 = CIRCLE ( 'NONE', #46, 0.06250000000000001388 ) ;
#655 = VECTOR ( 'NONE', #34, 39.37007874015748143 ) ;
#656 = ORIENTED_EDGE ( 'NONE', *, *, #253, .T. ) ;
#657 = DIRECTION ( 'NONE',  ( 0.000000000000000000, 0.000000000000000000, 1.000000000000000000 ) ) ;
#658 = CARTESIAN_POINT ( 'NONE',  ( -0.6999999999999997335, -1.125000000000000000, 0.000000000000000000 ) ) ;
#659 = LINE ( 'NONE', #946, #349 ) ;
#660 = CARTESIAN_POINT ( 'NONE',  ( -0.4862500000000006262, 1.192500000000000115, 0.2596299199999999585 ) ) ;
#661 = ADVANCED_FACE ( 'NONE', ( #864 ), #604, .F. ) ;
#662 = ORIENTED_EDGE ( 'NONE', *, *, #891, .F. ) ;
#663 = DIRECTION ( 'NONE',  ( 0.000000000000000000, 0.000000000000000000, -1.000000000000000000 ) ) ;
#664 = ORIENTED_EDGE ( 'NONE', *, *, #1403, .T. ) ;
#665 = DIRECTION ( 'NONE',  ( -0.000000000000000000, -0.000000000000000000, 1.000000000000000000 ) ) ;
#666 = LINE ( 'NONE', #247, #1099 ) ;
#667 = EDGE_CURVE ( 'NONE', #147, #1941, #1532, .T. ) ;
#668 = DIRECTION ( 'NONE',  ( 0.000000000000000000, 0.000000000000000000, -1.000000000000000000 ) ) ;
#669 = VECTOR ( 'NONE', #1549, 39.37007874015748143 ) ;
#670 = ADVANCED_FACE ( 'NONE', ( #717 ), #1053, .T. ) ;
#671 = DIRECTION ( 'NONE',  ( 1.000000000000000000, 1.404549096999619296E-16, 0.000000000000000000 ) ) ;
#672 = VERTEX_POINT ( 'NONE', #1218 ) ;
#673 = CARTESIAN_POINT ( 'NONE',  ( -0.4862500000000006262, -1.192500000000000115, 0.000000000000000000 ) ) ;
#674 = AXIS2_PLACEMENT_3D ( 'NONE', #81, #258, #1487 ) ;
#675 = ORIENTED_EDGE ( 'NONE', *, *, #495, .T. ) ;
#676 = CARTESIAN_POINT ( 'NONE',  ( -0.4862500000000006262, 1.057499999999999885, 0.2999999999999999889 ) ) ;
#677 = CARTESIAN_POINT ( 'NONE',  ( 0.4862500000000006262, 1.057499999999999885, 0.000000000000000000 ) ) ;
#678 = ORIENTED_EDGE ( 'NONE', *, *, #875, .T. ) ;
#679 = CARTESIAN_POINT ( 'NONE',  ( 0.4237500000000006262, -1.169370078740157970, 0.2596299199999999585 ) ) ;
#680 = CARTESIAN_POINT ( 'NONE',  ( 0.4862500000000006262, -1.192500000000000115, 0.000000000000000000 ) ) ;
#681 = CARTESIAN_POINT ( 'NONE',  ( 0.4237500000000006262, -1.130000000000000338, 0.000000000000000000 ) ) ;
#682 = AXIS2_PLACEMENT_3D ( 'NONE', #1283, #1926, #509 ) ;
#683 = ORIENTED_EDGE ( 'NONE', *, *, #195, .T. ) ;
#684 = CIRCLE ( 'NONE', #427, 0.1624999999999999778 ) ;
#685 = AXIS2_PLACEMENT_3D ( 'NONE', #1414, #1893, #188 ) ;
#686 = CARTESIAN_POINT ( 'NONE',  ( 0.4237500000000005707, 1.130000000000000338, 0.2596299199999999585 ) ) ;
#687 = EDGE_CURVE ( 'NONE', #1791, #1089, #136, .T. ) ;
#688 = DIRECTION ( 'NONE',  ( 0.000000000000000000, 0.000000000000000000, 1.000000000000000000 ) ) ;
#689 = AXIS2_PLACEMENT_3D ( 'NONE', #1568, #184, #1379 ) ;
#690 = PLANE ( 'NONE',  #1957 ) ;
#691 = DIRECTION ( 'NONE',  ( 0.000000000000000000, 0.000000000000000000, -1.000000000000000000 ) ) ;
#692 = DIRECTION ( 'NONE',  ( 1.000000000000000000, 0.000000000000000000, 0.000000000000000000 ) ) ;
#693 = ORIENTED_EDGE ( 'NONE', *, *, #1485, .T. ) ;
#694 = ADVANCED_FACE ( 'NONE', ( #758 ), #1991, .F. ) ;
#695 = DIRECTION ( 'NONE',  ( -1.000000000000000000, 0.000000000000000000, 0.000000000000000000 ) ) ;
#696 = DIRECTION ( 'NONE',  ( -0.000000000000000000, -0.000000000000000000, 1.000000000000000000 ) ) ;
#697 = VERTEX_POINT ( 'NONE', #1208 ) ;
#698 = DIRECTION ( 'NONE',  ( -0.000000000000000000, 0.000000000000000000, 1.000000000000000000 ) ) ;
#699 = CARTESIAN_POINT ( 'NONE',  ( 0.4862500000000006262, 1.057499999999999885, 0.2596299199999999585 ) ) ;
#700 = DIRECTION ( 'NONE',  ( 0.000000000000000000, 1.000000000000000000, 0.000000000000000000 ) ) ;
#701 = ORIENTED_EDGE ( 'NONE', *, *, #1376, .F. ) ;
#702 = EDGE_CURVE ( 'NONE', #354, #1274, #654, .T. ) ;
#703 = CARTESIAN_POINT ( 'NONE',  ( 0.4237500000000005707, -1.080629921259842252, 0.2999999999999999889 ) ) ;
#704 = DIRECTION ( 'NONE',  ( -0.000000000000000000, -0.000000000000000000, -1.000000000000000000 ) ) ;
#705 = VERTEX_POINT ( 'NONE', #1669 ) ;
#706 = CIRCLE ( 'NONE', #228, 0.06250000000000001388 ) ;
#707 = EDGE_CURVE ( 'NONE', #1086, #1944, #1021, .T. ) ;
#708 = EDGE_CURVE ( 'NONE', #1237, #56, #903, .T. ) ;
#709 = CARTESIAN_POINT ( 'NONE',  ( 0.4237500000000006262, 1.231870078740157970, 0.2596299199999999585 ) ) ;
#710 = LINE ( 'NONE', #99, #375 ) ;
#711 = VERTEX_POINT ( 'NONE', #124 ) ;
#712 = DIRECTION ( 'NONE',  ( -1.000000000000000000, 0.000000000000000000, 0.000000000000000000 ) ) ;
#713 = EDGE_LOOP ( 'NONE', ( #645, #3, #451, #167 ) ) ;
#714 = CYLINDRICAL_SURFACE ( 'NONE', #333, 0.06250000000000001388 ) ;
#715 = ORIENTED_EDGE ( 'NONE', *, *, #1450, .T. ) ;
#716 = VECTOR ( 'NONE', #39, 39.37007874015748143 ) ;
#717 = FACE_OUTER_BOUND ( 'NONE', #1758, .T. ) ;
#718 = VECTOR ( 'NONE', #1736, 39.37007874015748143 ) ;
#719 = CARTESIAN_POINT ( 'NONE',  ( -0.4237500000000006262, -1.018129921259842252, 0.2999999999999999889 ) ) ;
#720 = ORIENTED_EDGE ( 'NONE', *, *, #1660, .F. ) ;
#721 = CARTESIAN_POINT ( 'NONE',  ( -0.6999999999999997335, 1.125000000000000000, 0.2999999999999999889 ) ) ;
#722 = EDGE_CURVE ( 'NONE', #672, #1788, #736, .T. ) ;
#723 = VERTEX_POINT ( 'NONE', #117 ) ;
#724 = LINE ( 'NONE', #1165, #430 ) ;
#725 = ORIENTED_EDGE ( 'NONE', *, *, #1895, .T. ) ;
#726 = CARTESIAN_POINT ( 'NONE',  ( 0.4862500000000006262, 1.169370078740157970, 0.000000000000000000 ) ) ;
#727 = DIRECTION ( 'NONE',  ( -0.000000000000000000, 0.000000000000000000, 1.000000000000000000 ) ) ;
#728 = ORIENTED_EDGE ( 'NONE', *, *, #204, .T. ) ;
#729 = CARTESIAN_POINT ( 'NONE',  ( -0.9999999999999998890, -1.499999999999999778, 0.2999999999999999889 ) ) ;
#730 = EDGE_CURVE ( 'NONE', #22, #1382, #615, .T. ) ;
#731 = ORIENTED_EDGE ( 'NONE', *, *, #1624, .T. ) ;
#732 = DIRECTION ( 'NONE',  ( 1.000000000000000000, 0.000000000000000000, 0.000000000000000000 ) ) ;
#733 = DIRECTION ( 'NONE',  ( 0.000000000000000000, 0.000000000000000000, -1.000000000000000000 ) ) ;
#734 = EDGE_LOOP ( 'NONE', ( #155, #958, #1840, #1013, #336, #1288, #1102, #425 ) ) ;
#735 = VECTOR ( 'NONE', #70, 39.37007874015748143 ) ;
#736 = LINE ( 'NONE', #1648, #1459 ) ;
#737 = CIRCLE ( 'NONE', #478, 0.06250000000000001388 ) ;
#738 = DIRECTION ( 'NONE',  ( -0.000000000000000000, 0.000000000000000000, -1.000000000000000000 ) ) ;
#739 = ORIENTED_EDGE ( 'NONE', *, *, #85, .T. ) ;
#740 = LINE ( 'NONE', #1836, #510 ) ;
#741 = CARTESIAN_POINT ( 'NONE',  ( -0.4237500000000006817, -1.169370078740157970, 0.2596299199999999585 ) ) ;
#742 = CARTESIAN_POINT ( 'NONE',  ( -0.9999999999999998890, 1.500000000000000444, 0.2999999999999999889 ) ) ;
#743 = CARTESIAN_POINT ( 'NONE',  ( -0.5374999999999997558, 1.125000000000000000, 0.2999999999999999889 ) ) ;
#744 = ORIENTED_EDGE ( 'NONE', *, *, #1770, .T. ) ;
#745 = CARTESIAN_POINT ( 'NONE',  ( 0.4237500000000005707, -1.192500000000000115, 0.2596299199999999585 ) ) ;
#746 = ORIENTED_EDGE ( 'NONE', *, *, #134, .F. ) ;
#747 = EDGE_CURVE ( 'NONE', #791, #1112, #466, .T. ) ;
#748 = FACE_OUTER_BOUND ( 'NONE', #1038, .T. ) ;
#749 = CARTESIAN_POINT ( 'NONE',  ( 0.4237500000000005707, -1.080629921259842252, 0.2596299199999999585 ) ) ;
#750 = ORIENTED_EDGE ( 'NONE', *, *, #483, .T. ) ;
#751 = CIRCLE ( 'NONE', #1129, 0.09375000000000005551 ) ;
#752 = AXIS2_PLACEMENT_3D ( 'NONE', #1776, #989, #87 ) ;
#753 = AXIS2_PLACEMENT_3D ( 'NONE', #122, #1206, #1968 ) ;
#754 = DIRECTION ( 'NONE',  ( 1.000000000000000000, 0.000000000000000000, 0.000000000000000000 ) ) ;
#755 = ORIENTED_EDGE ( 'NONE', *, *, #1358, .T. ) ;
#756 = ORIENTED_EDGE ( 'NONE', *, *, #875, .F. ) ;
#757 = ADVANCED_FACE ( 'NONE', ( #1694 ), #1710, .F. ) ;
#758 = FACE_OUTER_BOUND ( 'NONE', #51, .T. ) ;
#759 = LINE ( 'NONE', #776, #1346 ) ;
#760 = VERTEX_POINT ( 'NONE', #13 ) ;
#761 = DIRECTION ( 'NONE',  ( 1.000000000000000000, 0.000000000000000000, 0.000000000000000000 ) ) ;
#762 = ORIENTED_EDGE ( 'NONE', *, *, #708, .F. ) ;
#763 = DIRECTION ( 'NONE',  ( -1.000000000000000000, 0.000000000000000000, 0.000000000000000000 ) ) ;
#764 = EDGE_LOOP ( 'NONE', ( #210, #1587, #623, #1175 ) ) ;
#765 = DIRECTION ( 'NONE',  ( -1.000000000000000000, 0.000000000000000000, 0.000000000000000000 ) ) ;
#766 = DIRECTION ( 'NONE',  ( 0.000000000000000000, 1.000000000000000000, 0.000000000000000000 ) ) ;
#767 = VERTEX_POINT ( 'NONE', #934 ) ;
#768 = EDGE_CURVE ( 'NONE', #1569, #767, #1882, .T. ) ;
#769 = VECTOR ( 'NONE', #1375, 39.37007874015748143 ) ;
#770 = LINE ( 'NONE', #1352, #769 ) ;
#771 = VERTEX_POINT ( 'NONE', #1395 ) ;
#772 = CARTESIAN_POINT ( 'NONE',  ( -0.4237500000000006262, -1.080629921259842252, 0.2999999999999999889 ) ) ;
#773 = CARTESIAN_POINT ( 'NONE',  ( 0.4862500000000006262, 1.119999999999999885, 0.000000000000000000 ) ) ;
#774 = ORIENTED_EDGE ( 'NONE', *, *, #814, .F. ) ;
#775 = CARTESIAN_POINT ( 'NONE',  ( 0.4862500000000006262, -1.192500000000000115, 0.000000000000000000 ) ) ;
#776 = CARTESIAN_POINT ( 'NONE',  ( 0.4862500000000006262, 1.192500000000000115, 0.2999999999999999889 ) ) ;
#777 = AXIS2_PLACEMENT_3D ( 'NONE', #967, #836, #1462 ) ;
#778 = AXIS2_PLACEMENT_3D ( 'NONE', #729, #712, #1342 ) ;
#779 = AXIS2_PLACEMENT_3D ( 'NONE', #1474, #1467, #862 ) ;
#780 = ADVANCED_FACE ( 'NONE', ( #1404 ), #795, .F. ) ;
#781 = EDGE_LOOP ( 'NONE', ( #1043, #153, #1439, #1879 ) ) ;
#782 = VECTOR ( 'NONE', #191, 39.37007874015748143 ) ;
#783 = LINE ( 'NONE', #479, #870 ) ;
#784 = EDGE_CURVE ( 'NONE', #697, #1791, #1411, .T. ) ;
#785 = VERTEX_POINT ( 'NONE', #1570 ) ;
#786 = DIRECTION ( 'NONE',  ( -0.000000000000000000, -0.000000000000000000, 1.000000000000000000 ) ) ;
#787 = CARTESIAN_POINT ( 'NONE',  ( -0.7937499999999998446, 1.125000000000000000, 0.000000000000000000 ) ) ;
#788 = ORIENTED_EDGE ( 'NONE', *, *, #1447, .F. ) ;
#789 = LINE ( 'NONE', #680, #1675 ) ;
#790 = ADVANCED_FACE ( 'NONE', ( #198, #306 ), #342, .T. ) ;
#791 = VERTEX_POINT ( 'NONE', #1075 ) ;
#792 = CARTESIAN_POINT ( 'NONE',  ( 0.2875000000000000333, -0.2750000000000000222, 0.1350000000000000644 ) ) ;
#793 = ADVANCED_FACE ( 'NONE', ( #917 ), #1, .F. ) ;
#794 = VERTEX_POINT ( 'NONE', #1854 ) ;
#795 = CYLINDRICAL_SURFACE ( 'NONE', #1802, 0.06250000000000001388 ) ;
#796 = DIRECTION ( 'NONE',  ( -1.000000000000000000, -0.000000000000000000, -0.000000000000000000 ) ) ;
#797 = ORIENTED_EDGE ( 'NONE', *, *, #784, .F. ) ;
#798 = CARTESIAN_POINT ( 'NONE',  ( 0.2250000000000000611, 0.2125000000000000500, 0.1350000000000000644 ) ) ;
#799 = AXIS2_PLACEMENT_3D ( 'NONE', #181, #668, #975 ) ;
#800 = ORIENTED_EDGE ( 'NONE', *, *, #1044, .F. ) ;
#801 = PRESENTATION_LAYER_ASSIGNMENT (  '', '', ( #955 ) ) ;
#802 = LINE ( 'NONE', #1420, #716 ) ;
#803 = ORIENTED_EDGE ( 'NONE', *, *, #768, .F. ) ;
#804 = DIRECTION ( 'NONE',  ( 0.000000000000000000, 0.000000000000000000, 1.000000000000000000 ) ) ;
#805 = VERTEX_POINT ( 'NONE', #1702 ) ;
#806 = DIRECTION ( 'NONE',  ( 0.000000000000000000, 0.000000000000000000, -1.000000000000000000 ) ) ;
#807 = ORIENTED_EDGE ( 'NONE', *, *, #132, .T. ) ;
#808 = CARTESIAN_POINT ( 'NONE',  ( -0.4862500000000006262, 1.018129921259842252, 0.2596299199999999585 ) ) ;
#809 = AXIS2_PLACEMENT_3D ( 'NONE', #1368, #452, #600 ) ;
#810 = ORIENTED_EDGE ( 'NONE', *, *, #282, .T. ) ;
#811 = ADVANCED_FACE ( 'NONE', ( #317 ), #187, .F. ) ;
#812 = LINE ( 'NONE', #1433, #1100 ) ;
#813 = CARTESIAN_POINT ( 'NONE',  ( -0.7124999999999998002, 0.2750000000000000222, 0.1350000000000000644 ) ) ;
#814 = EDGE_CURVE ( 'NONE', #1650, #697, #926, .T. ) ;
#815 = LINE ( 'NONE', #1148, #921 ) ;
#816 = DIRECTION ( 'NONE',  ( -0.000000000000000000, -0.000000000000000000, 1.000000000000000000 ) ) ;
#817 = EDGE_CURVE ( 'NONE', #1089, #1650, #257, .T. ) ;
#818 = VERTEX_POINT ( 'NONE', #23 ) ;
#819 = PLANE ( 'NONE',  #1228 ) ;
#820 = ORIENTED_EDGE ( 'NONE', *, *, #518, .F. ) ;
#821 = VECTOR ( 'NONE', #1308, 39.37007874015748143 ) ;
#822 = DIRECTION ( 'NONE',  ( 0.000000000000000000, 0.000000000000000000, -1.000000000000000000 ) ) ;
#823 = CARTESIAN_POINT ( 'NONE',  ( -0.9999999999999998890, 1.500000000000000444, 0.2999999999999999889 ) ) ;
#824 = ORIENTED_EDGE ( 'NONE', *, *, #1770, .F. ) ;
#825 = CARTESIAN_POINT ( 'NONE',  ( 0.4237500000000006262, -1.119999999999999885, 0.2596299199999999585 ) ) ;
#826 = CARTESIAN_POINT ( 'NONE',  ( 0.4237500000000006262, 1.231870078740157970, 0.2999999999999999889 ) ) ;
#827 = DIRECTION ( 'NONE',  ( 1.000000000000000000, 0.000000000000000000, -0.000000000000000000 ) ) ;
#828 = CIRCLE ( 'NONE', #290, 0.06250000000000001388 ) ;
#829 = CIRCLE ( 'NONE', #1449, 0.06249999999999997918 ) ;
#830 = VERTEX_POINT ( 'NONE', #635 ) ;
#831 = FACE_OUTER_BOUND ( 'NONE', #764, .T. ) ;
#832 = CARTESIAN_POINT ( 'NONE',  ( 1.000000000000000222, -0.2750000000000001332, 0.000000000000000000 ) ) ;
#833 = EDGE_LOOP ( 'NONE', ( #962, #1176, #1254, #562 ) ) ;
#834 = CARTESIAN_POINT ( 'NONE',  ( 0.4862500000000006262, -1.080629921259842252, 0.2596299199999999585 ) ) ;
#835 = LINE ( 'NONE', #699, #101 ) ;
#836 = DIRECTION ( 'NONE',  ( 0.000000000000000000, 0.000000000000000000, -1.000000000000000000 ) ) ;
#837 = AXIS2_PLACEMENT_3D ( 'NONE', #396, #63, #827 ) ;
#838 = EDGE_LOOP ( 'NONE', ( #1659, #824, #1881, #1402 ) ) ;
#839 = EDGE_CURVE ( 'NONE', #461, #1360, #1085, .T. ) ;
#840 = CARTESIAN_POINT ( 'NONE',  ( -0.7937499999999998446, -1.125000000000000000, 0.1999999999999999833 ) ) ;
#841 = AXIS2_PLACEMENT_3D ( 'NONE', #1827, #440, #1632 ) ;
#842 = CIRCLE ( 'NONE', #1231, 0.1624999999999999778 ) ;
#843 = FACE_BOUND ( 'NONE', #1040, .T. ) ;
#844 = DIRECTION ( 'NONE',  ( 1.000000000000000000, -0.000000000000000000, -0.000000000000000000 ) ) ;
#845 = ORIENTED_EDGE ( 'NONE', *, *, #421, .T. ) ;
#846 = CARTESIAN_POINT ( 'NONE',  ( -0.9999999999999998890, -1.499999999999999778, 0.000000000000000000 ) ) ;
#847 = CARTESIAN_POINT ( 'NONE',  ( -0.4237500000000006262, 1.169370078740157970, 0.2596299199999999585 ) ) ;
#848 = LINE ( 'NONE', #1470, #1718 ) ;
#849 = ADVANCED_FACE ( 'NONE', ( #1874 ), #481, .F. ) ;
#850 = ORIENTED_EDGE ( 'NONE', *, *, #1785, .F. ) ;
#851 = EDGE_CURVE ( 'NONE', #1386, #771, #828, .T. ) ;
#852 = LINE ( 'NONE', #1588, #428 ) ;
#853 = DIRECTION ( 'NONE',  ( -0.000000000000000000, -0.000000000000000000, 1.000000000000000000 ) ) ;
#854 = ORIENTED_EDGE ( 'NONE', *, *, #880, .F. ) ;
#855 = LINE ( 'NONE', #97, #998 ) ;
#856 = LINE ( 'NONE', #1003, #642 ) ;
#857 = ORIENTED_EDGE ( 'NONE', *, *, #1873, .F. ) ;
#858 = LINE ( 'NONE', #1643, #1747 ) ;
#859 = EDGE_LOOP ( 'NONE', ( #1708, #1842, #762, #1077 ) ) ;
#860 = VECTOR ( 'NONE', #1535, 39.37007874015748143 ) ;
#861 = DIRECTION ( 'NONE',  ( 1.000000000000000000, 0.000000000000000000, 0.000000000000000000 ) ) ;
#862 = DIRECTION ( 'NONE',  ( 1.000000000000000000, 0.000000000000000000, 0.000000000000000000 ) ) ;
#863 = VERTEX_POINT ( 'NONE', #918 ) ;
#864 = FACE_OUTER_BOUND ( 'NONE', #1122, .T. ) ;
#865 = DIRECTION ( 'NONE',  ( -0.000000000000000000, 0.000000000000000000, 1.000000000000000000 ) ) ;
#866 = ORIENTED_EDGE ( 'NONE', *, *, #1421, .F. ) ;
#867 = ADVANCED_FACE ( 'NONE', ( #454 ), #1528, .F. ) ;
#868 = CARTESIAN_POINT ( 'NONE',  ( -0.4862500000000006262, -1.080629921259842252, 0.2999999999999999889 ) ) ;
#869 = CYLINDRICAL_SURFACE ( 'NONE', #552, 0.1624999999999999778 ) ;
#870 = VECTOR ( 'NONE', #1716, 39.37007874015748143 ) ;
#871 = DIRECTION ( 'NONE',  ( 1.000000000000000000, 1.404549096999619296E-16, 0.000000000000000000 ) ) ;
#872 = ORIENTED_EDGE ( 'NONE', *, *, #687, .T. ) ;
#873 = CIRCLE ( 'NONE', #140, 0.06250000000000001388 ) ;
#874 = AXIS2_PLACEMENT_3D ( 'NONE', #1455, #1010, #130 ) ;
#875 = EDGE_CURVE ( 'NONE', #1382, #1517, #1383, .T. ) ;
#876 = LINE ( 'NONE', #726, #1179 ) ;
#877 = VECTOR ( 'NONE', #671, 39.37007874015748143 ) ;
#878 = FACE_OUTER_BOUND ( 'NONE', #1095, .T. ) ;
#879 = ORIENTED_EDGE ( 'NONE', *, *, #483, .F. ) ;
#880 = EDGE_CURVE ( 'NONE', #1688, #1134, #987, .T. ) ;
#881 = DIRECTION ( 'NONE',  ( 0.000000000000000000, 0.000000000000000000, 1.000000000000000000 ) ) ;
#882 = ORIENTED_EDGE ( 'NONE', *, *, #901, .T. ) ;
#883 = EDGE_LOOP ( 'NONE', ( #683, #1186, #888, #62 ) ) ;
#884 = FACE_OUTER_BOUND ( 'NONE', #501, .T. ) ;
#885 = VERTEX_POINT ( 'NONE', #1367 ) ;
#886 = CARTESIAN_POINT ( 'NONE',  ( -0.6499999999999999112, -0.2125000000000000500, 0.1350000000000000644 ) ) ;
#887 = DIRECTION ( 'NONE',  ( -1.000000000000000000, 0.000000000000000000, 0.000000000000000000 ) ) ;
#888 = ORIENTED_EDGE ( 'NONE', *, *, #1423, .F. ) ;
#889 = CARTESIAN_POINT ( 'NONE',  ( 1.000000000000000222, -1.499999999999999778, 0.2999999999999999889 ) ) ;
#890 = VERTEX_POINT ( 'NONE', #1847 ) ;
#891 = EDGE_CURVE ( 'NONE', #366, #1382, #1858, .T. ) ;
#892 = CARTESIAN_POINT ( 'NONE',  ( 0.2875000000000000333, 0.2125000000000000500, 0.1350000000000000644 ) ) ;
#893 = ORIENTED_EDGE ( 'NONE', *, *, #232, .F. ) ;
#894 = AXIS2_PLACEMENT_3D ( 'NONE', #1544, #1824, #1078 ) ;
#895 = FACE_OUTER_BOUND ( 'NONE', #18, .T. ) ;
#896 = COLOUR_RGB ( '',0.7921568627450980005, 0.8196078431372548767, 0.9333333333333333481 ) ;
#897 = CARTESIAN_POINT ( 'NONE',  ( 0.4237500000000006262, 1.080629921259842252, 0.2596299199999999585 ) ) ;
#898 = ORIENTED_EDGE ( 'NONE', *, *, #1510, .T. ) ;
#899 = CARTESIAN_POINT ( 'NONE',  ( -0.5374999999999997558, 1.125000000000000000, 0.1999999999999999833 ) ) ;
#900 = EDGE_LOOP ( 'NONE', ( #1606, #678, #1242, #1400, #725, #356, #1938, #465 ) ) ;
#901 = EDGE_CURVE ( 'NONE', #1410, #1578, #740, .T. ) ;
#902 = ORIENTED_EDGE ( 'NONE', *, *, #1784, .F. ) ;
#903 = CIRCLE ( 'NONE', #1324, 0.06250000000000001388 ) ;
#904 = DIRECTION ( 'NONE',  ( 0.000000000000000000, 0.000000000000000000, -1.000000000000000000 ) ) ;
#905 = VECTOR ( 'NONE', #293, 39.37007874015748143 ) ;
#906 = CARTESIAN_POINT ( 'NONE',  ( 0.4237500000000005707, -1.192500000000000115, 0.000000000000000000 ) ) ;
#907 = VERTEX_POINT ( 'NONE', #1070 ) ;
#908 = AXIS2_PLACEMENT_3D ( 'NONE', #255, #1001, #1316 ) ;
#909 = CYLINDRICAL_SURFACE ( 'NONE', #894, 0.06249999999999995143 ) ;
#910 = EDGE_LOOP ( 'NONE', ( #103, #259, #35, #845 ) ) ;
#911 = FACE_BOUND ( 'NONE', #1213, .T. ) ;
#912 = EDGE_CURVE ( 'NONE', #323, #53, #770, .T. ) ;
#913 = EDGE_LOOP ( 'NONE', ( #67, #1555, #1503, #1471 ) ) ;
#914 = ADVANCED_FACE ( 'NONE', ( #610 ), #299, .F. ) ;
#915 = EDGE_CURVE ( 'NONE', #597, #1993, #1997, .T. ) ;
#916 = ORIENTED_EDGE ( 'NONE', *, *, #851, .T. ) ;
#917 = FACE_OUTER_BOUND ( 'NONE', #1778, .T. ) ;
#918 = CARTESIAN_POINT ( 'NONE',  ( 0.4862500000000007372, -1.169370078740157970, 0.2596299199999999585 ) ) ;
#919 = CARTESIAN_POINT ( 'NONE',  ( -0.7937499999999998446, -1.125000000000000000, 0.000000000000000000 ) ) ;
#920 = ORIENTED_EDGE ( 'NONE', *, *, #1257, .F. ) ;
#921 = VECTOR ( 'NONE', #1457, 39.37007874015748143 ) ;
#922 = EDGE_LOOP ( 'NONE', ( #406, #1068, #499, #1574 ) ) ;
#923 = DIRECTION ( 'NONE',  ( 0.000000000000000000, 0.000000000000000000, -1.000000000000000000 ) ) ;
#924 = CYLINDRICAL_SURFACE ( 'NONE', #1464, 0.06249999999999997918 ) ;
#925 = VERTEX_POINT ( 'NONE', #1202 ) ;
#926 = LINE ( 'NONE', #1413, #1516 ) ;
#927 = CARTESIAN_POINT ( 'NONE',  ( -0.4862500000000006262, 1.130000000000000115, 0.000000000000000000 ) ) ;
#928 = EDGE_LOOP ( 'NONE', ( #1481, #872, #1079, #86 ) ) ;
#929 = VECTOR ( 'NONE', #353, 39.37007874015748143 ) ;
#930 = EDGE_CURVE ( 'NONE', #1390, #283, #540, .T. ) ;
#931 = ORIENTED_EDGE ( 'NONE', *, *, #1438, .F. ) ;
#932 = CARTESIAN_POINT ( 'NONE',  ( 0.4237500000000005707, 1.192500000000000115, 0.2596299199999999585 ) ) ;
#933 = EDGE_LOOP ( 'NONE', ( #1016, #1543, #341, #1706 ) ) ;
#934 = CARTESIAN_POINT ( 'NONE',  ( -0.8624999999999997113, 1.125000000000000000, 0.2999999999999999889 ) ) ;
#935 = DIRECTION ( 'NONE',  ( 0.000000000000000000, 0.000000000000000000, -1.000000000000000000 ) ) ;
#936 = ADVANCED_FACE ( 'NONE', ( #1684 ), #909, .F. ) ;
#937 = CARTESIAN_POINT ( 'NONE',  ( -0.9999999999999998890, 1.500000000000000444, 0.2999999999999999889 ) ) ;
#938 = VECTOR ( 'NONE', #1884, 39.37007874015748143 ) ;
#939 = ORIENTED_EDGE ( 'NONE', *, *, #1780, .T. ) ;
#940 =( GEOMETRIC_REPRESENTATION_CONTEXT ( 3 ) GLOBAL_UNCERTAINTY_ASSIGNED_CONTEXT ( ( #1857 ) ) GLOBAL_UNIT_ASSIGNED_CONTEXT ( ( #995, #1898, #1603 ) ) REPRESENTATION_CONTEXT ( 'NONE', 'WORKASPACE' ) );
#941 = CARTESIAN_POINT ( 'NONE',  ( 0.2875000000000000333, -0.2750000000000000222, 0.000000000000000000 ) ) ;
#942 = ORIENTED_EDGE ( 'NONE', *, *, #1322, .T. ) ;
#943 = DIRECTION ( 'NONE',  ( 0.000000000000000000, 0.000000000000000000, -1.000000000000000000 ) ) ;
#944 = CARTESIAN_POINT ( 'NONE',  ( 0.4862500000000006262, -1.080629921259842252, 0.2596299199999999585 ) ) ;
#945 = ORIENTED_EDGE ( 'NONE', *, *, #555, .T. ) ;
#946 = CARTESIAN_POINT ( 'NONE',  ( -0.9999999999999998890, 0.2750000000000000222, -2.074246851269153424 ) ) ;
#947 = VERTEX_POINT ( 'NONE', #1399 ) ;
#948 = CARTESIAN_POINT ( 'NONE',  ( -0.4237500000000004041, 1.119999999999999885, 0.000000000000000000 ) ) ;
#949 = ORIENTED_EDGE ( 'NONE', *, *, #1018, .F. ) ;
#950 = EDGE_CURVE ( 'NONE', #1064, #805, #1697, .T. ) ;
#951 = CARTESIAN_POINT ( 'NONE',  ( -0.6999999999999997335, 1.125000000000000000, 0.1999999999999999833 ) ) ;
#952 = DIRECTION ( 'NONE',  ( 0.000000000000000000, 0.000000000000000000, -1.000000000000000000 ) ) ;
#953 = AXIS2_PLACEMENT_3D ( 'NONE', #937, #1760, #1437 ) ;
#954 = ORIENTED_EDGE ( 'NONE', *, *, #1424, .T. ) ;
#955 = STYLED_ITEM ( 'NONE', ( #1405 ), #1381 ) ;
#956 = CARTESIAN_POINT ( 'NONE',  ( -0.4237500000000005707, -1.057499999999999885, 0.000000000000000000 ) ) ;
#957 = EDGE_CURVE ( 'NONE', #907, #1539, #1705, .T. ) ;
#958 = ORIENTED_EDGE ( 'NONE', *, *, #1573, .T. ) ;
#959 = ADVANCED_FACE ( 'NONE', ( #151 ), #1058, .F. ) ;
#960 = FACE_OUTER_BOUND ( 'NONE', #369, .T. ) ;
#961 = SURFACE_STYLE_USAGE ( .BOTH. , #436 ) ;
#962 = ORIENTED_EDGE ( 'NONE', *, *, #1035, .F. ) ;
#963 = CARTESIAN_POINT ( 'NONE',  ( -0.4862500000000006262, 1.119999999999999885, 0.000000000000000000 ) ) ;
#964 = DIRECTION ( 'NONE',  ( 0.000000000000000000, 0.000000000000000000, 1.000000000000000000 ) ) ;
#965 = VECTOR ( 'NONE', #385, 39.37007874015748143 ) ;
#966 = ORIENTED_EDGE ( 'NONE', *, *, #667, .T. ) ;
#967 = CARTESIAN_POINT ( 'NONE',  ( 0.4237500000000006262, 1.080629921259842252, 0.2999999999999999889 ) ) ;
#968 = CIRCLE ( 'NONE', #1947, 0.06250000000000001388 ) ;
#969 = VECTOR ( 'NONE', #368, 39.37007874015748143 ) ;
#970 = ADVANCED_FACE ( 'NONE', ( #1221, #629, #309 ), #1866, .F. ) ;
#971 = ORIENTED_EDGE ( 'NONE', *, *, #687, .F. ) ;
#972 = CARTESIAN_POINT ( 'NONE',  ( -0.4237500000000004041, 1.057499999999999885, 0.000000000000000000 ) ) ;
#973 = DIRECTION ( 'NONE',  ( -0.000000000000000000, -0.000000000000000000, 1.000000000000000000 ) ) ;
#974 = DIRECTION ( 'NONE',  ( -0.000000000000000000, -0.000000000000000000, -1.000000000000000000 ) ) ;
#975 = DIRECTION ( 'NONE',  ( -1.000000000000000000, 0.000000000000000000, 0.000000000000000000 ) ) ;
#976 = DIRECTION ( 'NONE',  ( 0.000000000000000000, 1.000000000000000000, 0.000000000000000000 ) ) ;
#977 = ORIENTED_EDGE ( 'NONE', *, *, #985, .T. ) ;
#978 = VECTOR ( 'NONE', #1180, 39.37007874015748143 ) ;
#979 = CARTESIAN_POINT ( 'NONE',  ( -0.6062499999999997335, -1.125000000000000000, 0.000000000000000000 ) ) ;
#980 = CARTESIAN_POINT ( 'NONE',  ( -0.8624999999999997113, 1.125000000000000000, 0.1999999999999999833 ) ) ;
#981 = ORIENTED_EDGE ( 'NONE', *, *, #1862, .T. ) ;
#982 = DIRECTION ( 'NONE',  ( 1.000000000000000000, 0.000000000000000000, 0.000000000000000000 ) ) ;
#983 = CARTESIAN_POINT ( 'NONE',  ( -0.4237500000000004041, 1.057499999999999885, 0.2596299199999999585 ) ) ;
#984 = ADVANCED_FACE ( 'NONE', ( #1428 ), #1108, .F. ) ;
#985 = EDGE_CURVE ( 'NONE', #398, #794, #221, .T. ) ;
#986 = LINE ( 'NONE', #1161, #618 ) ;
#987 = CIRCLE ( 'NONE', #1416, 0.1624999999999999778 ) ;
#988 = ORIENTED_EDGE ( 'NONE', *, *, #1424, .F. ) ;
#989 = DIRECTION ( 'NONE',  ( -0.000000000000000000, -0.000000000000000000, 1.000000000000000000 ) ) ;
#990 = CARTESIAN_POINT ( 'NONE',  ( -0.4237500000000006817, -1.231870078740157970, 0.2999999999999999889 ) ) ;
#991 = CARTESIAN_POINT ( 'NONE',  ( -0.7937499999999998446, -1.125000000000000000, 0.000000000000000000 ) ) ;
#992 = ADVANCED_FACE ( 'NONE', ( #60 ), #27, .T. ) ;
#993 = DIRECTION ( 'NONE',  ( 1.000000000000000000, 0.000000000000000000, 0.000000000000000000 ) ) ;
#994 = EDGE_CURVE ( 'NONE', #1119, #138, #343, .T. ) ;
#995 =( CONVERSION_BASED_UNIT ( 'INCH', #1311 ) LENGTH_UNIT ( ) NAMED_UNIT ( #434 ) );
#996 = CARTESIAN_POINT ( 'NONE',  ( -0.4237500000000004041, 1.119999999999999885, 0.2596299199999999585 ) ) ;
#997 = ORIENTED_EDGE ( 'NONE', *, *, #520, .F. ) ;
#998 = VECTOR ( 'NONE', #391, 39.37007874015748143 ) ;
#999 = VECTOR ( 'NONE', #844, 39.37007874015748143 ) ;
#1000 = CYLINDRICAL_SURFACE ( 'NONE', #358, 0.06250000000000001388 ) ;
#1001 = DIRECTION ( 'NONE',  ( -1.000000000000000000, 0.000000000000000000, 0.000000000000000000 ) ) ;
#1002 = DIRECTION ( 'NONE',  ( 0.000000000000000000, -0.000000000000000000, 1.000000000000000000 ) ) ;
#1003 = CARTESIAN_POINT ( 'NONE',  ( -0.4862500000000006262, -1.018129921259842252, 0.2596299199999999585 ) ) ;
#1004 = ORIENTED_EDGE ( 'NONE', *, *, #421, .F. ) ;
#1005 = CARTESIAN_POINT ( 'NONE',  ( -0.4862500000000006262, -1.018129921259842252, 0.2999999999999999889 ) ) ;
#1006 = ORIENTED_EDGE ( 'NONE', *, *, #496, .T. ) ;
#1007 = ORIENTED_EDGE ( 'NONE', *, *, #253, .F. ) ;
#1008 = CARTESIAN_POINT ( 'NONE',  ( -0.9999999999999998890, -1.499999999999999778, 0.2999999999999999889 ) ) ;
#1009 = EDGE_CURVE ( 'NONE', #298, #53, #789, .T. ) ;
#1010 = DIRECTION ( 'NONE',  ( -0.000000000000000000, 0.000000000000000000, 1.000000000000000000 ) ) ;
#1011 = CARTESIAN_POINT ( 'NONE',  ( -0.9999999999999998890, -1.499999999999999778, 0.2999999999999999889 ) ) ;
#1012 = DIRECTION ( 'NONE',  ( -1.000000000000000000, 0.000000000000000000, 0.000000000000000000 ) ) ;
#1013 = ORIENTED_EDGE ( 'NONE', *, *, #930, .T. ) ;
#1014 = LINE ( 'NONE', #742, #1461 ) ;
#1015 = ADVANCED_FACE ( 'NONE', ( #212 ), #1563, .F. ) ;
#1016 = ORIENTED_EDGE ( 'NONE', *, *, #560, .F. ) ;
#1017 = AXIS2_PLACEMENT_3D ( 'NONE', #1591, #1726, #337 ) ;
#1018 = EDGE_CURVE ( 'NONE', #1589, #1852, #640, .T. ) ;
#1019 = DIRECTION ( 'NONE',  ( 0.000000000000000000, 0.000000000000000000, -1.000000000000000000 ) ) ;
#1020 = EDGE_LOOP ( 'NONE', ( #1899, #1888, #1189, #2001, #473, #949, #1056, #1216 ) ) ;
#1021 = LINE ( 'NONE', #445, #1782 ) ;
#1022 = DIRECTION ( 'NONE',  ( -0.000000000000000000, -0.000000000000000000, -1.000000000000000000 ) ) ;
#1023 = ORIENTED_EDGE ( 'NONE', *, *, #1376, .T. ) ;
#1024 = CARTESIAN_POINT ( 'NONE',  ( -0.9999999999999998890, 0.2750000000000000222, -2.074246851269153424 ) ) ;
#1025 = LINE ( 'NONE', #1326, #905 ) ;
#1026 = CIRCLE ( 'NONE', #1162, 0.06250000000000001388 ) ;
#1027 = DIRECTION ( 'NONE',  ( 0.000000000000000000, 0.000000000000000000, -1.000000000000000000 ) ) ;
#1028 = EDGE_LOOP ( 'NONE', ( #1167, #585, #223, #1051 ) ) ;
#1029 = VECTOR ( 'NONE', #1933, 39.37007874015748143 ) ;
#1030 = VECTOR ( 'NONE', #1902, 39.37007874015748143 ) ;
#1031 = DIRECTION ( 'NONE',  ( -0.000000000000000000, -0.000000000000000000, -1.000000000000000000 ) ) ;
#1032 = VECTOR ( 'NONE', #1496, 39.37007874015748143 ) ;
#1033 = PLANE ( 'NONE',  #1764 ) ;
#1034 = VERTEX_POINT ( 'NONE', #1877 ) ;
#1035 = EDGE_CURVE ( 'NONE', #1284, #1941, #98, .T. ) ;
#1036 = CARTESIAN_POINT ( 'NONE',  ( 0.4862500000000008482, -1.130000000000000338, 0.2596299199999999585 ) ) ;
#1037 = ORIENTED_EDGE ( 'NONE', *, *, #1355, .F. ) ;
#1038 = EDGE_LOOP ( 'NONE', ( #1432, #1222, #594, #1277 ) ) ;
#1039 = CARTESIAN_POINT ( 'NONE',  ( -0.6062499999999997335, 1.125000000000000000, 0.1999999999999999833 ) ) ;
#1040 = EDGE_LOOP ( 'NONE', ( #1453, #1105, #539, #1794, #1435, #310, #1594, #432 ) ) ;
#1041 = DIRECTION ( 'NONE',  ( -1.000000000000000000, 0.000000000000000000, 0.000000000000000000 ) ) ;
#1042 = FACE_OUTER_BOUND ( 'NONE', #910, .T. ) ;
#1043 = ORIENTED_EDGE ( 'NONE', *, *, #851, .F. ) ;
#1044 = EDGE_CURVE ( 'NONE', #1130, #64, #659, .T. ) ;
#1045 = CARTESIAN_POINT ( 'NONE',  ( -0.6999999999999997335, 1.125000000000000000, 0.000000000000000000 ) ) ;
#1046 = FACE_OUTER_BOUND ( 'NONE', #1680, .T. ) ;
#1047 = PRODUCT_DEFINITION ( 'UNKNOWN', '', #1103, #1159 ) ;
#1048 = DIRECTION ( 'NONE',  ( 1.000000000000000000, 0.000000000000000000, 0.000000000000000000 ) ) ;
#1049 = VERTEX_POINT ( 'NONE', #515 ) ;
#1050 = CARTESIAN_POINT ( 'NONE',  ( -0.6999999999999997335, 1.125000000000000000, 0.000000000000000000 ) ) ;
#1051 = ORIENTED_EDGE ( 'NONE', *, *, #362, .T. ) ;
#1052 = CIRCLE ( 'NONE', #1017, 0.1624999999999999778 ) ;
#1053 = PLANE ( 'NONE',  #1751 ) ;
#1054 = VECTOR ( 'NONE', #738, 39.37007874015748143 ) ;
#1055 = CARTESIAN_POINT ( 'NONE',  ( -0.4862500000000006262, 1.119999999999999885, 0.2596299199999999585 ) ) ;
#1056 = ORIENTED_EDGE ( 'NONE', *, *, #1147, .T. ) ;
#1057 = EDGE_CURVE ( 'NONE', #150, #237, #829, .T. ) ;
#1058 = CYLINDRICAL_SURFACE ( 'NONE', #449, 0.09375000000000005551 ) ;
#1059 = EDGE_CURVE ( 'NONE', #147, #794, #1479, .T. ) ;
#1060 = EDGE_CURVE ( 'NONE', #771, #1237, #1098, .T. ) ;
#1061 = ORIENTED_EDGE ( 'NONE', *, *, #1285, .T. ) ;
#1062 = CARTESIAN_POINT ( 'NONE',  ( -0.6999999999999997335, -1.125000000000000000, 0.1999999999999999833 ) ) ;
#1063 = CARTESIAN_POINT ( 'NONE',  ( -0.9999999999999998890, -1.499999999999999778, 0.000000000000000000 ) ) ;
#1064 = VERTEX_POINT ( 'NONE', #1896 ) ;
#1065 = DIRECTION ( 'NONE',  ( 1.000000000000000000, 0.000000000000000000, 0.000000000000000000 ) ) ;
#1066 = AXIS2_PLACEMENT_3D ( 'NONE', #163, #1401, #1700 ) ;
#1067 = DIRECTION ( 'NONE',  ( 1.000000000000000000, 0.000000000000000000, 0.000000000000000000 ) ) ;
#1068 = ORIENTED_EDGE ( 'NONE', *, *, #348, .T. ) ;
#1069 = VECTOR ( 'NONE', #1765, 39.37007874015748143 ) ;
#1070 = CARTESIAN_POINT ( 'NONE',  ( -0.9999999999999998890, 1.500000000000000444, 0.000000000000000000 ) ) ;
#1071 = ORIENTED_EDGE ( 'NONE', *, *, #1485, .F. ) ;
#1072 = CARTESIAN_POINT ( 'NONE',  ( 0.4237500000000005707, 1.192500000000000115, 0.2596299199999999585 ) ) ;
#1073 = ORIENTED_EDGE ( 'NONE', *, *, #915, .T. ) ;
#1074 = EDGE_CURVE ( 'NONE', #767, #1628, #1052, .T. ) ;
#1075 = CARTESIAN_POINT ( 'NONE',  ( 1.000000000000000222, 0.2749999999999994116, 0.2999999999999999889 ) ) ;
#1076 = LINE ( 'NONE', #1682, #1054 ) ;
#1077 = ORIENTED_EDGE ( 'NONE', *, *, #36, .F. ) ;
#1078 = DIRECTION ( 'NONE',  ( 1.000000000000000000, 0.000000000000000000, 0.000000000000000000 ) ) ;
#1079 = ORIENTED_EDGE ( 'NONE', *, *, #1773, .F. ) ;
#1080 = CARTESIAN_POINT ( 'NONE',  ( 0.4237500000000006262, -1.231870078740157970, 0.2999999999999999889 ) ) ;
#1081 = CARTESIAN_POINT ( 'NONE',  ( -0.4237500000000004041, 1.057499999999999885, 0.2596299199999999030 ) ) ;
#1082 = EDGE_CURVE ( 'NONE', #1112, #1539, #1116, .T. ) ;
#1083 = VERTEX_POINT ( 'NONE', #963 ) ;
#1084 = ADVANCED_FACE ( 'NONE', ( #528 ), #1905, .F. ) ;
#1085 = LINE ( 'NONE', #1255, #1644 ) ;
#1086 = VERTEX_POINT ( 'NONE', #826 ) ;
#1087 = AXIS2_PLACEMENT_3D ( 'NONE', #1127, #364, #1602 ) ;
#1088 = VECTOR ( 'NONE', #865, 39.37007874015748143 ) ;
#1089 = VERTEX_POINT ( 'NONE', #1448 ) ;
#1090 = CARTESIAN_POINT ( 'NONE',  ( 0.2875000000000000333, 0.2125000000000000500, 0.000000000000000000 ) ) ;
#1091 = DIRECTION ( 'NONE',  ( -0.000000000000000000, 0.000000000000000000, 1.000000000000000000 ) ) ;
#1092 = ORIENTED_EDGE ( 'NONE', *, *, #537, .F. ) ;
#1093 = CARTESIAN_POINT ( 'NONE',  ( -0.6999999999999997335, -1.125000000000000000, 0.000000000000000000 ) ) ;
#1094 = DIRECTION ( 'NONE',  ( 0.000000000000000000, -1.000000000000000000, -0.000000000000000000 ) ) ;
#1095 = EDGE_LOOP ( 'NONE', ( #628, #656, #1861, #592, #1729, #1616, #1505, #1325 ) ) ;
#1096 = AXIS2_PLACEMENT_3D ( 'NONE', #681, #203, #1431 ) ;
#1097 = UNCERTAINTY_MEASURE_WITH_UNIT (LENGTH_MEASURE( 1.000000000000000082E-05 ), #199, 'distance_accuracy_value', 'NONE');
#1098 = LINE ( 'NONE', #1290, #1934 ) ;
#1099 = VECTOR ( 'NONE', #1300, 39.37007874015748143 ) ;
#1100 = VECTOR ( 'NONE', #54, 39.37007874015748143 ) ;
#1101 = EDGE_CURVE ( 'NONE', #1788, #444, #162, .T. ) ;
#1102 = ORIENTED_EDGE ( 'NONE', *, *, #410, .F. ) ;
#1103 = PRODUCT_DEFINITION_FORMATION_WITH_SPECIFIED_SOURCE ( 'ANY', '', #448, .NOT_KNOWN. ) ;
#1104 = DIRECTION ( 'NONE',  ( -1.000000000000000000, 0.000000000000000000, 0.000000000000000000 ) ) ;
#1105 = ORIENTED_EDGE ( 'NONE', *, *, #1059, .T. ) ;
#1106 = DIRECTION ( 'NONE',  ( -1.000000000000000000, 0.000000000000000000, 0.000000000000000000 ) ) ;
#1107 = ORIENTED_EDGE ( 'NONE', *, *, #1236, .F. ) ;
#1108 = CYLINDRICAL_SURFACE ( 'NONE', #30, 0.06250000000000001388 ) ;
#1109 = EDGE_CURVE ( 'NONE', #521, #1410, #414, .T. ) ;
#1110 = EDGE_LOOP ( 'NONE', ( #468, #916, #1157, #477, #202, #675, #942, #1407 ) ) ;
#1111 = LINE ( 'NONE', #1889, #1427 ) ;
#1112 = VERTEX_POINT ( 'NONE', #1630 ) ;
#1113 = DIRECTION ( 'NONE',  ( 0.000000000000000000, -1.000000000000000000, 0.000000000000000000 ) ) ;
#1114 =( LENGTH_UNIT ( ) NAMED_UNIT ( * ) SI_UNIT ( $, .METRE. ) );
#1115 = VERTEX_POINT ( 'NONE', #719 ) ;
#1116 = LINE ( 'NONE', #1739, #929 ) ;
#1117 = ADVANCED_FACE ( 'NONE', ( #1620 ), #393, .F. ) ;
#1118 = AXIS2_PLACEMENT_3D ( 'NONE', #647, #178, #324 ) ;
#1119 = VERTEX_POINT ( 'NONE', #1781 ) ;
#1120 = FACE_OUTER_BOUND ( 'NONE', #1110, .T. ) ;
#1121 = ADVANCED_FACE ( 'NONE', ( #405 ), #575, .F. ) ;
#1122 = EDGE_LOOP ( 'NONE', ( #728, #1949, #345, #1272, #412, #939, #750, #810 ) ) ;
#1123 = DIRECTION ( 'NONE',  ( -1.000000000000000000, 0.000000000000000000, 0.000000000000000000 ) ) ;
#1124 = DIRECTION ( 'NONE',  ( -0.000000000000000000, 0.000000000000000000, 1.000000000000000000 ) ) ;
#1125 = EDGE_LOOP ( 'NONE', ( #380, #1647, #453, #701 ) ) ;
#1126 = LINE ( 'NONE', #363, #372 ) ;
#1127 = CARTESIAN_POINT ( 'NONE',  ( 0.2250000000000000611, -0.2750000000000000222, 0.2999999999999999889 ) ) ;
#1128 = CIRCLE ( 'NONE', #1590, 0.06250000000000001388 ) ;
#1129 = AXIS2_PLACEMENT_3D ( 'NONE', #1792, #1168, #982 ) ;
#1130 = VERTEX_POINT ( 'NONE', #241 ) ;
#1131 = CYLINDRICAL_SURFACE ( 'NONE', #1096, 0.06250000000000001388 ) ;
#1132 = AXIS2_PLACEMENT_3D ( 'NONE', #1062, #1687, #754 ) ;
#1133 = AXIS2_PLACEMENT_3D ( 'NONE', #115, #443, #1315 ) ;
#1134 = VERTEX_POINT ( 'NONE', #536 ) ;
#1135 = EDGE_CURVE ( 'NONE', #264, #1837, #321, .T. ) ;
#1136 = FACE_BOUND ( 'NONE', #301, .T. ) ;
#1137 = PLANE ( 'NONE',  #908 ) ;
#1138 = CARTESIAN_POINT ( 'NONE',  ( 0.4237500000000005707, 1.057499999999999885, 0.2596299199999999585 ) ) ;
#1139 = DIRECTION ( 'NONE',  ( -0.000000000000000000, -0.000000000000000000, 1.000000000000000000 ) ) ;
#1140 = CARTESIAN_POINT ( 'NONE',  ( -0.9999999999999998890, -1.499999999999999778, 0.2999999999999999889 ) ) ;
#1141 = FACE_OUTER_BOUND ( 'NONE', #1200, .T. ) ;
#1142 = EDGE_LOOP ( 'NONE', ( #854, #28 ) ) ;
#1143 = ADVANCED_FACE ( 'NONE', ( #1169 ), #1188, .F. ) ;
#1144 = CARTESIAN_POINT ( 'NONE',  ( 0.4862500000000006262, 1.192500000000000115, 0.2596299199999999585 ) ) ;
#1145 = DIRECTION ( 'NONE',  ( -1.000000000000000000, 0.000000000000000000, -0.000000000000000000 ) ) ;
#1146 = EDGE_LOOP ( 'NONE', ( #931, #1901, #1867, #633 ) ) ;
#1147 = EDGE_CURVE ( 'NONE', #1589, #200, #1332, .T. ) ;
#1148 = CARTESIAN_POINT ( 'NONE',  ( 0.4237500000000006262, -1.057499999999999885, 0.2596299199999999585 ) ) ;
#1149 = CARTESIAN_POINT ( 'NONE',  ( 1.000000000000000222, -1.499999999999999778, 0.000000000000000000 ) ) ;
#1150 = VECTOR ( 'NONE', #1106, 39.37007874015748143 ) ;
#1151 = DIRECTION ( 'NONE',  ( -0.000000000000000000, -0.000000000000000000, 1.000000000000000000 ) ) ;
#1152 = AXIS2_PLACEMENT_3D ( 'NONE', #1801, #1340, #993 ) ;
#1153 = MECHANICAL_DESIGN_GEOMETRIC_PRESENTATION_REPRESENTATION (  '', ( #955 ), #1936 ) ;
#1154 = ORIENTED_EDGE ( 'NONE', *, *, #1699, .T. ) ;
#1155 = DIRECTION ( 'NONE',  ( 1.000000000000000000, 0.000000000000000000, 0.000000000000000000 ) ) ;
#1156 = DIRECTION ( 'NONE',  ( 1.000000000000000000, 0.000000000000000000, 0.000000000000000000 ) ) ;
#1157 = ORIENTED_EDGE ( 'NONE', *, *, #1060, .T. ) ;
#1158 = DIRECTION ( 'NONE',  ( 0.000000000000000000, 0.000000000000000000, 1.000000000000000000 ) ) ;
#1159 = PRODUCT_DEFINITION_CONTEXT ( 'detailed design', #152, 'design' ) ;
#1160 = DIRECTION ( 'NONE',  ( -0.000000000000000000, 0.000000000000000000, 1.000000000000000000 ) ) ;
#1161 = CARTESIAN_POINT ( 'NONE',  ( 0.4862500000000006262, -1.192500000000000115, 0.2999999999999999889 ) ) ;
#1162 = AXIS2_PLACEMENT_3D ( 'NONE', #19, #923, #763 ) ;
#1163 = ORIENTED_EDGE ( 'NONE', *, *, #57, .T. ) ;
#1164 = AXIS2_PLACEMENT_3D ( 'NONE', #1166, #696, #1306 ) ;
#1165 = CARTESIAN_POINT ( 'NONE',  ( -0.4862500000000006262, 1.018129921259842252, 0.2999999999999999889 ) ) ;
#1166 = CARTESIAN_POINT ( 'NONE',  ( -0.6999999999999997335, -1.125000000000000000, 0.1999999999999999833 ) ) ;
#1167 = ORIENTED_EDGE ( 'NONE', *, *, #1224, .T. ) ;
#1168 = DIRECTION ( 'NONE',  ( -0.000000000000000000, -0.000000000000000000, -1.000000000000000000 ) ) ;
#1169 = FACE_OUTER_BOUND ( 'NONE', #1146, .T. ) ;
#1170 = ORIENTED_EDGE ( 'NONE', *, *, #578, .F. ) ;
#1171 = EDGE_CURVE ( 'NONE', #185, #1986, #1870, .T. ) ;
#1172 = CARTESIAN_POINT ( 'NONE',  ( 0.2250000000000000611, 0.2750000000000000222, 0.000000000000000000 ) ) ;
#1173 = LINE ( 'NONE', #1203, #1883 ) ;
#1174 = EDGE_CURVE ( 'NONE', #1986, #1356, #1641, .T. ) ;
#1175 = ORIENTED_EDGE ( 'NONE', *, *, #558, .F. ) ;
#1176 = ORIENTED_EDGE ( 'NONE', *, *, #1742, .F. ) ;
#1177 = PLANE ( 'NONE',  #272 ) ;
#1178 = EDGE_LOOP ( 'NONE', ( #1890, #1007, #285, #243 ) ) ;
#1179 = VECTOR ( 'NONE', #1031, 39.37007874015748143 ) ;
#1180 = DIRECTION ( 'NONE',  ( 0.000000000000000000, -1.000000000000000000, 0.000000000000000000 ) ) ;
#1181 = DIRECTION ( 'NONE',  ( 1.000000000000000000, 0.000000000000000000, 0.000000000000000000 ) ) ;
#1182 = VERTEX_POINT ( 'NONE', #1943 ) ;
#1183 = FACE_OUTER_BOUND ( 'NONE', #1415, .T. ) ;
#1184 = ORIENTED_EDGE ( 'NONE', *, *, #282, .F. ) ;
#1185 = CARTESIAN_POINT ( 'NONE',  ( 0.9999999999999998890, -0.2750000000000000222, 0.1350000000000000644 ) ) ;
#1186 = ORIENTED_EDGE ( 'NONE', *, *, #1835, .F. ) ;
#1187 = CARTESIAN_POINT ( 'NONE',  ( -0.6999999999999997335, -1.125000000000000000, 0.1999999999999999833 ) ) ;
#1188 = PLANE ( 'NONE',  #1964 ) ;
#1189 = ORIENTED_EDGE ( 'NONE', *, *, #1388, .T. ) ;
#1190 = CARTESIAN_POINT ( 'NONE',  ( 1.000000000000000222, 0.2750000000000001332, 0.000000000000000000 ) ) ;
#1191 = EDGE_LOOP ( 'NONE', ( #1845, #328, #1107, #882 ) ) ;
#1192 = CIRCLE ( 'NONE', #327, 0.06249999999999995143 ) ;
#1193 = DIRECTION ( 'NONE',  ( -0.000000000000000000, -0.000000000000000000, 1.000000000000000000 ) ) ;
#1194 = ORIENTED_EDGE ( 'NONE', *, *, #370, .F. ) ;
#1195 = CIRCLE ( 'NONE', #587, 0.06250000000000001388 ) ;
#1196 = EDGE_CURVE ( 'NONE', #398, #1377, #737, .T. ) ;
#1197 = CYLINDRICAL_SURFACE ( 'NONE', #1338, 0.1624999999999999778 ) ;
#1198 = AXIS2_PLACEMENT_3D ( 'NONE', #703, #1359, #1679 ) ;
#1199 = CYLINDRICAL_SURFACE ( 'NONE', #129, 0.06250000000000001388 ) ;
#1200 = EDGE_LOOP ( 'NONE', ( #1307, #447, #1631, #268, #1419, #693, #1645, #1366 ) ) ;
#1201 = PRODUCT_DEFINITION_SHAPE ( 'NONE', 'NONE',  #1047 ) ;
#1202 = CARTESIAN_POINT ( 'NONE',  ( -0.6499999999999999112, 0.2125000000000000222, 0.000000000000000000 ) ) ;
#1203 = CARTESIAN_POINT ( 'NONE',  ( 0.4237500000000005707, 1.018129921259842252, 0.2596299199999999585 ) ) ;
#1204 = DIRECTION ( 'NONE',  ( 0.000000000000000000, -0.000000000000000000, -1.000000000000000000 ) ) ;
#1205 = ORIENTED_EDGE ( 'NONE', *, *, #168, .F. ) ;
#1206 = DIRECTION ( 'NONE',  ( -1.000000000000000000, 0.000000000000000000, 0.000000000000000000 ) ) ;
#1207 = ORIENTED_EDGE ( 'NONE', *, *, #1009, .F. ) ;
#1208 = CARTESIAN_POINT ( 'NONE',  ( -0.7125000000000000222, -0.2750000000000001887, 0.000000000000000000 ) ) ;
#1209 = CARTESIAN_POINT ( 'NONE',  ( -0.4237500000000006262, 1.018129921259842252, 0.2596299199999999585 ) ) ;
#1210 = ORIENTED_EDGE ( 'NONE', *, *, #232, .T. ) ;
#1211 = EDGE_CURVE ( 'NONE', #200, #150, #710, .T. ) ;
#1212 = ADVANCED_FACE ( 'NONE', ( #878 ), #1309, .F. ) ;
#1213 = EDGE_LOOP ( 'NONE', ( #1263, #273, #1267, #954, #606, #1317, #1871, #252 ) ) ;
#1214 = PLANE ( 'NONE',  #809 ) ;
#1215 = CARTESIAN_POINT ( 'NONE',  ( -0.4237500000000006262, -1.192500000000000115, 0.2596299199999999030 ) ) ;
#1216 = ORIENTED_EDGE ( 'NONE', *, *, #1211, .T. ) ;
#1217 = AXIS2_PLACEMENT_3D ( 'NONE', #484, #1750, #48 ) ;
#1218 = CARTESIAN_POINT ( 'NONE',  ( -0.4862500000000006262, -1.130000000000000338, 0.2596299199999999585 ) ) ;
#1219 = DIRECTION ( 'NONE',  ( 0.000000000000000000, -1.000000000000000000, 0.000000000000000000 ) ) ;
#1220 = VERTEX_POINT ( 'NONE', #983 ) ;
#1221 = FACE_BOUND ( 'NONE', #1142, .T. ) ;
#1222 = ORIENTED_EDGE ( 'NONE', *, *, #61, .F. ) ;
#1223 = CARTESIAN_POINT ( 'NONE',  ( -0.9999999999999998890, 0.2750000000000000222, 0.2999999999999999889 ) ) ;
#1224 = EDGE_CURVE ( 'NONE', #249, #1589, #1612, .T. ) ;
#1225 = ORIENTED_EDGE ( 'NONE', *, *, #1869, .T. ) ;
#1226 = AXIS2_PLACEMENT_3D ( 'NONE', #1868, #500, #1566 ) ;
#1227 = DIRECTION ( 'NONE',  ( 0.000000000000000000, 0.000000000000000000, -1.000000000000000000 ) ) ;
#1228 = AXIS2_PLACEMENT_3D ( 'NONE', #93, #1614, #374 ) ;
#1229 = LINE ( 'NONE', #1396, #1841 ) ;
#1230 = ORIENTED_EDGE ( 'NONE', *, *, #400, .F. ) ;
#1231 = AXIS2_PLACEMENT_3D ( 'NONE', #1305, #351, #1155 ) ;
#1232 = CARTESIAN_POINT ( 'NONE',  ( -0.4237500000000006817, -1.169370078740157970, 0.2999999999999999889 ) ) ;
#1233 = EDGE_CURVE ( 'NONE', #461, #890, #835, .T. ) ;
#1234 = ORIENTED_EDGE ( 'NONE', *, *, #1624, .F. ) ;
#1235 = CARTESIAN_POINT ( 'NONE',  ( 0.4862500000000006262, 1.119999999999999885, 0.2596299199999999585 ) ) ;
#1236 = EDGE_CURVE ( 'NONE', #1410, #1386, #856, .T. ) ;
#1237 = VERTEX_POINT ( 'NONE', #1319 ) ;
#1238 = CARTESIAN_POINT ( 'NONE',  ( -0.8624999999999997113, 1.125000000000000000, 0.1999999999999999833 ) ) ;
#1239 = DIRECTION ( 'NONE',  ( 0.000000000000000000, 1.000000000000000000, 0.000000000000000000 ) ) ;
#1240 = VERTEX_POINT ( 'NONE', #1458 ) ;
#1241 = CARTESIAN_POINT ( 'NONE',  ( -0.6999999999999997335, -1.125000000000000000, 0.1999999999999999833 ) ) ;
#1242 = ORIENTED_EDGE ( 'NONE', *, *, #1773, .T. ) ;
#1243 = DIRECTION ( 'NONE',  ( -0.000000000000000000, -0.000000000000000000, 1.000000000000000000 ) ) ;
#1244 = DIRECTION ( 'NONE',  ( 1.000000000000000000, 0.000000000000000000, 0.000000000000000000 ) ) ;
#1245 = AXIS2_PLACEMENT_3D ( 'NONE', #749, #125, #887 ) ;
#1246 = ORIENTED_EDGE ( 'NONE', *, *, #84, .F. ) ;
#1247 = DIRECTION ( 'NONE',  ( 0.000000000000000000, 0.000000000000000000, -1.000000000000000000 ) ) ;
#1248 =( NAMED_UNIT ( * ) PLANE_ANGLE_UNIT ( ) SI_UNIT ( $, .RADIAN. ) );
#1249 = EDGE_CURVE ( 'NONE', #1803, #283, #1769, .T. ) ;
#1250 = VECTOR ( 'NONE', #1992, 39.37007874015748143 ) ;
#1251 = DIRECTION ( 'NONE',  ( -0.000000000000000000, -0.000000000000000000, 1.000000000000000000 ) ) ;
#1252 = ORIENTED_EDGE ( 'NONE', *, *, #1388, .F. ) ;
#1253 = DIRECTION ( 'NONE',  ( 0.000000000000000000, 0.000000000000000000, 1.000000000000000000 ) ) ;
#1254 = ORIENTED_EDGE ( 'NONE', *, *, #408, .F. ) ;
#1255 = CARTESIAN_POINT ( 'NONE',  ( 0.4862500000000006262, 1.080629921259842252, 0.000000000000000000 ) ) ;
#1256 = CARTESIAN_POINT ( 'NONE',  ( -0.4237500000000006262, 1.169370078740157970, 0.2999999999999999889 ) ) ;
#1257 = EDGE_CURVE ( 'NONE', #760, #180, #1313, .T. ) ;
#1258 = VECTOR ( 'NONE', #1344, 39.37007874015748143 ) ;
#1259 = CARTESIAN_POINT ( 'NONE',  ( -0.4862500000000006262, 1.192500000000000115, 0.000000000000000000 ) ) ;
#1260 = AXIS2_PLACEMENT_3D ( 'NONE', #235, #43, #532 ) ;
#1261 = ORIENTED_EDGE ( 'NONE', *, *, #957, .F. ) ;
#1262 = FACE_OUTER_BOUND ( 'NONE', #1927, .T. ) ;
#1263 = ORIENTED_EDGE ( 'NONE', *, *, #1887, .F. ) ;
#1264 = DIRECTION ( 'NONE',  ( 1.000000000000000000, 0.000000000000000000, 0.000000000000000000 ) ) ;
#1265 = LINE ( 'NONE', #1144, #1069 ) ;
#1266 = PLANE ( 'NONE',  #685 ) ;
#1267 = ORIENTED_EDGE ( 'NONE', *, *, #1785, .T. ) ;
#1268 = EDGE_CURVE ( 'NONE', #557, #1993, #1542, .T. ) ;
#1269 = ADVANCED_FACE ( 'NONE', ( #424 ), #137, .F. ) ;
#1270 = DIRECTION ( 'NONE',  ( 0.000000000000000000, -1.000000000000000000, 0.000000000000000000 ) ) ;
#1271 = EDGE_CURVE ( 'NONE', #1115, #1386, #1076, .T. ) ;
#1272 = ORIENTED_EDGE ( 'NONE', *, *, #520, .T. ) ;
#1273 = CARTESIAN_POINT ( 'NONE',  ( -0.7937499999999998446, 1.125000000000000000, 0.1999999999999999833 ) ) ;
#1274 = VERTEX_POINT ( 'NONE', #1209 ) ;
#1275 = CARTESIAN_POINT ( 'NONE',  ( -0.9999999999999998890, 1.500000000000000444, 0.2999999999999999889 ) ) ;
#1276 = DIRECTION ( 'NONE',  ( 0.000000000000000000, 0.000000000000000000, -1.000000000000000000 ) ) ;
#1277 = ORIENTED_EDGE ( 'NONE', *, *, #132, .F. ) ;
#1278 = AXIS2_PLACEMENT_3D ( 'NONE', #775, #1891, #1384 ) ;
#1279 = CARTESIAN_POINT ( 'NONE',  ( 0.4237500000000006262, -1.057499999999999885, 0.000000000000000000 ) ) ;
#1280 = DIRECTION ( 'NONE',  ( -0.000000000000000000, -0.000000000000000000, 1.000000000000000000 ) ) ;
#1281 = AXIS2_PLACEMENT_3D ( 'NONE', #1916, #1139, #108 ) ;
#1282 = ORIENTED_EDGE ( 'NONE', *, *, #251, .T. ) ;
#1283 = CARTESIAN_POINT ( 'NONE',  ( -0.4237500000000006262, -1.130000000000000338, 0.2596299199999999585 ) ) ;
#1284 = VERTEX_POINT ( 'NONE', #1350 ) ;
#1285 = EDGE_CURVE ( 'NONE', #1390, #182, #14, .T. ) ;
#1286 = DIRECTION ( 'NONE',  ( 0.000000000000000000, 1.000000000000000000, 0.000000000000000000 ) ) ;
#1287 = DIRECTION ( 'NONE',  ( 1.000000000000000000, 0.000000000000000000, 0.000000000000000000 ) ) ;
#1288 = ORIENTED_EDGE ( 'NONE', *, *, #145, .T. ) ;
#1289 = DIRECTION ( 'NONE',  ( 1.000000000000000000, 0.000000000000000000, 0.000000000000000000 ) ) ;
#1290 = CARTESIAN_POINT ( 'NONE',  ( -0.4862500000000006262, -1.018129921259842252, 0.2596299199999999585 ) ) ;
#1291 = AXIS2_PLACEMENT_3D ( 'NONE', #1762, #242, #83 ) ;
#1292 = CARTESIAN_POINT ( 'NONE',  ( -0.4862500000000006262, -1.231870078740157970, 0.2596299199999999585 ) ) ;
#1293 = CIRCLE ( 'NONE', #752, 0.06250000000000001388 ) ;
#1294 = ADVANCED_FACE ( 'NONE', ( #1042 ), #157, .F. ) ;
#1295 = EDGE_CURVE ( 'NONE', #1960, #1688, #596, .T. ) ;
#1296 = VERTEX_POINT ( 'NONE', #906 ) ;
#1297 = CARTESIAN_POINT ( 'NONE',  ( -0.6062499999999997335, -1.125000000000000000, 0.000000000000000000 ) ) ;
#1298 = DIRECTION ( 'NONE',  ( 0.000000000000000000, 0.000000000000000000, -1.000000000000000000 ) ) ;
#1299 = ORIENTED_EDGE ( 'NONE', *, *, #17, .F. ) ;
#1300 = DIRECTION ( 'NONE',  ( -1.000000000000000000, 0.000000000000000000, 0.000000000000000000 ) ) ;
#1301 = CARTESIAN_POINT ( 'NONE',  ( -0.4237500000000006262, 1.130000000000000115, 0.000000000000000000 ) ) ;
#1302 = DIRECTION ( 'NONE',  ( 1.000000000000000000, 0.000000000000000000, 0.000000000000000000 ) ) ;
#1303 = DIRECTION ( 'NONE',  ( -0.000000000000000000, -0.000000000000000000, -1.000000000000000000 ) ) ;
#1304 = ORIENTED_EDGE ( 'NONE', *, *, #1970, .F. ) ;
#1305 = CARTESIAN_POINT ( 'NONE',  ( -0.6999999999999997335, -1.125000000000000000, 0.2999999999999999889 ) ) ;
#1306 = DIRECTION ( 'NONE',  ( 1.000000000000000000, 0.000000000000000000, 0.000000000000000000 ) ) ;
#1307 = ORIENTED_EDGE ( 'NONE', *, *, #1713, .T. ) ;
#1308 = DIRECTION ( 'NONE',  ( 0.000000000000000000, 0.000000000000000000, 1.000000000000000000 ) ) ;
#1309 = PLANE ( 'NONE',  #1613 ) ;
#1310 = EDGE_CURVE ( 'NONE', #863, #420, #1550, .T. ) ;
#1311 = LENGTH_MEASURE_WITH_UNIT ( LENGTH_MEASURE( 0.02539999999999999897 ), #1593 );
#1312 = FACE_OUTER_BOUND ( 'NONE', #6, .T. ) ;
#1313 = CIRCLE ( 'NONE', #637, 0.06250000000000001388 ) ;
#1314 = VERTEX_POINT ( 'NONE', #1055 ) ;
#1315 = DIRECTION ( 'NONE',  ( -1.000000000000000000, 0.000000000000000000, 0.000000000000000000 ) ) ;
#1316 = DIRECTION ( 'NONE',  ( 0.000000000000000000, 0.000000000000000000, 1.000000000000000000 ) ) ;
#1317 = ORIENTED_EDGE ( 'NONE', *, *, #72, .T. ) ;
#1318 = CARTESIAN_POINT ( 'NONE',  ( -0.4237500000000006262, 1.018129921259842252, 0.2596299199999999585 ) ) ;
#1319 = CARTESIAN_POINT ( 'NONE',  ( -0.4862500000000006262, -1.119999999999999885, 0.2596299199999999585 ) ) ;
#1320 = EDGE_LOOP ( 'NONE', ( #279, #1894, #977, #807 ) ) ;
#1321 = ADVANCED_FACE ( 'NONE', ( #627 ), #1033, .F. ) ;
#1322 = EDGE_CURVE ( 'NONE', #323, #521, #1385, .T. ) ;
#1323 = CARTESIAN_POINT ( 'NONE',  ( -0.7124999999999998002, 0.2749999999999999112, 0.000000000000000000 ) ) ;
#1324 = AXIS2_PLACEMENT_3D ( 'NONE', #256, #1800, #413 ) ;
#1325 = ORIENTED_EDGE ( 'NONE', *, *, #386, .T. ) ;
#1326 = CARTESIAN_POINT ( 'NONE',  ( -0.4862500000000006262, -1.119999999999999885, 0.2596299199999999585 ) ) ;
#1327 = VECTOR ( 'NONE', #1239, 39.37007874015748143 ) ;
#1328 = CARTESIAN_POINT ( 'NONE',  ( -0.4237500000000006262, -1.119999999999999885, 0.000000000000000000 ) ) ;
#1329 = ORIENTED_EDGE ( 'NONE', *, *, #1600, .F. ) ;
#1330 = DIRECTION ( 'NONE',  ( -0.000000000000000000, -0.000000000000000000, 1.000000000000000000 ) ) ;
#1331 = ADVANCED_FACE ( 'NONE', ( #1670 ), #1199, .F. ) ;
#1332 = LINE ( 'NONE', #567, #1343 ) ;
#1333 = ORIENTED_EDGE ( 'NONE', *, *, #1224, .F. ) ;
#1334 = DIRECTION ( 'NONE',  ( 0.000000000000000000, 0.000000000000000000, 1.000000000000000000 ) ) ;
#1335 = CARTESIAN_POINT ( 'NONE',  ( -0.9999999999999998890, 0.2750000000000000222, 0.2999999999999999889 ) ) ;
#1336 = DIRECTION ( 'NONE',  ( 0.000000000000000000, -1.000000000000000000, -0.000000000000000000 ) ) ;
#1337 = ORIENTED_EDGE ( 'NONE', *, *, #1174, .F. ) ;
#1338 = AXIS2_PLACEMENT_3D ( 'NONE', #1187, #435, #1065 ) ;
#1339 = DIRECTION ( 'NONE',  ( -0.000000000000000000, -0.000000000000000000, -1.000000000000000000 ) ) ;
#1340 = DIRECTION ( 'NONE',  ( 0.000000000000000000, 0.000000000000000000, 1.000000000000000000 ) ) ;
#1341 = EDGE_LOOP ( 'NONE', ( #945, #116, #135, #981 ) ) ;
#1342 = DIRECTION ( 'NONE',  ( 0.000000000000000000, 0.000000000000000000, 1.000000000000000000 ) ) ;
#1343 = VECTOR ( 'NONE', #373, 39.37007874015748143 ) ;
#1344 = DIRECTION ( 'NONE',  ( 0.000000000000000000, 1.000000000000000000, 0.000000000000000000 ) ) ;
#1345 = EDGE_CURVE ( 'NONE', #572, #461, #706, .T. ) ;
#1346 = VECTOR ( 'NONE', #1219, 39.37007874015748143 ) ;
#1347 = PLANE ( 'NONE',  #490 ) ;
#1348 = ORIENTED_EDGE ( 'NONE', *, *, #632, .T. ) ;
#1349 = DIRECTION ( 'NONE',  ( -1.000000000000000000, 0.000000000000000000, -0.000000000000000000 ) ) ;
#1350 = CARTESIAN_POINT ( 'NONE',  ( 0.4237500000000006262, 1.057499999999999885, 0.000000000000000000 ) ) ;
#1351 = ORIENTED_EDGE ( 'NONE', *, *, #1713, .F. ) ;
#1352 = CARTESIAN_POINT ( 'NONE',  ( 0.4862500000000006262, -1.119999999999999885, 0.000000000000000000 ) ) ;
#1353 = DIRECTION ( 'NONE',  ( 0.000000000000000000, 0.000000000000000000, -1.000000000000000000 ) ) ;
#1354 = CARTESIAN_POINT ( 'NONE',  ( -0.6999999999999997335, -1.125000000000000000, 0.1999999999999999833 ) ) ;
#1355 = EDGE_CURVE ( 'NONE', #818, #1360, #759, .T. ) ;
#1356 = VERTEX_POINT ( 'NONE', #307 ) ;
#1357 = AXIS2_PLACEMENT_3D ( 'NONE', #1090, #624, #643 ) ;
#1358 = EDGE_CURVE ( 'NONE', #1083, #1377, #616, .T. ) ;
#1359 = DIRECTION ( 'NONE',  ( 0.000000000000000000, 0.000000000000000000, -1.000000000000000000 ) ) ;
#1360 = VERTEX_POINT ( 'NONE', #1522 ) ;
#1361 = AXIS2_PLACEMENT_3D ( 'NONE', #1673, #1353, #561 ) ;
#1362 = VECTOR ( 'NONE', #1193, 39.37007874015748143 ) ;
#1363 = DIRECTION ( 'NONE',  ( -0.000000000000000000, -0.000000000000000000, 1.000000000000000000 ) ) ;
#1364 = CIRCLE ( 'NONE', #1198, 0.06250000000000001388 ) ;
#1365 = DIRECTION ( 'NONE',  ( -0.000000000000000000, 0.000000000000000000, 1.000000000000000000 ) ) ;
#1366 = ORIENTED_EDGE ( 'NONE', *, *, #1691, .T. ) ;
#1367 = CARTESIAN_POINT ( 'NONE',  ( -0.7937499999999998446, 1.125000000000000000, 0.000000000000000000 ) ) ;
#1368 = CARTESIAN_POINT ( 'NONE',  ( 0.000000000000000000, 0.000000000000000000, 0.2999999999999999889 ) ) ;
#1369 = ORIENTED_EDGE ( 'NONE', *, *, #839, .T. ) ;
#1370 = CARTESIAN_POINT ( 'NONE',  ( -0.4862500000000006262, -1.192500000000000115, 0.000000000000000000 ) ) ;
#1371 = ORIENTED_EDGE ( 'NONE', *, *, #72, .F. ) ;
#1372 = FACE_OUTER_BOUND ( 'NONE', #213, .T. ) ;
#1373 = DIRECTION ( 'NONE',  ( 0.000000000000000000, 1.000000000000000000, 0.000000000000000000 ) ) ;
#1374 = ORIENTED_EDGE ( 'NONE', *, *, #8, .T. ) ;
#1375 = DIRECTION ( 'NONE',  ( 0.000000000000000000, -0.000000000000000000, -1.000000000000000000 ) ) ;
#1376 = EDGE_CURVE ( 'NONE', #22, #1553, #1229, .T. ) ;
#1377 = VERTEX_POINT ( 'NONE', #927 ) ;
#1378 = DIRECTION ( 'NONE',  ( -0.000000000000000000, -0.000000000000000000, 1.000000000000000000 ) ) ;
#1379 = DIRECTION ( 'NONE',  ( 1.000000000000000000, 0.000000000000000000, 0.000000000000000000 ) ) ;
#1380 = DIRECTION ( 'NONE',  ( 0.000000000000000000, -0.000000000000000000, -1.000000000000000000 ) ) ;
#1381 = MANIFOLD_SOLID_BREP ( 'Cut-Extrude6', #139 ) ;
#1382 = VERTEX_POINT ( 'NONE', #813 ) ;
#1383 = CIRCLE ( 'NONE', #608, 0.06249999999999995143 ) ;
#1384 = DIRECTION ( 'NONE',  ( 0.000000000000000000, 0.000000000000000000, -1.000000000000000000 ) ) ;
#1385 = LINE ( 'NONE', #2, #1872 ) ;
#1386 = VERTEX_POINT ( 'NONE', #494 ) ;
#1387 = EDGE_CURVE ( 'NONE', #1696, #907, #467, .T. ) ;
#1388 = EDGE_CURVE ( 'NONE', #697, #1064, #325, .T. ) ;
#1389 = DIRECTION ( 'NONE',  ( -0.000000000000000000, -0.000000000000000000, -1.000000000000000000 ) ) ;
#1390 = VERTEX_POINT ( 'NONE', #1580 ) ;
#1391 = DIRECTION ( 'NONE',  ( -0.000000000000000000, 0.000000000000000000, 1.000000000000000000 ) ) ;
#1392 = CARTESIAN_POINT ( 'NONE',  ( -0.4237500000000006817, 1.231870078740157970, 0.2999999999999999889 ) ) ;
#1393 = ORIENTED_EDGE ( 'NONE', *, *, #957, .T. ) ;
#1394 = AXIS2_PLACEMENT_3D ( 'NONE', #547, #1937, #1754 ) ;
#1395 = CARTESIAN_POINT ( 'NONE',  ( -0.4862500000000006262, -1.080629921259842252, 0.2596299199999999585 ) ) ;
#1396 = CARTESIAN_POINT ( 'NONE',  ( 0.2875000000000000333, 0.2750000000000000222, 0.000000000000000000 ) ) ;
#1397 = ORIENTED_EDGE ( 'NONE', *, *, #1074, .T. ) ;
#1398 = VECTOR ( 'NONE', #95, 39.37007874015748143 ) ;
#1399 = CARTESIAN_POINT ( 'NONE',  ( -0.8624999999999997113, -1.125000000000000000, 0.1999999999999999833 ) ) ;
#1400 = ORIENTED_EDGE ( 'NONE', *, *, #817, .T. ) ;
#1401 = DIRECTION ( 'NONE',  ( 0.000000000000000000, 0.000000000000000000, -1.000000000000000000 ) ) ;
#1402 = ORIENTED_EDGE ( 'NONE', *, *, #498, .F. ) ;
#1403 = EDGE_CURVE ( 'NONE', #617, #1119, #482, .T. ) ;
#1404 = FACE_OUTER_BOUND ( 'NONE', #1698, .T. ) ;
#1405 = PRESENTATION_STYLE_ASSIGNMENT (( #961 ) ) ;
#1406 = DIRECTION ( 'NONE',  ( 1.000000000000000000, 0.000000000000000000, 0.000000000000000000 ) ) ;
#1407 = ORIENTED_EDGE ( 'NONE', *, *, #1109, .T. ) ;
#1408 = DIRECTION ( 'NONE',  ( -0.000000000000000000, -0.000000000000000000, -1.000000000000000000 ) ) ;
#1409 = ADVANCED_FACE ( 'NONE', ( #1434 ), #1266, .T. ) ;
#1410 = VERTEX_POINT ( 'NONE', #504 ) ;
#1411 = CIRCLE ( 'NONE', #1456, 0.06249999999999995143 ) ;
#1412 = ADVANCED_FACE ( 'NONE', ( #1737 ), #24, .F. ) ;
#1413 = CARTESIAN_POINT ( 'NONE',  ( -0.7125000000000000222, -0.2750000000000000222, 0.000000000000000000 ) ) ;
#1414 = CARTESIAN_POINT ( 'NONE',  ( 0.4862500000000006262, 1.057499999999999885, 0.000000000000000000 ) ) ;
#1415 = EDGE_LOOP ( 'NONE', ( #1876, #1636, #988, #1337 ) ) ;
#1416 = AXIS2_PLACEMENT_3D ( 'NONE', #1512, #620, #588 ) ;
#1417 = DIRECTION ( 'NONE',  ( 0.000000000000000000, 0.000000000000000000, 1.000000000000000000 ) ) ;
#1418 = FACE_OUTER_BOUND ( 'NONE', #1178, .T. ) ;
#1419 = ORIENTED_EDGE ( 'NONE', *, *, #1567, .T. ) ;
#1420 = CARTESIAN_POINT ( 'NONE',  ( -0.4862500000000006262, 1.018129921259842252, 0.2596299199999999585 ) ) ;
#1421 = EDGE_CURVE ( 'NONE', #925, #1791, #55, .T. ) ;
#1422 = ORIENTED_EDGE ( 'NONE', *, *, #1573, .F. ) ;
#1423 = EDGE_CURVE ( 'NONE', #531, #805, #1444, .T. ) ;
#1424 = EDGE_CURVE ( 'NONE', #1356, #1944, #968, .T. ) ;
#1425 = DIRECTION ( 'NONE',  ( 1.000000000000000000, 0.000000000000000000, 0.000000000000000000 ) ) ;
#1426 = ORIENTED_EDGE ( 'NONE', *, *, #1472, .F. ) ;
#1427 = VECTOR ( 'NONE', #471, 39.37007874015748143 ) ;
#1428 = FACE_OUTER_BOUND ( 'NONE', #1125, .T. ) ;
#1429 = CIRCLE ( 'NONE', #874, 0.09375000000000005551 ) ;
#1430 = ORIENTED_EDGE ( 'NONE', *, *, #169, .T. ) ;
#1431 = DIRECTION ( 'NONE',  ( -1.000000000000000000, 0.000000000000000000, 0.000000000000000000 ) ) ;
#1432 = ORIENTED_EDGE ( 'NONE', *, *, #1059, .F. ) ;
#1433 = CARTESIAN_POINT ( 'NONE',  ( 0.4237500000000006262, -1.192500000000000115, 0.000000000000000000 ) ) ;
#1434 = FACE_OUTER_BOUND ( 'NONE', #641, .T. ) ;
#1435 = ORIENTED_EDGE ( 'NONE', *, *, #1358, .F. ) ;
#1436 = DIRECTION ( 'NONE',  ( -1.000000000000000000, 0.000000000000000000, 0.000000000000000000 ) ) ;
#1437 = DIRECTION ( 'NONE',  ( 0.000000000000000000, -0.000000000000000000, 1.000000000000000000 ) ) ;
#1438 = EDGE_CURVE ( 'NONE', #56, #705, #1903, .T. ) ;
#1439 = ORIENTED_EDGE ( 'NONE', *, *, #145, .F. ) ;
#1440 = DIRECTION ( 'NONE',  ( -1.000000000000000000, 0.000000000000000000, 0.000000000000000000 ) ) ;
#1441 = VECTOR ( 'NONE', #1984, 39.37007874015748143 ) ;
#1442 = EDGE_LOOP ( 'NONE', ( #1073, #1954 ) ) ;
#1443 = CARTESIAN_POINT ( 'NONE',  ( 0.9999999999999998890, 0.2750000000000000222, -2.074246851269153424 ) ) ;
#1444 = LINE ( 'NONE', #66, #1816 ) ;
#1445 = ORIENTED_EDGE ( 'NONE', *, *, #1233, .F. ) ;
#1446 = CARTESIAN_POINT ( 'NONE',  ( -0.9999999999999998890, -1.499999999999999778, 0.2999999999999999889 ) ) ;
#1447 = EDGE_CURVE ( 'NONE', #298, #420, #335, .T. ) ;
#1448 = CARTESIAN_POINT ( 'NONE',  ( -0.6499999999999999112, -0.2125000000000000500, 0.1350000000000000089 ) ) ;
#1449 = AXIS2_PLACEMENT_3D ( 'NONE', #497, #952, #1886 ) ;
#1450 = EDGE_CURVE ( 'NONE', #885, #264, #1745, .T. ) ;
#1451 = DIRECTION ( 'NONE',  ( 0.000000000000000000, -0.000000000000000000, 1.000000000000000000 ) ) ;
#1452 = CARTESIAN_POINT ( 'NONE',  ( 0.4862500000000006262, -1.119999999999999885, 0.2596299199999999585 ) ) ;
#1453 = ORIENTED_EDGE ( 'NONE', *, *, #667, .F. ) ;
#1454 = LINE ( 'NONE', #1617, #1030 ) ;
#1455 = CARTESIAN_POINT ( 'NONE',  ( -0.6999999999999997335, 1.125000000000000000, 0.000000000000000000 ) ) ;
#1456 = AXIS2_PLACEMENT_3D ( 'NONE', #1541, #493, #1557 ) ;
#1457 = DIRECTION ( 'NONE',  ( -0.000000000000000000, 0.000000000000000000, 1.000000000000000000 ) ) ;
#1458 = CARTESIAN_POINT ( 'NONE',  ( -0.4862500000000006262, -1.169370078740157970, 0.2596299199999999585 ) ) ;
#1459 = VECTOR ( 'NONE', #1339, 39.37007874015748143 ) ;
#1460 = VECTOR ( 'NONE', #1622, 39.37007874015748143 ) ;
#1461 = VECTOR ( 'NONE', #1946, 39.37007874015748143 ) ;
#1462 = DIRECTION ( 'NONE',  ( -1.000000000000000000, 0.000000000000000000, 0.000000000000000000 ) ) ;
#1463 = VECTOR ( 'NONE', #1113, 39.37007874015748143 ) ;
#1464 = AXIS2_PLACEMENT_3D ( 'NONE', #602, #21, #1244 ) ;
#1465 = ORIENTED_EDGE ( 'NONE', *, *, #1074, .F. ) ;
#1466 = DIRECTION ( 'NONE',  ( 0.000000000000000000, -0.000000000000000000, -1.000000000000000000 ) ) ;
#1467 = DIRECTION ( 'NONE',  ( -0.000000000000000000, -0.000000000000000000, -1.000000000000000000 ) ) ;
#1468 = DIRECTION ( 'NONE',  ( 0.000000000000000000, 1.000000000000000000, 0.000000000000000000 ) ) ;
#1469 = DIRECTION ( 'NONE',  ( 0.000000000000000000, 1.000000000000000000, 0.000000000000000000 ) ) ;
#1470 = CARTESIAN_POINT ( 'NONE',  ( 0.2250000000000000611, 0.000000000000000000, 0.1350000000000000089 ) ) ;
#1471 = ORIENTED_EDGE ( 'NONE', *, *, #1423, .T. ) ;
#1472 = EDGE_CURVE ( 'NONE', #237, #617, #1864, .T. ) ;
#1473 = CARTESIAN_POINT ( 'NONE',  ( -0.6999999999999997335, -1.125000000000000000, 0.1999999999999999833 ) ) ;
#1474 = CARTESIAN_POINT ( 'NONE',  ( -0.6999999999999997335, 1.125000000000000000, 0.1999999999999999833 ) ) ;
#1475 = LINE ( 'NONE', #371, #1621 ) ;
#1476 = DIRECTION ( 'NONE',  ( -1.000000000000000000, -0.000000000000000000, -0.000000000000000000 ) ) ;
#1477 = ORIENTED_EDGE ( 'NONE', *, *, #1196, .F. ) ;
#1478 = FACE_OUTER_BOUND ( 'NONE', #913, .T. ) ;
#1479 = CIRCLE ( 'NONE', #1738, 0.06250000000000001388 ) ;
#1480 = ORIENTED_EDGE ( 'NONE', *, *, #8, .F. ) ;
#1481 = ORIENTED_EDGE ( 'NONE', *, *, #1421, .T. ) ;
#1482 = EDGE_CURVE ( 'NONE', #830, #521, #179, .T. ) ;
#1483 = FACE_OUTER_BOUND ( 'NONE', #933, .T. ) ;
#1484 = ORIENTED_EDGE ( 'NONE', *, *, #1233, .T. ) ;
#1485 = EDGE_CURVE ( 'NONE', #711, #785, #462, .T. ) ;
#1486 = PLANE ( 'NONE',  #59 ) ;
#1487 = DIRECTION ( 'NONE',  ( 0.000000000000000000, 0.000000000000000000, -1.000000000000000000 ) ) ;
#1488 = ORIENTED_EDGE ( 'NONE', *, *, #632, .F. ) ;
#1489 = DIRECTION ( 'NONE',  ( 1.000000000000000000, 0.000000000000000000, 0.000000000000000000 ) ) ;
#1490 = VECTOR ( 'NONE', #173, 39.37007874015748143 ) ;
#1491 = VECTOR ( 'NONE', #1601, 39.37007874015748143 ) ;
#1492 = VECTOR ( 'NONE', #1711, 39.37007874015748143 ) ;
#1493 = ORIENTED_EDGE ( 'NONE', *, *, #1295, .F. ) ;
#1494 = DIMENSIONAL_EXPONENTS ( 1.000000000000000000, 0.000000000000000000, 0.000000000000000000, 0.000000000000000000, 0.000000000000000000, 0.000000000000000000, 0.000000000000000000 ) ;
#1495 = VECTOR ( 'NONE', #275, 39.37007874015748143 ) ;
#1496 = DIRECTION ( 'NONE',  ( -0.000000000000000000, -0.000000000000000000, -1.000000000000000000 ) ) ;
#1497 = ORIENTED_EDGE ( 'NONE', *, *, #289, .T. ) ;
#1498 = DIRECTION ( 'NONE',  ( 1.000000000000000000, -0.000000000000000000, 0.000000000000000000 ) ) ;
#1499 = CARTESIAN_POINT ( 'NONE',  ( -0.4862500000000006262, -1.057499999999999885, 0.000000000000000000 ) ) ;
#1500 = ORIENTED_EDGE ( 'NONE', *, *, #1723, .T. ) ;
#1501 = LINE ( 'NONE', #1005, #1720 ) ;
#1502 = ADVANCED_FACE ( 'NONE', ( #1923 ), #402, .F. ) ;
#1503 = ORIENTED_EDGE ( 'NONE', *, *, #1862, .F. ) ;
#1504 = FACE_BOUND ( 'NONE', #1442, .T. ) ;
#1505 = ORIENTED_EDGE ( 'NONE', *, *, #1060, .F. ) ;
#1506 = CIRCLE ( 'NONE', #220, 0.06250000000000001388 ) ;
#1507 = CARTESIAN_POINT ( 'NONE',  ( -0.4862500000000006262, 1.057499999999999885, 0.000000000000000000 ) ) ;
#1508 = CARTESIAN_POINT ( 'NONE',  ( 0.4862500000000005151, -1.231870078740157970, 0.2999999999999999889 ) ) ;
#1509 = ORIENTED_EDGE ( 'NONE', *, *, #1450, .F. ) ;
#1510 = EDGE_CURVE ( 'NONE', #557, #1666, #1749, .T. ) ;
#1511 = AXIS2_PLACEMENT_3D ( 'NONE', #297, #446, #1844 ) ;
#1512 = CARTESIAN_POINT ( 'NONE',  ( -0.6999999999999997335, -1.125000000000000000, 0.2999999999999999889 ) ) ;
#1513 = LINE ( 'NONE', #868, #1815 ) ;
#1514 = EDGE_CURVE ( 'NONE', #1182, #1390, #1515, .T. ) ;
#1515 = LINE ( 'NONE', #990, #1693 ) ;
#1516 = VECTOR ( 'NONE', #33, 39.37007874015748143 ) ;
#1517 = VERTEX_POINT ( 'NONE', #88 ) ;
#1518 = VECTOR ( 'NONE', #1373, 39.37007874015748143 ) ;
#1519 = PLANE ( 'NONE',  #753 ) ;
#1520 = VERTEX_POINT ( 'NONE', #1674 ) ;
#1521 = DIRECTION ( 'NONE',  ( 0.000000000000000000, 0.000000000000000000, -1.000000000000000000 ) ) ;
#1522 = CARTESIAN_POINT ( 'NONE',  ( 0.4862500000000006262, 1.080629921259842252, 0.2999999999999999889 ) ) ;
#1523 = ORIENTED_EDGE ( 'NONE', *, *, #143, .F. ) ;
#1524 = DIRECTION ( 'NONE',  ( -1.000000000000000000, 0.000000000000000000, 0.000000000000000000 ) ) ;
#1525 = CARTESIAN_POINT ( 'NONE',  ( 0.4237500000000006262, -1.169370078740157970, 0.2999999999999999889 ) ) ;
#1526 = ORIENTED_EDGE ( 'NONE', *, *, #1970, .T. ) ;
#1527 = VECTOR ( 'NONE', #304, 39.37007874015748143 ) ;
#1528 = PLANE ( 'NONE',  #1768 ) ;
#1529 = ORIENTED_EDGE ( 'NONE', *, *, #1723, .F. ) ;
#1530 = VECTOR ( 'NONE', #796, 39.37007874015748143 ) ;
#1531 = ADVANCED_FACE ( 'NONE', ( #1777 ), #292, .F. ) ;
#1532 = LINE ( 'NONE', #277, #978 ) ;
#1533 = DIRECTION ( 'NONE',  ( -0.000000000000000000, -0.000000000000000000, 1.000000000000000000 ) ) ;
#1534 = EDGE_LOOP ( 'NONE', ( #744, #898 ) ) ;
#1535 = DIRECTION ( 'NONE',  ( 1.000000000000000000, 0.000000000000000000, 0.000000000000000000 ) ) ;
#1536 = VERTEX_POINT ( 'NONE', #899 ) ;
#1537 = DIRECTION ( 'NONE',  ( 0.000000000000000000, -0.000000000000000000, -1.000000000000000000 ) ) ;
#1538 = DIRECTION ( 'NONE',  ( 0.000000000000000000, -1.000000000000000000, 0.000000000000000000 ) ) ;
#1539 = VERTEX_POINT ( 'NONE', #1766 ) ;
#1540 = EDGE_CURVE ( 'NONE', #1906, #354, #542, .T. ) ;
#1541 = CARTESIAN_POINT ( 'NONE',  ( -0.7125000000000000222, -0.2125000000000000500, 0.000000000000000000 ) ) ;
#1542 = LINE ( 'NONE', #919, #1250 ) ;
#1543 = ORIENTED_EDGE ( 'NONE', *, *, #1044, .T. ) ;
#1544 = CARTESIAN_POINT ( 'NONE',  ( -0.7124999999999998002, 0.2125000000000000222, 0.2999999999999999889 ) ) ;
#1545 = ADVANCED_BREP_SHAPE_REPRESENTATION ( 'Lid 1', ( #1381, #82 ), #940 ) ;
#1546 = ORIENTED_EDGE ( 'NONE', *, *, #607, .T. ) ;
#1547 = DIRECTION ( 'NONE',  ( 1.000000000000000000, 0.000000000000000000, 0.000000000000000000 ) ) ;
#1548 = ORIENTED_EDGE ( 'NONE', *, *, #1637, .T. ) ;
#1549 = DIRECTION ( 'NONE',  ( 0.000000000000000000, 1.000000000000000000, 0.000000000000000000 ) ) ;
#1550 = LINE ( 'NONE', #1695, #1583 ) ;
#1551 = ORIENTED_EDGE ( 'NONE', *, *, #702, .T. ) ;
#1552 = DIRECTION ( 'NONE',  ( -0.000000000000000000, 1.000000000000000000, 0.000000000000000000 ) ) ;
#1553 = VERTEX_POINT ( 'NONE', #1828 ) ;
#1554 = DIRECTION ( 'NONE',  ( 0.000000000000000000, 0.000000000000000000, -1.000000000000000000 ) ) ;
#1555 = ORIENTED_EDGE ( 'NONE', *, *, #49, .F. ) ;
#1556 = CIRCLE ( 'NONE', #682, 0.06250000000000001388 ) ;
#1557 = DIRECTION ( 'NONE',  ( -1.000000000000000000, 0.000000000000000000, 0.000000000000000000 ) ) ;
#1558 = VECTOR ( 'NONE', #128, 39.37007874015748143 ) ;
#1559 = DIRECTION ( 'NONE',  ( -1.000000000000000000, 0.000000000000000000, 0.000000000000000000 ) ) ;
#1560 = ORIENTED_EDGE ( 'NONE', *, *, #291, .T. ) ;
#1561 = CIRCLE ( 'NONE', #80, 0.09375000000000005551 ) ;
#1562 = AXIS2_PLACEMENT_3D ( 'NONE', #1473, #1981, #1939 ) ;
#1563 = CYLINDRICAL_SURFACE ( 'NONE', #799, 0.06250000000000001388 ) ;
#1564 = ADVANCED_FACE ( 'NONE', ( #1639 ), #1137, .F. ) ;
#1565 = ORIENTED_EDGE ( 'NONE', *, *, #1784, .T. ) ;
#1566 = DIRECTION ( 'NONE',  ( -1.000000000000000000, 0.000000000000000000, 0.000000000000000000 ) ) ;
#1567 = EDGE_CURVE ( 'NONE', #1986, #711, #1911, .T. ) ;
#1568 = CARTESIAN_POINT ( 'NONE',  ( -0.6999999999999997335, 1.125000000000000000, 0.000000000000000000 ) ) ;
#1569 = VERTEX_POINT ( 'NONE', #980 ) ;
#1570 = CARTESIAN_POINT ( 'NONE',  ( -0.4237500000000006262, 1.192500000000000115, 0.2596299199999999585 ) ) ;
#1571 = CARTESIAN_POINT ( 'NONE',  ( -0.4862500000000006262, -1.057499999999999885, 0.2596299199999999585 ) ) ;
#1572 = CARTESIAN_POINT ( 'NONE',  ( 0.000000000000000000, 0.000000000000000000, 0.2999999999999999889 ) ) ;
#1573 = EDGE_CURVE ( 'NONE', #1049, #182, #554, .T. ) ;
#1574 = ORIENTED_EDGE ( 'NONE', *, *, #747, .F. ) ;
#1575 = CARTESIAN_POINT ( 'NONE',  ( -0.4862500000000006262, 1.057499999999999885, 0.2596299199999999585 ) ) ;
#1576 = EDGE_CURVE ( 'NONE', #1182, #1668, #525, .T. ) ;
#1577 = EDGE_CURVE ( 'NONE', #1284, #1733, #246, .T. ) ;
#1578 = VERTEX_POINT ( 'NONE', #1608 ) ;
#1579 = DIRECTION ( 'NONE',  ( -1.000000000000000000, 0.000000000000000000, 0.000000000000000000 ) ) ;
#1580 = CARTESIAN_POINT ( 'NONE',  ( -0.4237500000000006817, -1.231870078740157970, 0.2999999999999999889 ) ) ;
#1581 = ORIENTED_EDGE ( 'NONE', *, *, #438, .T. ) ;
#1582 = AXIS2_PLACEMENT_3D ( 'NONE', #1093, #1719, #1425 ) ;
#1583 = VECTOR ( 'NONE', #318, 39.37007874015748143 ) ;
#1584 = DIRECTION ( 'NONE',  ( -1.000000000000000000, 0.000000000000000000, 0.000000000000000000 ) ) ;
#1585 = EDGE_LOOP ( 'NONE', ( #1908, #45, #543, #1743, #31, #1849, #1207, #1920 ) ) ;
#1586 = LINE ( 'NONE', #233, #486 ) ;
#1587 = ORIENTED_EDGE ( 'NONE', *, *, #912, .F. ) ;
#1588 = CARTESIAN_POINT ( 'NONE',  ( 0.4237500000000006262, 1.057499999999999885, 0.000000000000000000 ) ) ;
#1589 = VERTEX_POINT ( 'NONE', #832 ) ;
#1590 = AXIS2_PLACEMENT_3D ( 'NONE', #1850, #1391, #1104 ) ;
#1591 = CARTESIAN_POINT ( 'NONE',  ( -0.6999999999999997335, 1.125000000000000000, 0.2999999999999999889 ) ) ;
#1592 = AXIS2_PLACEMENT_3D ( 'NONE', #1354, #591, #1048 ) ;
#1593 =( LENGTH_UNIT ( ) NAMED_UNIT ( * ) SI_UNIT ( $, .METRE. ) );
#1594 = ORIENTED_EDGE ( 'NONE', *, *, #1577, .F. ) ;
#1595 = LINE ( 'NONE', #673, #1460 ) ;
#1596 = ORIENTED_EDGE ( 'NONE', *, *, #784, .T. ) ;
#1597 = LINE ( 'NONE', #541, #1978 ) ;
#1598 = CARTESIAN_POINT ( 'NONE',  ( 0.2250000000000000611, -0.2125000000000000500, 0.000000000000000000 ) ) ;
#1599 = ORIENTED_EDGE ( 'NONE', *, *, #555, .F. ) ;
#1600 = EDGE_CURVE ( 'NONE', #1837, #264, #1656, .T. ) ;
#1601 = DIRECTION ( 'NONE',  ( 0.000000000000000000, 1.000000000000000000, 0.000000000000000000 ) ) ;
#1602 = DIRECTION ( 'NONE',  ( 0.000000000000000000, 0.000000000000000000, 1.000000000000000000 ) ) ;
#1603 =( NAMED_UNIT ( * ) SI_UNIT ( $, .STERADIAN. ) SOLID_ANGLE_UNIT ( ) );
#1604 = LINE ( 'NONE', #808, #5 ) ;
#1605 = AXIS2_PLACEMENT_3D ( 'NONE', #1661, #904, #296 ) ;
#1606 = ORIENTED_EDGE ( 'NONE', *, *, #730, .T. ) ;
#1607 = FACE_BOUND ( 'NONE', #491, .T. ) ;
#1608 = CARTESIAN_POINT ( 'NONE',  ( 0.4237500000000005707, -1.018129921259842252, 0.2999999999999999889 ) ) ;
#1609 = VERTEX_POINT ( 'NONE', #1930 ) ;
#1610 = CARTESIAN_POINT ( 'NONE',  ( -0.6999999999999997335, 1.125000000000000000, 0.1999999999999999833 ) ) ;
#1611 = AXIS2_PLACEMENT_3D ( 'NONE', #1241, #1389, #16 ) ;
#1612 = LINE ( 'NONE', #1149, #197 ) ;
#1613 = AXIS2_PLACEMENT_3D ( 'NONE', #1499, #118, #727 ) ;
#1614 = DIRECTION ( 'NONE',  ( -0.000000000000000000, 0.000000000000000000, 1.000000000000000000 ) ) ;
#1615 = ADVANCED_FACE ( 'NONE', ( #441 ), #96, .F. ) ;
#1616 = ORIENTED_EDGE ( 'NONE', *, *, #36, .T. ) ;
#1617 = CARTESIAN_POINT ( 'NONE',  ( 0.4862500000000006262, -1.169370078740157970, 0.2999999999999999889 ) ) ;
#1618 = DIRECTION ( 'NONE',  ( 1.000000000000000000, 0.000000000000000000, 0.000000000000000000 ) ) ;
#1619 = DIRECTION ( 'NONE',  ( -0.000000000000000000, -0.000000000000000000, 1.000000000000000000 ) ) ;
#1620 = FACE_OUTER_BOUND ( 'NONE', #534, .T. ) ;
#1621 = VECTOR ( 'NONE', #1748, 39.37007874015748143 ) ;
#1622 = DIRECTION ( 'NONE',  ( 1.000000000000000000, 0.000000000000000000, 0.000000000000000000 ) ) ;
#1623 = VECTOR ( 'NONE', #1124, 39.37007874015748143 ) ;
#1624 = EDGE_CURVE ( 'NONE', #1520, #885, #1429, .T. ) ;
#1625 = ORIENTED_EDGE ( 'NONE', *, *, #1403, .F. ) ;
#1626 = CARTESIAN_POINT ( 'NONE',  ( 0.4237500000000006262, -1.231870078740157970, 0.2596299199999999585 ) ) ;
#1627 = CARTESIAN_POINT ( 'NONE',  ( 0.4862500000000005151, -1.231870078740157970, 0.2596299199999999585 ) ) ;
#1628 = VERTEX_POINT ( 'NONE', #743 ) ;
#1629 = CARTESIAN_POINT ( 'NONE',  ( -0.9999999999999998890, -1.499999999999999778, 0.000000000000000000 ) ) ;
#1630 = CARTESIAN_POINT ( 'NONE',  ( 1.000000000000000222, 1.500000000000000444, 0.2999999999999999889 ) ) ;
#1631 = ORIENTED_EDGE ( 'NONE', *, *, #485, .T. ) ;
#1632 = DIRECTION ( 'NONE',  ( 1.000000000000000000, 0.000000000000000000, 0.000000000000000000 ) ) ;
#1633 = EDGE_CURVE ( 'NONE', #1960, #947, #113, .T. ) ;
#1634 = VECTOR ( 'NONE', #360, 39.37007874015748143 ) ;
#1635 = ADVANCED_FACE ( 'NONE', ( #76, #1838, #911 ), #1214, .F. ) ;
#1636 = ORIENTED_EDGE ( 'NONE', *, *, #160, .F. ) ;
#1637 = EDGE_CURVE ( 'NONE', #947, #1960, #11, .T. ) ;
#1638 = CARTESIAN_POINT ( 'NONE',  ( -0.4862500000000006262, 1.080629921259842252, 0.2999999999999999889 ) ) ;
#1639 = FACE_OUTER_BOUND ( 'NONE', #922, .T. ) ;
#1640 = DIRECTION ( 'NONE',  ( 0.000000000000000000, 0.000000000000000000, 1.000000000000000000 ) ) ;
#1641 = LINE ( 'NONE', #1925, #1088 ) ;
#1642 = ORIENTED_EDGE ( 'NONE', *, *, #485, .F. ) ;
#1643 = CARTESIAN_POINT ( 'NONE',  ( 1.000000000000000222, -1.499999999999999778, 0.000000000000000000 ) ) ;
#1644 = VECTOR ( 'NONE', #804, 39.37007874015748143 ) ;
#1645 = ORIENTED_EDGE ( 'NONE', *, *, #1994, .T. ) ;
#1646 = FACE_OUTER_BOUND ( 'NONE', #455, .T. ) ;
#1647 = ORIENTED_EDGE ( 'NONE', *, *, #994, .F. ) ;
#1648 = CARTESIAN_POINT ( 'NONE',  ( -0.4862500000000006262, -1.130000000000000338, 0.000000000000000000 ) ) ;
#1649 = DIRECTION ( 'NONE',  ( 0.000000000000000000, 1.000000000000000000, 0.000000000000000000 ) ) ;
#1650 = VERTEX_POINT ( 'NONE', #302 ) ;
#1651 = CYLINDRICAL_SURFACE ( 'NONE', #1980, 0.06250000000000001388 ) ;
#1652 = DIRECTION ( 'NONE',  ( -0.000000000000000000, 1.000000000000000000, 0.000000000000000000 ) ) ;
#1653 = CIRCLE ( 'NONE', #777, 0.06250000000000001388 ) ;
#1654 = AXIS2_PLACEMENT_3D ( 'NONE', #1741, #71, #407 ) ;
#1655 = ORIENTED_EDGE ( 'NONE', *, *, #84, .T. ) ;
#1656 = CIRCLE ( 'NONE', #779, 0.09375000000000005551 ) ;
#1657 = LINE ( 'NONE', #409, #1945 ) ;
#1658 = CARTESIAN_POINT ( 'NONE',  ( 0.9999999999999998890, -0.2750000000000000222, 0.2999999999999999889 ) ) ;
#1659 = ORIENTED_EDGE ( 'NONE', *, *, #1268, .F. ) ;
#1660 = EDGE_CURVE ( 'NONE', #1536, #1628, #141, .T. ) ;
#1661 = CARTESIAN_POINT ( 'NONE',  ( 0.000000000000000000, 0.000000000000000000, 0.2596299199999999585 ) ) ;
#1662 = CARTESIAN_POINT ( 'NONE',  ( -0.4862500000000006262, 1.057499999999999885, 0.000000000000000000 ) ) ;
#1663 = ORIENTED_EDGE ( 'NONE', *, *, #1057, .F. ) ;
#1664 = EDGE_CURVE ( 'NONE', #1134, #1688, #842, .T. ) ;
#1665 = DIRECTION ( 'NONE',  ( 0.000000000000000000, -1.000000000000000000, 0.000000000000000000 ) ) ;
#1666 = VERTEX_POINT ( 'NONE', #1297 ) ;
#1667 = CARTESIAN_POINT ( 'NONE',  ( 0.4862500000000006262, 1.130000000000000338, 0.000000000000000000 ) ) ;
#1668 = VERTEX_POINT ( 'NONE', #1626 ) ;
#1669 = CARTESIAN_POINT ( 'NONE',  ( 0.4237500000000005707, -1.057499999999999885, 0.2596299199999999585 ) ) ;
#1670 = FACE_OUTER_BOUND ( 'NONE', #1963, .T. ) ;
#1671 = ORIENTED_EDGE ( 'NONE', *, *, #1577, .T. ) ;
#1672 = DIRECTION ( 'NONE',  ( -0.000000000000000000, -0.000000000000000000, 1.000000000000000000 ) ) ;
#1673 = CARTESIAN_POINT ( 'NONE',  ( 0.4237500000000006262, 1.119999999999999885, 0.2596299199999999585 ) ) ;
#1674 = CARTESIAN_POINT ( 'NONE',  ( -0.6062499999999997335, 1.125000000000000000, 0.000000000000000000 ) ) ;
#1675 = VECTOR ( 'NONE', #201, 39.37007874015748143 ) ;
#1676 = CARTESIAN_POINT ( 'NONE',  ( -0.4237500000000006262, 1.192500000000000115, 0.000000000000000000 ) ) ;
#1677 = ADVANCED_FACE ( 'NONE', ( #831 ), #1000, .F. ) ;
#1678 = VECTOR ( 'NONE', #1935, 39.37007874015748143 ) ;
#1679 = DIRECTION ( 'NONE',  ( -1.000000000000000000, 0.000000000000000000, 0.000000000000000000 ) ) ;
#1680 = EDGE_LOOP ( 'NONE', ( #1753, #164, #308, #1023, #1526, #1154, #1374, #800 ) ) ;
#1681 = DIRECTION ( 'NONE',  ( -1.000000000000000000, 0.000000000000000000, 0.000000000000000000 ) ) ;
#1682 = CARTESIAN_POINT ( 'NONE',  ( -0.4237500000000006262, -1.018129921259842252, 0.2596299199999999585 ) ) ;
#1683 = ORIENTED_EDGE ( 'NONE', *, *, #291, .F. ) ;
#1684 = FACE_OUTER_BOUND ( 'NONE', #123, .T. ) ;
#1685 = VECTOR ( 'NONE', #1330, 39.37007874015748143 ) ;
#1686 = ORIENTED_EDGE ( 'NONE', *, *, #1600, .T. ) ;
#1687 = DIRECTION ( 'NONE',  ( 0.000000000000000000, 0.000000000000000000, 1.000000000000000000 ) ) ;
#1688 = VERTEX_POINT ( 'NONE', #1922 ) ;
#1689 = ADVANCED_FACE ( 'NONE', ( #1607, #1136, #1756, #960, #843 ), #75, .T. ) ;
#1690 = VECTOR ( 'NONE', #1817, 39.37007874015748143 ) ;
#1691 = EDGE_CURVE ( 'NONE', #121, #723, #270, .T. ) ;
#1692 = EDGE_LOOP ( 'NONE', ( #1686, #38 ) ) ;
#1693 = VECTOR ( 'NONE', #688, 39.37007874015748143 ) ;
#1694 = FACE_OUTER_BOUND ( 'NONE', #1585, .T. ) ;
#1695 = CARTESIAN_POINT ( 'NONE',  ( 0.4862500000000006262, -1.192500000000000115, 0.2596299199999999585 ) ) ;
#1696 = VERTEX_POINT ( 'NONE', #1275 ) ;
#1697 = LINE ( 'NONE', #1974, #1839 ) ;
#1698 = EDGE_LOOP ( 'NONE', ( #1477, #1299, #1071, #505 ) ) ;
#1699 = EDGE_CURVE ( 'NONE', #437, #791, #1929, .T. ) ;
#1700 = DIRECTION ( 'NONE',  ( -1.000000000000000000, 0.000000000000000000, -0.000000000000000000 ) ) ;
#1701 = ORIENTED_EDGE ( 'NONE', *, *, #1576, .F. ) ;
#1702 = CARTESIAN_POINT ( 'NONE',  ( -0.9999999999999998890, -0.2750000000000000222, 0.2999999999999999889 ) ) ;
#1703 = FILL_AREA_STYLE ('',( #278 ) ) ;
#1704 = ORIENTED_EDGE ( 'NONE', *, *, #400, .T. ) ;
#1705 = LINE ( 'NONE', #450, #860 ) ;
#1706 = ORIENTED_EDGE ( 'NONE', *, *, #1387, .T. ) ;
#1707 = CARTESIAN_POINT ( 'NONE',  ( -0.4862500000000006262, -1.119999999999999885, 0.000000000000000000 ) ) ;
#1708 = ORIENTED_EDGE ( 'NONE', *, *, #607, .F. ) ;
#1709 = AXIS2_PLACEMENT_3D ( 'NONE', #556, #1022, #248 ) ;
#1710 = PLANE ( 'NONE',  #1278 ) ;
#1711 = DIRECTION ( 'NONE',  ( 0.000000000000000000, 0.000000000000000000, -1.000000000000000000 ) ) ;
#1712 = ORIENTED_EDGE ( 'NONE', *, *, #1540, .T. ) ;
#1713 = EDGE_CURVE ( 'NONE', #723, #760, #1265, .T. ) ;
#1714 = EDGE_CURVE ( 'NONE', #863, #1049, #1454, .T. ) ;
#1715 = VERTEX_POINT ( 'NONE', #378 ) ;
#1716 = DIRECTION ( 'NONE',  ( 0.000000000000000000, 1.000000000000000000, 0.000000000000000000 ) ) ;
#1717 = ORIENTED_EDGE ( 'NONE', *, *, #408, .T. ) ;
#1718 = VECTOR ( 'NONE', #700, 39.37007874015748143 ) ;
#1719 = DIRECTION ( 'NONE',  ( -0.000000000000000000, -0.000000000000000000, 1.000000000000000000 ) ) ;
#1720 = VECTOR ( 'NONE', #1975, 39.37007874015748143 ) ;
#1721 = DIRECTION ( 'NONE',  ( 1.000000000000000000, 0.000000000000000000, 0.000000000000000000 ) ) ;
#1722 = ORIENTED_EDGE ( 'NONE', *, *, #312, .F. ) ;
#1723 = EDGE_CURVE ( 'NONE', #1296, #298, #1293, .T. ) ;
#1724 = CIRCLE ( 'NONE', #492, 0.09375000000000005551 ) ;
#1725 = EDGE_CURVE ( 'NONE', #1130, #366, #1597, .T. ) ;
#1726 = DIRECTION ( 'NONE',  ( 0.000000000000000000, 0.000000000000000000, 1.000000000000000000 ) ) ;
#1727 = EDGE_LOOP ( 'NONE', ( #652, #1004, #126, #1973 ) ) ;
#1728 = LINE ( 'NONE', #340, #1490 ) ;
#1729 = ORIENTED_EDGE ( 'NONE', *, *, #438, .F. ) ;
#1730 = CARTESIAN_POINT ( 'NONE',  ( -0.4237500000000006262, -1.080629921259842252, 0.000000000000000000 ) ) ;
#1731 = EDGE_LOOP ( 'NONE', ( #350, #205, #1397, #720 ) ) ;
#1732 = DIRECTION ( 'NONE',  ( -1.000000000000000000, 0.000000000000000000, -0.000000000000000000 ) ) ;
#1733 = VERTEX_POINT ( 'NONE', #972 ) ;
#1734 = CARTESIAN_POINT ( 'NONE',  ( -0.4237500000000006817, 1.231870078740157970, 0.2596299199999999585 ) ) ;
#1735 = ORIENTED_EDGE ( 'NONE', *, *, #160, .T. ) ;
#1736 = DIRECTION ( 'NONE',  ( -0.000000000000000000, -0.000000000000000000, 1.000000000000000000 ) ) ;
#1737 = FACE_OUTER_BOUND ( 'NONE', #1020, .T. ) ;
#1738 = AXIS2_PLACEMENT_3D ( 'NONE', #190, #1280, #1584 ) ;
#1739 = CARTESIAN_POINT ( 'NONE',  ( 1.000000000000000222, 1.500000000000000444, 0.2999999999999999889 ) ) ;
#1740 = ORIENTED_EDGE ( 'NONE', *, *, #143, .T. ) ;
#1741 = CARTESIAN_POINT ( 'NONE',  ( -0.7125000000000000222, -0.2125000000000000500, -2.074246851269153424 ) ) ;
#1742 = EDGE_CURVE ( 'NONE', #470, #1284, #852, .T. ) ;
#1743 = ORIENTED_EDGE ( 'NONE', *, *, #1482, .T. ) ;
#1744 = LINE ( 'NONE', #676, #240 ) ;
#1745 = LINE ( 'NONE', #787, #111 ) ;
#1746 = ORIENTED_EDGE ( 'NONE', *, *, #560, .T. ) ;
#1747 = VECTOR ( 'NONE', #102, 39.37007874015748143 ) ;
#1748 = DIRECTION ( 'NONE',  ( -0.000000000000000000, -0.000000000000000000, 1.000000000000000000 ) ) ;
#1749 = CIRCLE ( 'NONE', #142, 0.09375000000000005551 ) ;
#1750 = DIRECTION ( 'NONE',  ( -0.000000000000000000, -0.000000000000000000, 1.000000000000000000 ) ) ;
#1751 = AXIS2_PLACEMENT_3D ( 'NONE', #1507, #1498, #582 ) ;
#1752 = CARTESIAN_POINT ( 'NONE',  ( 0.000000000000000000, 0.000000000000000000, 0.000000000000000000 ) ) ;
#1753 = ORIENTED_EDGE ( 'NONE', *, *, #1725, .T. ) ;
#1754 = DIRECTION ( 'NONE',  ( -1.000000000000000000, 0.000000000000000000, 0.000000000000000000 ) ) ;
#1755 = EDGE_LOOP ( 'NONE', ( #1996, #1859 ) ) ;
#1756 = FACE_BOUND ( 'NONE', #1534, .T. ) ;
#1757 = DIRECTION ( 'NONE',  ( -1.000000000000000000, 0.000000000000000000, 0.000000000000000000 ) ) ;
#1758 = EDGE_LOOP ( 'NONE', ( #196, #1831, #850, #1712, #320, #1348, #755, #630 ) ) ;
#1759 = LINE ( 'NONE', #535, #621 ) ;
#1760 = DIRECTION ( 'NONE',  ( 0.000000000000000000, 1.000000000000000000, 0.000000000000000000 ) ) ;
#1761 = APPLICATION_PROTOCOL_DEFINITION ( 'draft international standard', 'automotive_design', 1998, #152 ) ;
#1762 = CARTESIAN_POINT ( 'NONE',  ( 0.4237500000000006262, 1.169370078740157970, 0.2596299199999999585 ) ) ;
#1763 = EDGE_LOOP ( 'NONE', ( #1683, #1163, #879, #1565 ) ) ;
#1764 = AXIS2_PLACEMENT_3D ( 'NONE', #1812, #766, #605 ) ;
#1765 = DIRECTION ( 'NONE',  ( -3.469446951953586973E-15, 1.000000000000000000, 0.000000000000000000 ) ) ;
#1766 = CARTESIAN_POINT ( 'NONE',  ( 1.000000000000000222, 1.500000000000000444, 0.000000000000000000 ) ) ;
#1767 = CARTESIAN_POINT ( 'NONE',  ( 1.000000000000000222, -1.499999999999999778, 0.2999999999999999889 ) ) ;
#1768 = AXIS2_PLACEMENT_3D ( 'NONE', #1370, #1538, #1380 ) ;
#1769 = LINE ( 'NONE', #90, #1678 ) ;
#1770 = EDGE_CURVE ( 'NONE', #1666, #557, #1561, .T. ) ;
#1771 = VECTOR ( 'NONE', #1985, 39.37007874015748143 ) ;
#1772 = FACE_OUTER_BOUND ( 'NONE', #1341, .T. ) ;
#1773 = EDGE_CURVE ( 'NONE', #1517, #1089, #65, .T. ) ;
#1774 = CARTESIAN_POINT ( 'NONE',  ( 1.000000000000000222, -1.499999999999999778, 0.000000000000000000 ) ) ;
#1775 = ORIENTED_EDGE ( 'NONE', *, *, #1956, .F. ) ;
#1776 = CARTESIAN_POINT ( 'NONE',  ( 0.4237500000000006262, -1.130000000000000338, 0.000000000000000000 ) ) ;
#1777 = FACE_OUTER_BOUND ( 'NONE', #900, .T. ) ;
#1778 = EDGE_LOOP ( 'NONE', ( #458, #416, #1184, #1834 ) ) ;
#1779 = DIRECTION ( 'NONE',  ( 1.000000000000000000, 0.000000000000000000, 0.000000000000000000 ) ) ;
#1780 = EDGE_CURVE ( 'NONE', #420, #1820, #1195, .T. ) ;
#1781 = CARTESIAN_POINT ( 'NONE',  ( 0.2250000000000000611, 0.2125000000000000222, 0.000000000000000000 ) ) ;
#1782 = VECTOR ( 'NONE', #566, 39.37007874015748143 ) ;
#1783 = VECTOR ( 'NONE', #183, 39.37007874015748143 ) ;
#1784 = EDGE_CURVE ( 'NONE', #1820, #1296, #812, .T. ) ;
#1785 = EDGE_CURVE ( 'NONE', #1906, #1356, #1744, .T. ) ;
#1786 = PLANE ( 'NONE',  #837 ) ;
#1787 = VECTOR ( 'NONE', #1721, 39.37007874015748143 ) ;
#1788 = VERTEX_POINT ( 'NONE', #367 ) ;
#1789 = CARTESIAN_POINT ( 'NONE',  ( -0.4862500000000006262, -1.080629921259842252, 0.2999999999999999889 ) ) ;
#1790 = CARTESIAN_POINT ( 'NONE',  ( -0.4862500000000006262, 1.231870078740157970, 0.2596299199999999585 ) ) ;
#1791 = VERTEX_POINT ( 'NONE', #1910 ) ;
#1792 = CARTESIAN_POINT ( 'NONE',  ( -0.6999999999999997335, -1.125000000000000000, 0.1999999999999999833 ) ) ;
#1793 = DIRECTION ( 'NONE',  ( 0.000000000000000000, -0.000000000000000000, 1.000000000000000000 ) ) ;
#1794 = ORIENTED_EDGE ( 'NONE', *, *, #1196, .T. ) ;
#1795 = CARTESIAN_POINT ( 'NONE',  ( -0.4237500000000006262, -1.192500000000000115, 0.000000000000000000 ) ) ;
#1796 = ORIENTED_EDGE ( 'NONE', *, *, #1082, .T. ) ;
#1797 = CARTESIAN_POINT ( 'NONE',  ( -0.4862500000000006262, 1.192500000000000115, 0.000000000000000000 ) ) ;
#1798 = EDGE_CURVE ( 'NONE', #1666, #597, #524, .T. ) ;
#1799 = ORIENTED_EDGE ( 'NONE', *, *, #262, .F. ) ;
#1800 = DIRECTION ( 'NONE',  ( -0.000000000000000000, -0.000000000000000000, -1.000000000000000000 ) ) ;
#1801 = CARTESIAN_POINT ( 'NONE',  ( 0.4237500000000005707, -1.080629921259842252, 0.2596299199999999585 ) ) ;
#1802 = AXIS2_PLACEMENT_3D ( 'NONE', #502, #943, #1863 ) ;
#1803 = VERTEX_POINT ( 'NONE', #1789 ) ;
#1804 = CARTESIAN_POINT ( 'NONE',  ( -0.4862500000000006262, 1.080629921259842252, 0.2596299199999999585 ) ) ;
#1805 = AXIS2_PLACEMENT_3D ( 'NONE', #474, #1227, #765 ) ;
#1806 = ADVANCED_FACE ( 'NONE', ( #884 ), #1347, .F. ) ;
#1807 = CARTESIAN_POINT ( 'NONE',  ( 0.2875000000000000333, 0.2750000000000000222, 0.1350000000000000644 ) ) ;
#1808 = EDGE_CURVE ( 'NONE', #138, #22, #1885, .T. ) ;
#1809 = CYLINDRICAL_SURFACE ( 'NONE', #689, 0.09375000000000005551 ) ;
#1810 = ORIENTED_EDGE ( 'NONE', *, *, #1147, .F. ) ;
#1811 = LINE ( 'NONE', #573, #1441 ) ;
#1812 = CARTESIAN_POINT ( 'NONE',  ( 0.4862500000000005151, 1.231870078740157970, 0.2596299199999999585 ) ) ;
#1813 = EDGE_LOOP ( 'NONE', ( #1194, #1465 ) ) ;
#1814 = LINE ( 'NONE', #429, #1976 ) ;
#1815 = VECTOR ( 'NONE', #881, 39.37007874015748143 ) ;
#1816 = VECTOR ( 'NONE', #648, 39.37007874015748143 ) ;
#1817 = DIRECTION ( 'NONE',  ( 0.000000000000000000, 0.000000000000000000, 1.000000000000000000 ) ) ;
#1818 = AXIS2_PLACEMENT_3D ( 'NONE', #1140, #384, #1451 ) ;
#1819 = CARTESIAN_POINT ( 'NONE',  ( 0.4862500000000005151, -1.231870078740157970, 0.2596299199999999585 ) ) ;
#1820 = VERTEX_POINT ( 'NONE', #745 ) ;
#1821 = CARTESIAN_POINT ( 'NONE',  ( -0.4237500000000004041, 1.119999999999999885, 0.000000000000000000 ) ) ;
#1822 = DIRECTION ( 'NONE',  ( 0.000000000000000000, 0.000000000000000000, 1.000000000000000000 ) ) ;
#1823 = ORIENTED_EDGE ( 'NONE', *, *, #49, .T. ) ;
#1824 = DIRECTION ( 'NONE',  ( 0.000000000000000000, -0.000000000000000000, 1.000000000000000000 ) ) ;
#1825 = ADVANCED_FACE ( 'NONE', ( #1483 ), #1519, .T. ) ;
#1826 = CARTESIAN_POINT ( 'NONE',  ( -0.4862500000000006262, 1.169370078740157970, 0.2596299199999999585 ) ) ;
#1827 = CARTESIAN_POINT ( 'NONE',  ( -0.4237500000000006262, 1.169370078740157970, 0.000000000000000000 ) ) ;
#1828 = CARTESIAN_POINT ( 'NONE',  ( 0.2875000000000000333, 0.2750000000000000222, 0.000000000000000000 ) ) ;
#1829 = DIRECTION ( 'NONE',  ( -1.000000000000000000, -0.000000000000000000, -0.000000000000000000 ) ) ;
#1830 = CARTESIAN_POINT ( 'NONE',  ( -0.9999999999999998890, -1.499999999999999778, 0.2999999999999999889 ) ) ;
#1831 = ORIENTED_EDGE ( 'NONE', *, *, #1174, .T. ) ;
#1832 = CARTESIAN_POINT ( 'NONE',  ( -0.4237500000000006262, 1.080629921259842252, 0.2596299199999999585 ) ) ;
#1833 = DIRECTION ( 'NONE',  ( 1.000000000000000000, 0.000000000000000000, 0.000000000000000000 ) ) ;
#1834 = ORIENTED_EDGE ( 'NONE', *, *, #57, .F. ) ;
#1835 = EDGE_CURVE ( 'NONE', #805, #1852, #549, .T. ) ;
#1836 = CARTESIAN_POINT ( 'NONE',  ( 0.4237500000000005707, -1.018129921259842252, 0.2999999999999999889 ) ) ;
#1837 = VERTEX_POINT ( 'NONE', #1039 ) ;
#1838 = FACE_OUTER_BOUND ( 'NONE', #176, .T. ) ;
#1839 = VECTOR ( 'NONE', #439, 39.37007874015748143 ) ;
#1840 = ORIENTED_EDGE ( 'NONE', *, *, #1285, .F. ) ;
#1841 = VECTOR ( 'NONE', #1855, 39.37007874015748143 ) ;
#1842 = ORIENTED_EDGE ( 'NONE', *, *, #20, .F. ) ;
#1843 = CARTESIAN_POINT ( 'NONE',  ( 0.4862500000000006262, -1.057499999999999885, 0.000000000000000000 ) ) ;
#1844 = DIRECTION ( 'NONE',  ( 0.000000000000000000, -0.000000000000000000, -1.000000000000000000 ) ) ;
#1845 = ORIENTED_EDGE ( 'NONE', *, *, #410, .T. ) ;
#1846 = ADVANCED_FACE ( 'NONE', ( #284, #1504 ), #1959, .T. ) ;
#1847 = CARTESIAN_POINT ( 'NONE',  ( 0.4862500000000006262, 1.119999999999999885, 0.2596299199999999585 ) ) ;
#1848 = EDGE_CURVE ( 'NONE', #1578, #830, #1364, .T. ) ;
#1849 = ORIENTED_EDGE ( 'NONE', *, *, #912, .T. ) ;
#1850 = CARTESIAN_POINT ( 'NONE',  ( -0.4237500000000006817, -1.169370078740157970, 0.2596299199999999585 ) ) ;
#1851 = AXIS2_PLACEMENT_3D ( 'NONE', #1998, #613, #1547 ) ;
#1852 = VERTEX_POINT ( 'NONE', #593 ) ;
#1853 = AXIS2_PLACEMENT_3D ( 'NONE', #1525, #379, #236 ) ;
#1854 = CARTESIAN_POINT ( 'NONE',  ( 0.4237500000000005707, 1.192500000000000115, 0.000000000000000000 ) ) ;
#1855 = DIRECTION ( 'NONE',  ( 0.000000000000000000, 0.000000000000000000, -1.000000000000000000 ) ) ;
#1856 = ORIENTED_EDGE ( 'NONE', *, *, #880, .T. ) ;
#1857 = UNCERTAINTY_MEASURE_WITH_UNIT (LENGTH_MEASURE( 1.000000000000000082E-05 ), #995, 'distance_accuracy_value', 'NONE');
#1858 = LINE ( 'NONE', #1987, #574 ) ;
#1859 = ORIENTED_EDGE ( 'NONE', *, *, #460, .T. ) ;
#1860 = CARTESIAN_POINT ( 'NONE',  ( 0.2250000000000000611, 0.2125000000000000500, 0.1350000000000000089 ) ) ;
#1861 = ORIENTED_EDGE ( 'NONE', *, *, #204, .F. ) ;
#1862 = EDGE_CURVE ( 'NONE', #531, #487, #294, .T. ) ;
#1863 = DIRECTION ( 'NONE',  ( -1.000000000000000000, 0.000000000000000000, 0.000000000000000000 ) ) ;
#1864 = LINE ( 'NONE', #1598, #1492 ) ;
#1865 = AXIS2_PLACEMENT_3D ( 'NONE', #1952, #1521, #148 ) ;
#1866 = PLANE ( 'NONE',  #127 ) ;
#1867 = ORIENTED_EDGE ( 'NONE', *, *, #634, .F. ) ;
#1868 = CARTESIAN_POINT ( 'NONE',  ( 0.4237500000000006262, 1.169370078740157970, 0.2999999999999999889 ) ) ;
#1869 = EDGE_CURVE ( 'NONE', #53, #581, #177, .T. ) ;
#1870 = CIRCLE ( 'NONE', #32, 0.06250000000000001388 ) ;
#1871 = ORIENTED_EDGE ( 'NONE', *, *, #1355, .T. ) ;
#1872 = VECTOR ( 'NONE', #457, 39.37007874015748143 ) ;
#1873 = EDGE_CURVE ( 'NONE', #885, #1520, #1724, .T. ) ;
#1874 = FACE_OUTER_BOUND ( 'NONE', #838, .T. ) ;
#1875 =( NAMED_UNIT ( * ) SI_UNIT ( $, .STERADIAN. ) SOLID_ANGLE_UNIT ( ) );
#1876 = ORIENTED_EDGE ( 'NONE', *, *, #1171, .F. ) ;
#1877 = CARTESIAN_POINT ( 'NONE',  ( 1.000000000000000222, -1.499999999999999778, 0.2999999999999999889 ) ) ;
#1878 = AXIS2_PLACEMENT_3D ( 'NONE', #951, #334, #156 ) ;
#1879 = ORIENTED_EDGE ( 'NONE', *, *, #386, .F. ) ;
#1880 = CARTESIAN_POINT ( 'NONE',  ( 0.4862500000000006262, 1.130000000000000338, 0.000000000000000000 ) ) ;
#1881 = ORIENTED_EDGE ( 'NONE', *, *, #1798, .T. ) ;
#1882 = LINE ( 'NONE', #1238, #639 ) ;
#1883 = VECTOR ( 'NONE', #569, 39.37007874015748143 ) ;
#1884 = DIRECTION ( 'NONE',  ( 0.000000000000000000, -0.000000000000000000, -1.000000000000000000 ) ) ;
#1885 = CIRCLE ( 'NONE', #361, 0.06250000000000001388 ) ;
#1886 = DIRECTION ( 'NONE',  ( -1.000000000000000000, 0.000000000000000000, 0.000000000000000000 ) ) ;
#1887 = EDGE_CURVE ( 'NONE', #332, #1609, #724, .T. ) ;
#1888 = ORIENTED_EDGE ( 'NONE', *, *, #814, .T. ) ;
#1889 = CARTESIAN_POINT ( 'NONE',  ( -0.4862500000000006262, 1.130000000000000115, 0.2596299199999999585 ) ) ;
#1890 = ORIENTED_EDGE ( 'NONE', *, *, #74, .F. ) ;
#1891 = DIRECTION ( 'NONE',  ( 1.000000000000000000, -0.000000000000000000, 0.000000000000000000 ) ) ;
#1892 = DIRECTION ( 'NONE',  ( -0.000000000000000000, 0.000000000000000000, 1.000000000000000000 ) ) ;
#1893 = DIRECTION ( 'NONE',  ( 0.000000000000000000, 1.000000000000000000, 0.000000000000000000 ) ) ;
#1894 = ORIENTED_EDGE ( 'NONE', *, *, #17, .T. ) ;
#1895 = EDGE_CURVE ( 'NONE', #1650, #150, #263, .T. ) ;
#1896 = CARTESIAN_POINT ( 'NONE',  ( -0.9999999999999998890, -0.2750000000000001887, 0.000000000000000000 ) ) ;
#1897 = EDGE_CURVE ( 'NONE', #531, #1034, #419, .T. ) ;
#1898 =( NAMED_UNIT ( * ) PLANE_ANGLE_UNIT ( ) SI_UNIT ( $, .RADIAN. ) );
#1899 = ORIENTED_EDGE ( 'NONE', *, *, #1895, .F. ) ;
#1900 = CARTESIAN_POINT ( 'NONE',  ( 0.2250000000000000611, -0.2125000000000000500, 0.1350000000000000089 ) ) ;
#1901 = ORIENTED_EDGE ( 'NONE', *, *, #20, .T. ) ;
#1902 = DIRECTION ( 'NONE',  ( -0.000000000000000000, 0.000000000000000000, 1.000000000000000000 ) ) ;
#1903 = LINE ( 'NONE', #1571, #1787 ) ;
#1904 = CARTESIAN_POINT ( 'NONE',  ( -0.6062499999999997335, -1.125000000000000000, 0.1999999999999999833 ) ) ;
#1905 = PLANE ( 'NONE',  #1087 ) ;
#1906 = VERTEX_POINT ( 'NONE', #1638 ) ;
#1907 = CARTESIAN_POINT ( 'NONE',  ( -0.4237500000000006262, 1.018129921259842252, 0.2999999999999999889 ) ) ;
#1908 = ORIENTED_EDGE ( 'NONE', *, *, #1310, .F. ) ;
#1909 = AXIS2_PLACEMENT_3D ( 'NONE', #1821, #456, #1961 ) ;
#1910 = CARTESIAN_POINT ( 'NONE',  ( -0.6499999999999999112, -0.2125000000000000500, 0.000000000000000000 ) ) ;
#1911 = LINE ( 'NONE', #1790, #969 ) ;
#1912 = VECTOR ( 'NONE', #1829, 39.37007874015748143 ) ;
#1913 = CIRCLE ( 'NONE', #78, 0.1624999999999999778 ) ;
#1914 = LINE ( 'NONE', #709, #9 ) ;
#1915 = AXIS2_PLACEMENT_3D ( 'NONE', #1977, #1298, #1145 ) ;
#1916 = CARTESIAN_POINT ( 'NONE',  ( -0.4237500000000006262, -1.130000000000000338, 0.000000000000000000 ) ) ;
#1917 = VECTOR ( 'NONE', #1091, 39.37007874015748143 ) ;
#1918 = PRODUCT_CONTEXT ( 'NONE', #50, 'mechanical' ) ;
#1919 = LINE ( 'NONE', #1292, #965 ) ;
#1920 = ORIENTED_EDGE ( 'NONE', *, *, #1447, .T. ) ;
#1921 = ADVANCED_FACE ( 'NONE', ( #254 ), #714, .F. ) ;
#1922 = CARTESIAN_POINT ( 'NONE',  ( -0.5374999999999997558, -1.125000000000000000, 0.2999999999999999889 ) ) ;
#1923 = FACE_OUTER_BOUND ( 'NONE', #713, .T. ) ;
#1924 = DIRECTION ( 'NONE',  ( 0.000000000000000000, 0.000000000000000000, 1.000000000000000000 ) ) ;
#1925 = CARTESIAN_POINT ( 'NONE',  ( -0.4862500000000006262, 1.169370078740157970, 0.000000000000000000 ) ) ;
#1926 = DIRECTION ( 'NONE',  ( 0.000000000000000000, -0.000000000000000000, -1.000000000000000000 ) ) ;
#1927 = EDGE_LOOP ( 'NONE', ( #1430, #1551, #1282, #480, #1484, #1717, #1655, #73 ) ) ;
#1928 = ADVANCED_FACE ( 'NONE', ( #564 ), #1177, .T. ) ;
#1929 = LINE ( 'NONE', #1443, #331 ) ;
#1930 = CARTESIAN_POINT ( 'NONE',  ( 0.4237500000000005707, 1.018129921259842252, 0.2999999999999999889 ) ) ;
#1931 = ADVANCED_FACE ( 'NONE', ( #1646 ), #1809, .F. ) ;
#1932 = ADVANCED_FACE ( 'NONE', ( #1999 ), #924, .F. ) ;
#1933 = DIRECTION ( 'NONE',  ( -1.000000000000000000, 1.404549096999619296E-16, -0.000000000000000000 ) ) ;
#1934 = VECTOR ( 'NONE', #1270, 39.37007874015748143 ) ;
#1935 = DIRECTION ( 'NONE',  ( 0.000000000000000000, -1.000000000000000000, 0.000000000000000000 ) ) ;
#1936 =( GEOMETRIC_REPRESENTATION_CONTEXT ( 3 ) GLOBAL_UNCERTAINTY_ASSIGNED_CONTEXT ( ( #1097 ) ) GLOBAL_UNIT_ASSIGNED_CONTEXT ( ( #199, #1248, #1875 ) ) REPRESENTATION_CONTEXT ( 'NONE', 'WORKASPACE' ) );
#1937 = DIRECTION ( 'NONE',  ( -0.000000000000000000, -0.000000000000000000, 1.000000000000000000 ) ) ;
#1938 = ORIENTED_EDGE ( 'NONE', *, *, #312, .T. ) ;
#1939 = DIRECTION ( 'NONE',  ( 1.000000000000000000, 0.000000000000000000, -0.000000000000000000 ) ) ;
#1940 = CARTESIAN_POINT ( 'NONE',  ( -0.4237500000000006262, 1.130000000000000115, 0.2596299199999999585 ) ) ;
#1941 = VERTEX_POINT ( 'NONE', #773 ) ;
#1942 = CARTESIAN_POINT ( 'NONE',  ( -0.6999999999999997335, 1.125000000000000000, 0.1999999999999999833 ) ) ;
#1943 = CARTESIAN_POINT ( 'NONE',  ( -0.4237500000000006817, -1.231870078740157970, 0.2596299199999999585 ) ) ;
#1944 = VERTEX_POINT ( 'NONE', #1392 ) ;
#1945 = VECTOR ( 'NONE', #1537, 39.37007874015748143 ) ;
#1946 = DIRECTION ( 'NONE',  ( 1.000000000000000000, 0.000000000000000000, 0.000000000000000000 ) ) ;
#1947 = AXIS2_PLACEMENT_3D ( 'NONE', #1256, #1276, #1559 ) ;
#1948 = ORIENTED_EDGE ( 'NONE', *, *, #1637, .F. ) ;
#1949 = ORIENTED_EDGE ( 'NONE', *, *, #74, .T. ) ;
#1950 = DIRECTION ( 'NONE',  ( -1.000000000000000000, 0.000000000000000000, 0.000000000000000000 ) ) ;
#1951 = ORIENTED_EDGE ( 'NONE', *, *, #546, .T. ) ;
#1952 = CARTESIAN_POINT ( 'NONE',  ( 0.4237500000000005707, 1.130000000000000338, 0.000000000000000000 ) ) ;
#1953 = CARTESIAN_POINT ( 'NONE',  ( 0.4237500000000006262, -1.169370078740157970, 0.000000000000000000 ) ) ;
#1954 = ORIENTED_EDGE ( 'NONE', *, *, #498, .T. ) ;
#1955 = PLANE ( 'NONE',  #778 ) ;
#1956 = EDGE_CURVE ( 'NONE', #1733, #1220, #10, .T. ) ;
#1957 = AXIS2_PLACEMENT_3D ( 'NONE', #1767, #382, #1640 ) ;
#1958 = LINE ( 'NONE', #1063, #1258 ) ;
#1959 = PLANE ( 'NONE',  #1562 ) ;
#1960 = VERTEX_POINT ( 'NONE', #91 ) ;
#1961 = DIRECTION ( 'NONE',  ( -1.000000000000000000, 0.000000000000000000, 0.000000000000000000 ) ) ;
#1962 = CARTESIAN_POINT ( 'NONE',  ( 0.4862500000000006262, -1.057499999999999885, 0.000000000000000000 ) ) ;
#1963 = EDGE_LOOP ( 'NONE', ( #319, #144, #746, #1170 ) ) ;
#1964 = AXIS2_PLACEMENT_3D ( 'NONE', #1962, #1649, #1793 ) ;
#1965 = CYLINDRICAL_SURFACE ( 'NONE', #841, 0.06250000000000001388 ) ;
#1966 = AXIS2_PLACEMENT_3D ( 'NONE', #1232, #469, #598 ) ;
#1967 = ORIENTED_EDGE ( 'NONE', *, *, #1295, .T. ) ;
#1968 = DIRECTION ( 'NONE',  ( 0.000000000000000000, 0.000000000000000000, 1.000000000000000000 ) ) ;
#1969 = ORIENTED_EDGE ( 'NONE', *, *, #1873, .T. ) ;
#1970 = EDGE_CURVE ( 'NONE', #1553, #437, #559, .T. ) ;
#1971 = DIRECTION ( 'NONE',  ( -0.000000000000000000, 0.000000000000000000, 1.000000000000000000 ) ) ;
#1972 = CARTESIAN_POINT ( 'NONE',  ( -0.5374999999999997558, -1.125000000000000000, 0.1999999999999999833 ) ) ;
#1973 = ORIENTED_EDGE ( 'NONE', *, *, #839, .F. ) ;
#1974 = CARTESIAN_POINT ( 'NONE',  ( -0.9999999999999998890, -0.2750000000000000222, -2.074246851269153424 ) ) ;
#1975 = DIRECTION ( 'NONE',  ( -1.000000000000000000, -0.000000000000000000, -0.000000000000000000 ) ) ;
#1976 = VECTOR ( 'NONE', #1665, 39.37007874015748143 ) ;
#1977 = CARTESIAN_POINT ( 'NONE',  ( 0.000000000000000000, 0.000000000000000000, 0.1350000000000000089 ) ) ;
#1978 = VECTOR ( 'NONE', #244, 39.37007874015748143 ) ;
#1979 = ORIENTED_EDGE ( 'NONE', *, *, #370, .T. ) ;
#1980 = AXIS2_PLACEMENT_3D ( 'NONE', #741, #26, #638 ) ;
#1981 = DIRECTION ( 'NONE',  ( 0.000000000000000000, 0.000000000000000000, 1.000000000000000000 ) ) ;
#1982 = ORIENTED_EDGE ( 'NONE', *, *, #634, .T. ) ;
#1983 = ADVANCED_FACE ( 'NONE', ( #1418 ), #1651, .F. ) ;
#1984 = DIRECTION ( 'NONE',  ( 0.000000000000000000, -0.000000000000000000, -1.000000000000000000 ) ) ;
#1985 = DIRECTION ( 'NONE',  ( 1.000000000000000000, -0.000000000000000000, -0.000000000000000000 ) ) ;
#1986 = VERTEX_POINT ( 'NONE', #1826 ) ;
#1987 = CARTESIAN_POINT ( 'NONE',  ( -0.7124999999999998002, 0.2750000000000000222, 0.1350000000000000644 ) ) ;
#1988 = CARTESIAN_POINT ( 'NONE',  ( -0.5374999999999997558, 1.125000000000000000, 0.1999999999999999833 ) ) ;
#1989 = CARTESIAN_POINT ( 'NONE',  ( 0.4862500000000006262, -1.119999999999999885, 0.000000000000000000 ) ) ;
#1990 = ORIENTED_EDGE ( 'NONE', *, *, #599, .T. ) ;
#1991 = CYLINDRICAL_SURFACE ( 'NONE', #1909, 0.06250000000000001388 ) ;
#1992 = DIRECTION ( 'NONE',  ( -0.000000000000000000, -0.000000000000000000, 1.000000000000000000 ) ) ;
#1993 = VERTEX_POINT ( 'NONE', #840 ) ;
#1994 = EDGE_CURVE ( 'NONE', #785, #121, #529, .T. ) ;
#1995 = ADVANCED_FACE ( 'NONE', ( #1772 ), #92, .F. ) ;
#1996 = ORIENTED_EDGE ( 'NONE', *, *, #464, .T. ) ;
#1997 = CIRCLE ( 'NONE', #1611, 0.09375000000000005551 ) ;
#1998 = CARTESIAN_POINT ( 'NONE',  ( 0.4237500000000006262, 1.080629921259842252, 0.000000000000000000 ) ) ;
#1999 = FACE_OUTER_BOUND ( 'NONE', #12, .T. ) ;
#2000 = CARTESIAN_POINT ( 'NONE',  ( -0.7124999999999998002, 0.2125000000000000222, 0.1350000000000000366 ) ) ;
#2001 = ORIENTED_EDGE ( 'NONE', *, *, #950, .T. ) ;
ENDSEC;
END-ISO-10303-21;
