ISO-10303-21;
HEADER;
FILE_DESCRIPTION (( 'STEP AP214' ),
    '1' );
FILE_NAME ('Lid1.STEP',
    '2026-04-21T18:57:08',
    ( '' ),
    ( '' ),
    'SwSTEP 2.0',
    'SolidWorks 2025',
    '' );
FILE_SCHEMA (( 'AUTOMOTIVE_DESIGN' ));
ENDSEC;

DATA;
#1 = PLANE ( 'NONE',  #820 ) ;
#2 = AXIS2_PLACEMENT_3D ( 'NONE', #1544, #144, #118 ) ;
#3 = VERTEX_POINT ( 'NONE', #1385 ) ;
#4 = ORIENTED_EDGE ( 'NONE', *, *, #1704, .F. ) ;
#5 = DIRECTION ( 'NONE',  ( -0.000000000000000000, -0.000000000000000000, -1.000000000000000000 ) ) ;
#6 = DIRECTION ( 'NONE',  ( 0.000000000000000000, 0.000000000000000000, -1.000000000000000000 ) ) ;
#7 = ADVANCED_FACE ( 'NONE', ( #476 ), #1102, .F. ) ;
#8 = ADVANCED_FACE ( 'NONE', ( #143 ), #135, .F. ) ;
#9 = CARTESIAN_POINT ( 'NONE',  ( -0.5374999999999997558, -1.125000000000000000, 0.1999999999999999833 ) ) ;
#10 = FACE_OUTER_BOUND ( 'NONE', #130, .T. ) ;
#11 = VECTOR ( 'NONE', #1878, 39.37007874015748143 ) ;
#12 = ORIENTED_EDGE ( 'NONE', *, *, #990, .F. ) ;
#13 = ORIENTED_EDGE ( 'NONE', *, *, #140, .T. ) ;
#14 = AXIS2_PLACEMENT_3D ( 'NONE', #224, #581, #1192 ) ;
#15 = CARTESIAN_POINT ( 'NONE',  ( 0.4074999999999998623, 1.019379921259842448, 0.2999999999999999889 ) ) ;
#16 = DIRECTION ( 'NONE',  ( 1.000000000000000000, -0.000000000000000000, -0.000000000000000000 ) ) ;
#17 = CARTESIAN_POINT ( 'NONE',  ( 0.2250000000000000611, 0.2125000000000000500, 0.1350000000000000644 ) ) ;
#18 = CARTESIAN_POINT ( 'NONE',  ( -0.4074999999999999734, 1.191249999999999920, 0.000000000000000000 ) ) ;
#19 = ORIENTED_EDGE ( 'NONE', *, *, #1608, .T. ) ;
#20 = ORIENTED_EDGE ( 'NONE', *, *, #869, .F. ) ;
#21 = ORIENTED_EDGE ( 'NONE', *, *, #1257, .T. ) ;
#22 = DIRECTION ( 'NONE',  ( -1.000000000000000000, 0.000000000000000000, 0.000000000000000000 ) ) ;
#23 = CARTESIAN_POINT ( 'NONE',  ( 0.4074999999999998623, 1.128750000000000142, 0.000000000000000000 ) ) ;
#24 = DIRECTION ( 'NONE',  ( -0.000000000000000000, -0.000000000000000000, -1.000000000000000000 ) ) ;
#25 = DIRECTION ( 'NONE',  ( 0.000000000000000000, 0.000000000000000000, -1.000000000000000000 ) ) ;
#26 = ORIENTED_EDGE ( 'NONE', *, *, #779, .T. ) ;
#27 = AXIS2_PLACEMENT_3D ( 'NONE', #1933, #1804, #1014 ) ;
#28 = ADVANCED_FACE ( 'NONE', ( #1394 ), #1, .T. ) ;
#29 = ORIENTED_EDGE ( 'NONE', *, *, #907, .F. ) ;
#30 = DIRECTION ( 'NONE',  ( -1.000000000000000000, -0.000000000000000000, -0.000000000000000000 ) ) ;
#31 = AXIS2_PLACEMENT_3D ( 'NONE', #855, #1479, #80 ) ;
#32 = FACE_OUTER_BOUND ( 'NONE', #1393, .T. ) ;
#33 = DIRECTION ( 'NONE',  ( -0.000000000000000000, -0.000000000000000000, -1.000000000000000000 ) ) ;
#34 = DIRECTION ( 'NONE',  ( -1.000000000000000000, 0.000000000000000000, 0.000000000000000000 ) ) ;
#35 = AXIS2_PLACEMENT_3D ( 'NONE', #308, #1880, #1401 ) ;
#36 = VECTOR ( 'NONE', #1771, 39.37007874015748143 ) ;
#37 = CARTESIAN_POINT ( 'NONE',  ( -0.9999999999999998890, -0.2750000000000001887, 0.000000000000000000 ) ) ;
#38 = DIRECTION ( 'NONE',  ( -0.000000000000000000, 0.000000000000000000, 1.000000000000000000 ) ) ;
#39 = VERTEX_POINT ( 'NONE', #1233 ) ;
#40 = ORIENTED_EDGE ( 'NONE', *, *, #1775, .T. ) ;
#41 = CARTESIAN_POINT ( 'NONE',  ( 1.000000000000000222, -1.499999999999999778, 0.2999999999999999889 ) ) ;
#42 = VECTOR ( 'NONE', #1727, 39.37007874015748143 ) ;
#43 = ADVANCED_FACE ( 'NONE', ( #1854 ), #303, .F. ) ;
#44 = DIRECTION ( 'NONE',  ( -0.000000000000000000, -0.000000000000000000, 1.000000000000000000 ) ) ;
#45 = DIRECTION ( 'NONE',  ( -0.000000000000000000, -0.000000000000000000, 1.000000000000000000 ) ) ;
#46 = ADVANCED_FACE ( 'NONE', ( #10 ), #623, .F. ) ;
#47 = CARTESIAN_POINT ( 'NONE',  ( -0.4074999999999999734, 1.128750000000000142, 0.000000000000000000 ) ) ;
#48 = CARTESIAN_POINT ( 'NONE',  ( 0.4699999999999999734, 1.191249999999999920, 0.000000000000000000 ) ) ;
#49 = DIRECTION ( 'NONE',  ( -0.000000000000000000, -0.000000000000000000, 1.000000000000000000 ) ) ;
#50 = AXIS2_PLACEMENT_3D ( 'NONE', #1427, #1468, #358 ) ;
#51 = ORIENTED_EDGE ( 'NONE', *, *, #1599, .F. ) ;
#52 = CARTESIAN_POINT ( 'NONE',  ( -0.4074999999999998623, 1.230620078740157552, 0.2596299199999999585 ) ) ;
#53 = DIRECTION ( 'NONE',  ( -0.000000000000000000, -0.000000000000000000, 1.000000000000000000 ) ) ;
#54 = APPLICATION_PROTOCOL_DEFINITION ( 'draft international standard', 'automotive_design', 1998, #1336 ) ;
#55 = CARTESIAN_POINT ( 'NONE',  ( -0.4074999999999998623, -1.230620078740157552, 0.2999999999999999889 ) ) ;
#56 = CARTESIAN_POINT ( 'NONE',  ( -0.4074999999999999734, -1.121249999999999858, 0.000000000000000000 ) ) ;
#57 = DIRECTION ( 'NONE',  ( 0.000000000000000000, -1.000000000000000000, 0.000000000000000000 ) ) ;
#58 = VERTEX_POINT ( 'NONE', #1093 ) ;
#59 = FACE_BOUND ( 'NONE', #1246, .T. ) ;
#60 = FACE_OUTER_BOUND ( 'NONE', #1989, .T. ) ;
#61 = DIRECTION ( 'NONE',  ( 0.000000000000000000, 0.000000000000000000, 1.000000000000000000 ) ) ;
#62 = LINE ( 'NONE', #1749, #1541 ) ;
#63 = AXIS2_PLACEMENT_3D ( 'NONE', #811, #192, #350 ) ;
#64 = DIRECTION ( 'NONE',  ( 1.000000000000000000, 0.000000000000000000, 0.000000000000000000 ) ) ;
#65 = VECTOR ( 'NONE', #1239, 39.37007874015748143 ) ;
#66 = EDGE_CURVE ( 'NONE', #1942, #385, #1723, .T. ) ;
#67 = ORIENTED_EDGE ( 'NONE', *, *, #1008, .F. ) ;
#68 = DIRECTION ( 'NONE',  ( 0.000000000000000000, -0.000000000000000000, -1.000000000000000000 ) ) ;
#69 = VERTEX_POINT ( 'NONE', #324 ) ;
#70 = CARTESIAN_POINT ( 'NONE',  ( 0.4699999999999999734, 1.191249999999999920, 0.2999999999999999889 ) ) ;
#71 = VECTOR ( 'NONE', #404, 39.37007874015748143 ) ;
#72 = VECTOR ( 'NONE', #1115, 39.37007874015748143 ) ;
#73 = DIRECTION ( 'NONE',  ( 0.000000000000000000, 0.000000000000000000, 1.000000000000000000 ) ) ;
#74 = CARTESIAN_POINT ( 'NONE',  ( -0.4074999999999999734, 1.128750000000000142, 0.000000000000000000 ) ) ;
#75 = DIRECTION ( 'NONE',  ( -1.000000000000000000, 0.000000000000000000, 0.000000000000000000 ) ) ;
#76 = VERTEX_POINT ( 'NONE', #333 ) ;
#77 = CARTESIAN_POINT ( 'NONE',  ( 0.2875000000000000333, 0.2750000000000000222, 0.1350000000000000644 ) ) ;
#78 = ORIENTED_EDGE ( 'NONE', *, *, #1800, .T. ) ;
#79 = LINE ( 'NONE', #1355, #941 ) ;
#80 = DIRECTION ( 'NONE',  ( -1.000000000000000000, 0.000000000000000000, 0.000000000000000000 ) ) ;
#81 = DIRECTION ( 'NONE',  ( 0.000000000000000000, 0.000000000000000000, -1.000000000000000000 ) ) ;
#82 = EDGE_LOOP ( 'NONE', ( #394, #616, #625, #1518 ) ) ;
#83 = CARTESIAN_POINT ( 'NONE',  ( 0.000000000000000000, 0.000000000000000000, 0.2999999999999999889 ) ) ;
#84 = EDGE_CURVE ( 'NONE', #1715, #1563, #1302, .T. ) ;
#85 = VERTEX_POINT ( 'NONE', #342 ) ;
#86 = EDGE_CURVE ( 'NONE', #1418, #96, #1893, .T. ) ;
#87 = ORIENTED_EDGE ( 'NONE', *, *, #88, .F. ) ;
#88 = EDGE_CURVE ( 'NONE', #76, #385, #1454, .T. ) ;
#89 = DIRECTION ( 'NONE',  ( -0.000000000000000000, 0.000000000000000000, 1.000000000000000000 ) ) ;
#90 = DIRECTION ( 'NONE',  ( -1.000000000000000000, 0.000000000000000000, 0.000000000000000000 ) ) ;
#91 =( NAMED_UNIT ( * ) PLANE_ANGLE_UNIT ( ) SI_UNIT ( $, .RADIAN. ) );
#92 = AXIS2_PLACEMENT_3D ( 'NONE', #1863, #466, #1752 ) ;
#93 = CARTESIAN_POINT ( 'NONE',  ( -0.6999999999999997335, 1.125000000000000000, 0.1999999999999999833 ) ) ;
#94 = CIRCLE ( 'NONE', #814, 0.06250000000000001388 ) ;
#95 = CARTESIAN_POINT ( 'NONE',  ( 0.4074999999999998623, -1.081879921259842225, 0.2596299199999999585 ) ) ;
#96 = VERTEX_POINT ( 'NONE', #641 ) ;
#97 = CARTESIAN_POINT ( 'NONE',  ( -0.4699999999999999734, 1.081879921259842225, 0.2999999999999999889 ) ) ;
#98 = ORIENTED_EDGE ( 'NONE', *, *, #545, .F. ) ;
#99 = ORIENTED_EDGE ( 'NONE', *, *, #697, .T. ) ;
#100 = DIRECTION ( 'NONE',  ( 0.000000000000000000, 0.000000000000000000, 1.000000000000000000 ) ) ;
#101 = EDGE_CURVE ( 'NONE', #306, #295, #965, .T. ) ;
#102 = FACE_OUTER_BOUND ( 'NONE', #1146, .T. ) ;
#103 = CARTESIAN_POINT ( 'NONE',  ( -0.4699999999999999734, -1.058750000000000080, 0.000000000000000000 ) ) ;
#104 = AXIS2_PLACEMENT_3D ( 'NONE', #1213, #1833, #430 ) ;
#105 = DIRECTION ( 'NONE',  ( 1.000000000000000000, 0.000000000000000000, 0.000000000000000000 ) ) ;
#106 = AXIS2_PLACEMENT_3D ( 'NONE', #570, #1021, #108 ) ;
#107 = ORIENTED_EDGE ( 'NONE', *, *, #364, .T. ) ;
#108 = DIRECTION ( 'NONE',  ( -1.000000000000000000, 0.000000000000000000, 0.000000000000000000 ) ) ;
#109 = EDGE_LOOP ( 'NONE', ( #152, #1912, #817, #1735 ) ) ;
#110 = EDGE_LOOP ( 'NONE', ( #1971, #626, #1255, #1596, #459, #969, #1590, #972 ) ) ;
#111 = DIMENSIONAL_EXPONENTS ( 1.000000000000000000, 0.000000000000000000, 0.000000000000000000, 0.000000000000000000, 0.000000000000000000, 0.000000000000000000, 0.000000000000000000 ) ;
#112 = DIRECTION ( 'NONE',  ( -0.000000000000000000, -0.000000000000000000, -1.000000000000000000 ) ) ;
#113 = CARTESIAN_POINT ( 'NONE',  ( -0.4699999999999999734, -1.168120078740157552, 0.2999999999999999889 ) ) ;
#114 = PLANE ( 'NONE',  #1655 ) ;
#115 = ADVANCED_FACE ( 'NONE', ( #1128 ), #1432, .F. ) ;
#116 = CARTESIAN_POINT ( 'NONE',  ( 1.000000000000000222, 0.2750000000000001332, 0.000000000000000000 ) ) ;
#117 = ORIENTED_EDGE ( 'NONE', *, *, #531, .T. ) ;
#118 = DIRECTION ( 'NONE',  ( -1.000000000000000000, 0.000000000000000000, 0.000000000000000000 ) ) ;
#119 = ORIENTED_EDGE ( 'NONE', *, *, #647, .T. ) ;
#120 = LINE ( 'NONE', #854, #486 ) ;
#121 = CARTESIAN_POINT ( 'NONE',  ( -0.4074999999999998623, -1.058750000000000080, 0.000000000000000000 ) ) ;
#122 = DIRECTION ( 'NONE',  ( 0.000000000000000000, -0.000000000000000000, -1.000000000000000000 ) ) ;
#123 = EDGE_CURVE ( 'NONE', #1543, #426, #1435, .T. ) ;
#124 = ORIENTED_EDGE ( 'NONE', *, *, #816, .F. ) ;
#125 = ORIENTED_EDGE ( 'NONE', *, *, #663, .F. ) ;
#126 = AXIS2_PLACEMENT_3D ( 'NONE', #1855, #460, #727 ) ;
#127 = FACE_OUTER_BOUND ( 'NONE', #1455, .T. ) ;
#128 = DIRECTION ( 'NONE',  ( -1.000000000000000000, 0.000000000000000000, -0.000000000000000000 ) ) ;
#129 = ORIENTED_EDGE ( 'NONE', *, *, #1597, .F. ) ;
#130 = EDGE_LOOP ( 'NONE', ( #606, #696, #289, #995 ) ) ;
#131 = PLANE ( 'NONE',  #577 ) ;
#132 = PLANE ( 'NONE',  #948 ) ;
#133 = ORIENTED_EDGE ( 'NONE', *, *, #237, .F. ) ;
#134 = VECTOR ( 'NONE', #383, 39.37007874015748143 ) ;
#135 = PLANE ( 'NONE',  #411 ) ;
#136 = ORIENTED_EDGE ( 'NONE', *, *, #1586, .F. ) ;
#137 = ORIENTED_EDGE ( 'NONE', *, *, #766, .T. ) ;
#138 = MANIFOLD_SOLID_BREP ( 'Cut-Extrude6', #252 ) ;
#139 = AXIS2_PLACEMENT_3D ( 'NONE', #205, #528, #973 ) ;
#140 = EDGE_CURVE ( 'NONE', #1809, #772, #1734, .T. ) ;
#141 = CARTESIAN_POINT ( 'NONE',  ( -0.4074999999999998623, 1.121249999999999858, 0.000000000000000000 ) ) ;
#142 = ORIENTED_EDGE ( 'NONE', *, *, #364, .F. ) ;
#143 = FACE_OUTER_BOUND ( 'NONE', #1086, .T. ) ;
#144 = DIRECTION ( 'NONE',  ( 0.000000000000000000, 0.000000000000000000, -1.000000000000000000 ) ) ;
#145 = ORIENTED_EDGE ( 'NONE', *, *, #1830, .T. ) ;
#146 = VERTEX_POINT ( 'NONE', #503 ) ;
#147 = LINE ( 'NONE', #807, #72 ) ;
#148 = ADVANCED_FACE ( 'NONE', ( #953 ), #1585, .F. ) ;
#149 = PLANE ( 'NONE',  #1159 ) ;
#150 = CARTESIAN_POINT ( 'NONE',  ( 0.000000000000000000, 0.000000000000000000, 0.2596299199999999585 ) ) ;
#151 = DIRECTION ( 'NONE',  ( 0.000000000000000000, 0.000000000000000000, -1.000000000000000000 ) ) ;
#152 = ORIENTED_EDGE ( 'NONE', *, *, #1944, .F. ) ;
#153 = DIRECTION ( 'NONE',  ( 0.000000000000000000, 0.000000000000000000, 1.000000000000000000 ) ) ;
#154 = VECTOR ( 'NONE', #962, 39.37007874015748143 ) ;
#155 = ORIENTED_EDGE ( 'NONE', *, *, #174, .T. ) ;
#156 = VERTEX_POINT ( 'NONE', #1755 ) ;
#157 = LINE ( 'NONE', #617, #258 ) ;
#158 = VECTOR ( 'NONE', #775, 39.37007874015748143 ) ;
#159 = AXIS2_PLACEMENT_3D ( 'NONE', #369, #847, #530 ) ;
#160 = VECTOR ( 'NONE', #804, 39.37007874015748143 ) ;
#161 = EDGE_CURVE ( 'NONE', #39, #1919, #1626, .T. ) ;
#162 = CARTESIAN_POINT ( 'NONE',  ( -0.6499999999999999112, -0.2125000000000000500, 0.000000000000000000 ) ) ;
#163 = FACE_OUTER_BOUND ( 'NONE', #1829, .T. ) ;
#164 = DIRECTION ( 'NONE',  ( 0.000000000000000000, 0.000000000000000000, -1.000000000000000000 ) ) ;
#165 = VECTOR ( 'NONE', #214, 39.37007874015748143 ) ;
#166 = VERTEX_POINT ( 'NONE', #1284 ) ;
#167 = ORIENTED_EDGE ( 'NONE', *, *, #756, .T. ) ;
#168 = CIRCLE ( 'NONE', #1304, 0.06250000000000001388 ) ;
#169 = CARTESIAN_POINT ( 'NONE',  ( 0.4074999999999999734, 1.121249999999999858, 0.2596299199999999585 ) ) ;
#170 = LINE ( 'NONE', #1558, #158 ) ;
#171 = LINE ( 'NONE', #1900, #1227 ) ;
#172 = EDGE_CURVE ( 'NONE', #373, #3, #511, .T. ) ;
#173 = DIRECTION ( 'NONE',  ( 0.000000000000000000, 0.000000000000000000, -1.000000000000000000 ) ) ;
#174 = EDGE_CURVE ( 'NONE', #175, #1071, #1781, .T. ) ;
#175 = VERTEX_POINT ( 'NONE', #1481 ) ;
#176 = ORIENTED_EDGE ( 'NONE', *, *, #1243, .F. ) ;
#177 = DIRECTION ( 'NONE',  ( 0.000000000000000000, 1.000000000000000000, 0.000000000000000000 ) ) ;
#178 = ADVANCED_FACE ( 'NONE', ( #1347 ), #1960, .T. ) ;
#179 = DIRECTION ( 'NONE',  ( 1.000000000000000000, 0.000000000000000000, 0.000000000000000000 ) ) ;
#180 = FACE_OUTER_BOUND ( 'NONE', #1274, .T. ) ;
#181 = AXIS2_PLACEMENT_3D ( 'NONE', #386, #720, #742 ) ;
#182 = DIRECTION ( 'NONE',  ( -1.000000000000000000, 0.000000000000000000, 0.000000000000000000 ) ) ;
#183 = CARTESIAN_POINT ( 'NONE',  ( 0.4699999999999999734, -1.058750000000000080, 0.000000000000000000 ) ) ;
#184 = EDGE_CURVE ( 'NONE', #604, #1726, #379, .T. ) ;
#185 = VERTEX_POINT ( 'NONE', #735 ) ;
#186 = VERTEX_POINT ( 'NONE', #704 ) ;
#187 = AXIS2_PLACEMENT_3D ( 'NONE', #1796, #863, #1488 ) ;
#188 = CIRCLE ( 'NONE', #187, 0.06250000000000001388 ) ;
#189 = FACE_OUTER_BOUND ( 'NONE', #1803, .T. ) ;
#190 = CARTESIAN_POINT ( 'NONE',  ( -0.4699999999999999734, -1.081879921259842225, 0.2596299199999999585 ) ) ;
#191 = MECHANICAL_DESIGN_GEOMETRIC_PRESENTATION_REPRESENTATION (  '', ( #283 ), #449 ) ;
#192 = DIRECTION ( 'NONE',  ( 0.000000000000000000, 0.000000000000000000, 1.000000000000000000 ) ) ;
#193 =( LENGTH_UNIT ( ) NAMED_UNIT ( * ) SI_UNIT ( $, .METRE. ) );
#194 = ORIENTED_EDGE ( 'NONE', *, *, #501, .T. ) ;
#195 = ORIENTED_EDGE ( 'NONE', *, *, #1728, .F. ) ;
#196 = CARTESIAN_POINT ( 'NONE',  ( -0.4699999999999999734, 1.019379921259842448, 0.2596299199999999585 ) ) ;
#197 = CIRCLE ( 'NONE', #1602, 0.06250000000000001388 ) ;
#198 = CIRCLE ( 'NONE', #14, 0.1624999999999999778 ) ;
#199 = CARTESIAN_POINT ( 'NONE',  ( -0.6499999999999999112, 0.2125000000000000222, 0.000000000000000000 ) ) ;
#200 = LINE ( 'NONE', #1149, #832 ) ;
#201 = LINE ( 'NONE', #836, #842 ) ;
#202 = CARTESIAN_POINT ( 'NONE',  ( 0.4699999999999999734, 1.168120078740157552, 0.000000000000000000 ) ) ;
#203 = ORIENTED_EDGE ( 'NONE', *, *, #1117, .F. ) ;
#204 = DIRECTION ( 'NONE',  ( -1.000000000000000000, 0.000000000000000000, 0.000000000000000000 ) ) ;
#205 = CARTESIAN_POINT ( 'NONE',  ( -0.6999999999999997335, -1.125000000000000000, 0.2999999999999999889 ) ) ;
#206 = EDGE_CURVE ( 'NONE', #772, #488, #1936, .T. ) ;
#207 = SHAPE_DEFINITION_REPRESENTATION ( #1434, #1840 ) ;
#208 = ADVANCED_FACE ( 'NONE', ( #546 ), #1311, .F. ) ;
#209 = VECTOR ( 'NONE', #217, 39.37007874015748143 ) ;
#210 = DIRECTION ( 'NONE',  ( 0.000000000000000000, 0.000000000000000000, 1.000000000000000000 ) ) ;
#211 = CARTESIAN_POINT ( 'NONE',  ( -0.6499999999999999112, -0.2750000000000001887, 0.000000000000000000 ) ) ;
#212 = CARTESIAN_POINT ( 'NONE',  ( -0.4699999999999999734, 1.058750000000000080, 0.2596299199999999585 ) ) ;
#213 = ORIENTED_EDGE ( 'NONE', *, *, #837, .T. ) ;
#214 = DIRECTION ( 'NONE',  ( 0.000000000000000000, -0.000000000000000000, -1.000000000000000000 ) ) ;
#215 = AXIS2_PLACEMENT_3D ( 'NONE', #725, #1167, #864 ) ;
#216 = ORIENTED_EDGE ( 'NONE', *, *, #1029, .T. ) ;
#217 = DIRECTION ( 'NONE',  ( 0.000000000000000000, -1.000000000000000000, 0.000000000000000000 ) ) ;
#218 = CIRCLE ( 'NONE', #1657, 0.09375000000000005551 ) ;
#219 = CARTESIAN_POINT ( 'NONE',  ( -0.4699999999999999734, 1.168120078740157552, 0.000000000000000000 ) ) ;
#220 = DIRECTION ( 'NONE',  ( -1.000000000000000000, 0.000000000000000000, 0.000000000000000000 ) ) ;
#221 = VECTOR ( 'NONE', #1249, 39.37007874015748143 ) ;
#222 = CARTESIAN_POINT ( 'NONE',  ( -0.6062499999999997335, 1.125000000000000000, 0.000000000000000000 ) ) ;
#223 = ORIENTED_EDGE ( 'NONE', *, *, #266, .T. ) ;
#224 = CARTESIAN_POINT ( 'NONE',  ( -0.6999999999999997335, 1.125000000000000000, 0.2999999999999999889 ) ) ;
#225 = ORIENTED_EDGE ( 'NONE', *, *, #684, .T. ) ;
#226 = LINE ( 'NONE', #731, #71 ) ;
#227 = VECTOR ( 'NONE', #607, 39.37007874015748143 ) ;
#228 = CYLINDRICAL_SURFACE ( 'NONE', #31, 0.06250000000000001388 ) ;
#229 = DIRECTION ( 'NONE',  ( -0.000000000000000000, -0.000000000000000000, 1.000000000000000000 ) ) ;
#230 = ADVANCED_FACE ( 'NONE', ( #1670 ), #1145, .F. ) ;
#231 = EDGE_CURVE ( 'NONE', #1510, #435, #1632, .T. ) ;
#232 = VECTOR ( 'NONE', #1643, 39.37007874015748143 ) ;
#233 = ORIENTED_EDGE ( 'NONE', *, *, #647, .F. ) ;
#234 = DIRECTION ( 'NONE',  ( -1.000000000000000000, 0.000000000000000000, 0.000000000000000000 ) ) ;
#235 = EDGE_LOOP ( 'NONE', ( #1312, #136 ) ) ;
#236 = CARTESIAN_POINT ( 'NONE',  ( -0.9999999999999998890, -0.2750000000000001887, 0.000000000000000000 ) ) ;
#237 = EDGE_CURVE ( 'NONE', #1988, #1184, #399, .T. ) ;
#238 = DIRECTION ( 'NONE',  ( -0.000000000000000000, -0.000000000000000000, -1.000000000000000000 ) ) ;
#239 = CARTESIAN_POINT ( 'NONE',  ( -0.5374999999999997558, 1.125000000000000000, 0.1999999999999999833 ) ) ;
#240 = VERTEX_POINT ( 'NONE', #695 ) ;
#241 = EDGE_CURVE ( 'NONE', #186, #956, #1492, .T. ) ;
#242 = LINE ( 'NONE', #1060, #978 ) ;
#243 = ORIENTED_EDGE ( 'NONE', *, *, #1620, .F. ) ;
#244 = DIRECTION ( 'NONE',  ( 0.000000000000000000, -0.000000000000000000, 1.000000000000000000 ) ) ;
#245 = DIRECTION ( 'NONE',  ( -1.000000000000000000, -0.000000000000000000, -0.000000000000000000 ) ) ;
#246 = AXIS2_PLACEMENT_3D ( 'NONE', #95, #1039, #1152 ) ;
#247 = DIRECTION ( 'NONE',  ( -0.000000000000000000, -0.000000000000000000, 1.000000000000000000 ) ) ;
#248 = VECTOR ( 'NONE', #652, 39.37007874015748143 ) ;
#249 = CARTESIAN_POINT ( 'NONE',  ( 0.4699999999999999734, 1.128750000000000142, 0.000000000000000000 ) ) ;
#250 = DIRECTION ( 'NONE',  ( -0.000000000000000000, -0.000000000000000000, -1.000000000000000000 ) ) ;
#251 = ORIENTED_EDGE ( 'NONE', *, *, #958, .F. ) ;
#252 = CLOSED_SHELL ( 'NONE', ( #597, #685, #305, #1322, #1443, #598, #148, #1334, #1194, #1764, #441, #1388, #818, #1380, #1513, #651, #298, #952, #481, #690, #540, #1807, #1920, #776, #456, #792, #28, #178, #722, #320, #46, #608, #8, #1450, #440, #7, #1317, #1573, #323, #750, #429, #1095, #472, #1688, #671, #230, #376, #208, #827, #115, #1360, #791, #43, #1392, #1991, #267, #666, #1662, #1022, #665 ) ) ;
#253 = CARTESIAN_POINT ( 'NONE',  ( 1.000000000000000222, 0.2749999999999994116, 0.2999999999999999889 ) ) ;
#254 = VERTEX_POINT ( 'NONE', #222 ) ;
#255 = ORIENTED_EDGE ( 'NONE', *, *, #184, .T. ) ;
#256 = CARTESIAN_POINT ( 'NONE',  ( 0.4699999999999999734, 1.191249999999999920, 0.2596299199999999585 ) ) ;
#257 = CARTESIAN_POINT ( 'NONE',  ( -0.4074999999999999734, -1.191249999999999920, 0.2596299199999999030 ) ) ;
#258 = VECTOR ( 'NONE', #1850, 39.37007874015748143 ) ;
#259 = EDGE_CURVE ( 'NONE', #918, #1543, #1027, .T. ) ;
#260 = DIRECTION ( 'NONE',  ( 1.000000000000000000, 0.000000000000000000, 0.000000000000000000 ) ) ;
#261 = VECTOR ( 'NONE', #1987, 39.37007874015748143 ) ;
#262 = ORIENTED_EDGE ( 'NONE', *, *, #1314, .F. ) ;
#263 = DIRECTION ( 'NONE',  ( 0.000000000000000000, 0.000000000000000000, -1.000000000000000000 ) ) ;
#264 = VERTEX_POINT ( 'NONE', #1645 ) ;
#265 = DIRECTION ( 'NONE',  ( -0.000000000000000000, -0.000000000000000000, -1.000000000000000000 ) ) ;
#266 = EDGE_CURVE ( 'NONE', #604, #1709, #1929, .T. ) ;
#267 = ADVANCED_FACE ( 'NONE', ( #1815 ), #532, .F. ) ;
#268 = CARTESIAN_POINT ( 'NONE',  ( -0.9999999999999998890, 0.2750000000000000222, 0.1350000000000000644 ) ) ;
#269 = CYLINDRICAL_SURFACE ( 'NONE', #1116, 0.06250000000000001388 ) ;
#270 = VERTEX_POINT ( 'NONE', #714 ) ;
#271 = EDGE_LOOP ( 'NONE', ( #317, #781, #1821, #788, #1121, #1447, #551, #729, #987, #1080, #133, #1875, #850, #1547, #1977, #1202 ) ) ;
#272 = CYLINDRICAL_SURFACE ( 'NONE', #290, 0.09375000000000005551 ) ;
#273 = VERTEX_POINT ( 'NONE', #1180 ) ;
#274 = CARTESIAN_POINT ( 'NONE',  ( -0.7124999999999998002, 0.2750000000000000222, 0.1350000000000000644 ) ) ;
#275 = CARTESIAN_POINT ( 'NONE',  ( 0.000000000000000000, 0.000000000000000000, 0.000000000000000000 ) ) ;
#276 = CARTESIAN_POINT ( 'NONE',  ( -0.4699999999999999734, 1.121249999999999858, 0.2596299199999999585 ) ) ;
#277 = VECTOR ( 'NONE', #1623, 39.37007874015748143 ) ;
#278 = ORIENTED_EDGE ( 'NONE', *, *, #1389, .F. ) ;
#279 = ORIENTED_EDGE ( 'NONE', *, *, #1389, .T. ) ;
#280 = VECTOR ( 'NONE', #1125, 39.37007874015748143 ) ;
#281 = DIRECTION ( 'NONE',  ( -0.000000000000000000, -0.000000000000000000, 1.000000000000000000 ) ) ;
#282 = AXIS2_PLACEMENT_3D ( 'NONE', #275, #1831, #587 ) ;
#283 = STYLED_ITEM ( 'NONE', ( #1613 ), #138 ) ;
#284 = ORIENTED_EDGE ( 'NONE', *, *, #84, .T. ) ;
#285 = VERTEX_POINT ( 'NONE', #249 ) ;
#286 = LINE ( 'NONE', #1956, #881 ) ;
#287 = CARTESIAN_POINT ( 'NONE',  ( -0.4699999999999999734, 1.019379921259842448, 0.2596299199999999585 ) ) ;
#288 = CIRCLE ( 'NONE', #1739, 0.06250000000000001388 ) ;
#289 = ORIENTED_EDGE ( 'NONE', *, *, #723, .T. ) ;
#290 = AXIS2_PLACEMENT_3D ( 'NONE', #549, #281, #1484 ) ;
#291 = ORIENTED_EDGE ( 'NONE', *, *, #1923, .T. ) ;
#292 = EDGE_CURVE ( 'NONE', #946, #985, #1725, .T. ) ;
#293 = DIRECTION ( 'NONE',  ( -1.000000000000000000, 0.000000000000000000, 0.000000000000000000 ) ) ;
#294 = EDGE_CURVE ( 'NONE', #707, #925, #1428, .T. ) ;
#295 = VERTEX_POINT ( 'NONE', #1005 ) ;
#296 = ORIENTED_EDGE ( 'NONE', *, *, #527, .T. ) ;
#297 = CARTESIAN_POINT ( 'NONE',  ( -0.9999999999999998890, -1.499999999999999778, 0.000000000000000000 ) ) ;
#298 = ADVANCED_FACE ( 'NONE', ( #886 ), #114, .T. ) ;
#299 = EDGE_CURVE ( 'NONE', #1587, #1988, #455, .T. ) ;
#300 = VECTOR ( 'NONE', #490, 39.37007874015748143 ) ;
#301 = DIRECTION ( 'NONE',  ( 1.000000000000000000, -0.000000000000000000, 0.000000000000000000 ) ) ;
#302 = ORIENTED_EDGE ( 'NONE', *, *, #1055, .F. ) ;
#303 = CYLINDRICAL_SURFACE ( 'NONE', #971, 0.06250000000000001388 ) ;
#304 = ORIENTED_EDGE ( 'NONE', *, *, #1692, .F. ) ;
#305 = ADVANCED_FACE ( 'NONE', ( #1242 ), #1262, .F. ) ;
#306 = VERTEX_POINT ( 'NONE', #1882 ) ;
#307 = CARTESIAN_POINT ( 'NONE',  ( 0.4699999999999999734, 1.081879921259842225, 0.2999999999999999889 ) ) ;
#308 = CARTESIAN_POINT ( 'NONE',  ( -0.4074999999999999734, 1.081879921259842225, 0.2999999999999999889 ) ) ;
#309 = DIRECTION ( 'NONE',  ( -0.000000000000000000, -0.000000000000000000, 1.000000000000000000 ) ) ;
#310 = ORIENTED_EDGE ( 'NONE', *, *, #1289, .F. ) ;
#311 = EDGE_LOOP ( 'NONE', ( #787, #457 ) ) ;
#312 = VECTOR ( 'NONE', #368, 39.37007874015748143 ) ;
#313 = ORIENTED_EDGE ( 'NONE', *, *, #568, .T. ) ;
#314 = VERTEX_POINT ( 'NONE', #630 ) ;
#315 = CARTESIAN_POINT ( 'NONE',  ( -0.4074999999999999734, -1.058750000000000080, 0.000000000000000000 ) ) ;
#316 = PRODUCT_DEFINITION_FORMATION_WITH_SPECIFIED_SOURCE ( 'ANY', '', #334, .NOT_KNOWN. ) ;
#317 = ORIENTED_EDGE ( 'NONE', *, *, #632, .F. ) ;
#318 = EDGE_CURVE ( 'NONE', #831, #1877, #1324, .T. ) ;
#319 = DIRECTION ( 'NONE',  ( 0.000000000000000000, 0.000000000000000000, -1.000000000000000000 ) ) ;
#320 = ADVANCED_FACE ( 'NONE', ( #1575 ), #803, .F. ) ;
#321 = DIRECTION ( 'NONE',  ( 1.000000000000000000, 0.000000000000000000, 0.000000000000000000 ) ) ;
#322 = CARTESIAN_POINT ( 'NONE',  ( 0.2250000000000000611, -0.2125000000000000500, 0.000000000000000000 ) ) ;
#323 = ADVANCED_FACE ( 'NONE', ( #812 ), #653, .F. ) ;
#324 = CARTESIAN_POINT ( 'NONE',  ( 0.4699999999999999734, 1.081879921259842225, 0.2596299199999999585 ) ) ;
#325 = VECTOR ( 'NONE', #463, 39.37007874015748143 ) ;
#326 = EDGE_LOOP ( 'NONE', ( #859, #583, #582, #1677 ) ) ;
#327 = ORIENTED_EDGE ( 'NONE', *, *, #624, .F. ) ;
#328 = CARTESIAN_POINT ( 'NONE',  ( -0.9999999999999998890, -0.2750000000000000222, 0.2999999999999999889 ) ) ;
#329 = CARTESIAN_POINT ( 'NONE',  ( -0.8624999999999997113, 1.125000000000000000, 0.1999999999999999833 ) ) ;
#330 = DIRECTION ( 'NONE',  ( 0.000000000000000000, -1.000000000000000000, 0.000000000000000000 ) ) ;
#331 = VECTOR ( 'NONE', #835, 39.37007874015748143 ) ;
#332 = CARTESIAN_POINT ( 'NONE',  ( 0.4074999999999999734, -1.121249999999999858, 0.000000000000000000 ) ) ;
#333 = CARTESIAN_POINT ( 'NONE',  ( -0.4074999999999998623, 1.058750000000000080, 0.000000000000000000 ) ) ;
#334 = PRODUCT ( 'Lid1', 'Lid1', '', ( #1002 ) ) ;
#335 = ORIENTED_EDGE ( 'NONE', *, *, #697, .F. ) ;
#336 = ORIENTED_EDGE ( 'NONE', *, *, #66, .F. ) ;
#337 = CARTESIAN_POINT ( 'NONE',  ( -0.6499999999999999112, 0.000000000000000000, 0.1350000000000000089 ) ) ;
#338 = CARTESIAN_POINT ( 'NONE',  ( -0.4074999999999999734, -1.121249999999999858, 0.000000000000000000 ) ) ;
#339 = CARTESIAN_POINT ( 'NONE',  ( -0.7125000000000000222, -0.2125000000000000500, 0.1350000000000000644 ) ) ;
#340 = CARTESIAN_POINT ( 'NONE',  ( -0.6062499999999997335, -1.125000000000000000, 0.000000000000000000 ) ) ;
#341 = DIRECTION ( 'NONE',  ( 1.000000000000000000, 0.000000000000000000, 0.000000000000000000 ) ) ;
#342 = CARTESIAN_POINT ( 'NONE',  ( 0.4074999999999999734, -1.058750000000000080, 0.000000000000000000 ) ) ;
#343 = ORIENTED_EDGE ( 'NONE', *, *, #512, .T. ) ;
#344 = EDGE_LOOP ( 'NONE', ( #686, #213 ) ) ;
#345 = LINE ( 'NONE', #675, #134 ) ;
#346 = CIRCLE ( 'NONE', #1398, 0.09375000000000005551 ) ;
#347 = CIRCLE ( 'NONE', #35, 0.06250000000000001388 ) ;
#348 = DIRECTION ( 'NONE',  ( 1.000000000000000000, 0.000000000000000000, 0.000000000000000000 ) ) ;
#349 = CARTESIAN_POINT ( 'NONE',  ( 0.4074999999999998623, 1.019379921259842448, 0.2596299199999999585 ) ) ;
#350 = DIRECTION ( 'NONE',  ( 1.000000000000000000, 0.000000000000000000, 0.000000000000000000 ) ) ;
#351 = CARTESIAN_POINT ( 'NONE',  ( -0.9999999999999998890, -1.499999999999999778, 0.2999999999999999889 ) ) ;
#352 = VERTEX_POINT ( 'NONE', #610 ) ;
#353 = EDGE_CURVE ( 'NONE', #831, #1919, #1550, .T. ) ;
#354 = DIRECTION ( 'NONE',  ( 1.000000000000000000, 0.000000000000000000, 0.000000000000000000 ) ) ;
#355 = AXIS2_PLACEMENT_3D ( 'NONE', #1961, #566, #715 ) ;
#356 = VECTOR ( 'NONE', #1766, 39.37007874015748143 ) ;
#357 = FACE_BOUND ( 'NONE', #235, .T. ) ;
#358 = DIRECTION ( 'NONE',  ( 0.000000000000000000, 0.000000000000000000, 1.000000000000000000 ) ) ;
#359 =( NAMED_UNIT ( * ) SI_UNIT ( $, .STERADIAN. ) SOLID_ANGLE_UNIT ( ) );
#360 = FACE_OUTER_BOUND ( 'NONE', #1020, .T. ) ;
#361 = CARTESIAN_POINT ( 'NONE',  ( -0.4074999999999998623, 1.058750000000000080, 0.2596299199999999030 ) ) ;
#362 = ORIENTED_EDGE ( 'NONE', *, *, #1314, .T. ) ;
#363 = DIRECTION ( 'NONE',  ( -0.000000000000000000, -0.000000000000000000, -1.000000000000000000 ) ) ;
#364 = EDGE_CURVE ( 'NONE', #843, #762, #509, .T. ) ;
#365 = ORIENTED_EDGE ( 'NONE', *, *, #1732, .F. ) ;
#366 = LINE ( 'NONE', #349, #1990 ) ;
#367 =( CONVERSION_BASED_UNIT ( 'INCH', #1778 ) LENGTH_UNIT ( ) NAMED_UNIT ( #111 ) );
#368 = DIRECTION ( 'NONE',  ( 0.000000000000000000, 1.000000000000000000, 0.000000000000000000 ) ) ;
#369 = CARTESIAN_POINT ( 'NONE',  ( 0.2875000000000000333, -0.2125000000000000500, 0.000000000000000000 ) ) ;
#370 = CARTESIAN_POINT ( 'NONE',  ( -0.4074999999999999734, 1.081879921259842225, 0.2596299199999999585 ) ) ;
#371 = ORIENTED_EDGE ( 'NONE', *, *, #713, .F. ) ;
#372 = CARTESIAN_POINT ( 'NONE',  ( -0.9999999999999998890, 1.500000000000000444, 0.000000000000000000 ) ) ;
#373 = VERTEX_POINT ( 'NONE', #1780 ) ;
#374 = CARTESIAN_POINT ( 'NONE',  ( 1.000000000000000222, -1.499999999999999778, 0.2999999999999999889 ) ) ;
#375 =( LENGTH_UNIT ( ) NAMED_UNIT ( * ) SI_UNIT ( $, .METRE. ) );
#376 = ADVANCED_FACE ( 'NONE', ( #1126 ), #963, .F. ) ;
#377 = CARTESIAN_POINT ( 'NONE',  ( -0.4074999999999999734, 1.019379921259842448, 0.2596299199999999585 ) ) ;
#378 = VECTOR ( 'NONE', #628, 39.37007874015748143 ) ;
#379 = CIRCLE ( 'NONE', #1370, 0.1624999999999999778 ) ;
#380 = DIRECTION ( 'NONE',  ( -1.000000000000000000, 0.000000000000000000, 0.000000000000000000 ) ) ;
#381 = VERTEX_POINT ( 'NONE', #1321 ) ;
#382 = EDGE_CURVE ( 'NONE', #285, #749, #1770, .T. ) ;
#383 = DIRECTION ( 'NONE',  ( 0.000000000000000000, 0.000000000000000000, 1.000000000000000000 ) ) ;
#384 = ORIENTED_EDGE ( 'NONE', *, *, #1921, .T. ) ;
#385 = VERTEX_POINT ( 'NONE', #500 ) ;
#386 = CARTESIAN_POINT ( 'NONE',  ( -0.6999999999999997335, -1.125000000000000000, 0.1999999999999999833 ) ) ;
#387 = LINE ( 'NONE', #219, #1291 ) ;
#388 = EDGE_CURVE ( 'NONE', #1486, #968, #1453, .T. ) ;
#389 = CARTESIAN_POINT ( 'NONE',  ( -0.4074999999999998623, 1.121249999999999858, 0.000000000000000000 ) ) ;
#390 = CARTESIAN_POINT ( 'NONE',  ( -0.4699999999999999734, 1.019379921259842448, 0.2596299199999999585 ) ) ;
#391 = EDGE_LOOP ( 'NONE', ( #262, #1436, #395, #417 ) ) ;
#392 = DIRECTION ( 'NONE',  ( 0.000000000000000000, 0.000000000000000000, -1.000000000000000000 ) ) ;
#393 = CARTESIAN_POINT ( 'NONE',  ( 0.4074999999999999734, 1.081879921259842225, 0.000000000000000000 ) ) ;
#394 = ORIENTED_EDGE ( 'NONE', *, *, #1111, .F. ) ;
#395 = ORIENTED_EDGE ( 'NONE', *, *, #981, .F. ) ;
#396 = FACE_OUTER_BOUND ( 'NONE', #1636, .T. ) ;
#397 = LINE ( 'NONE', #703, #1698 ) ;
#398 = DIMENSIONAL_EXPONENTS ( 1.000000000000000000, 0.000000000000000000, 0.000000000000000000, 0.000000000000000000, 0.000000000000000000, 0.000000000000000000, 0.000000000000000000 ) ;
#399 = LINE ( 'NONE', #849, #277 ) ;
#400 = ORIENTED_EDGE ( 'NONE', *, *, #1243, .T. ) ;
#401 = LINE ( 'NONE', #888, #422 ) ;
#402 = ORIENTED_EDGE ( 'NONE', *, *, #898, .T. ) ;
#403 = EDGE_LOOP ( 'NONE', ( #1215, #1691 ) ) ;
#404 = DIRECTION ( 'NONE',  ( 0.000000000000000000, 1.000000000000000000, 0.000000000000000000 ) ) ;
#405 = CARTESIAN_POINT ( 'NONE',  ( -0.4699999999999999734, -1.081879921259842225, 0.2999999999999999889 ) ) ;
#406 = DIRECTION ( 'NONE',  ( 0.000000000000000000, 0.000000000000000000, -1.000000000000000000 ) ) ;
#407 = AXIS2_PLACEMENT_3D ( 'NONE', #1673, #1072, #1234 ) ;
#408 = DIRECTION ( 'NONE',  ( 0.000000000000000000, 0.000000000000000000, 1.000000000000000000 ) ) ;
#409 = CIRCLE ( 'NONE', #1328, 0.06250000000000001388 ) ;
#410 = ORIENTED_EDGE ( 'NONE', *, *, #1808, .F. ) ;
#411 = AXIS2_PLACEMENT_3D ( 'NONE', #1995, #1405, #770 ) ;
#412 = CARTESIAN_POINT ( 'NONE',  ( -0.6999999999999997335, 1.125000000000000000, 0.000000000000000000 ) ) ;
#413 = UNCERTAINTY_MEASURE_WITH_UNIT (LENGTH_MEASURE( 1.000000000000000082E-05 ), #367, 'distance_accuracy_value', 'NONE');
#414 = EDGE_CURVE ( 'NONE', #1988, #2001, #680, .T. ) ;
#415 = EDGE_LOOP ( 'NONE', ( #916, #67, #1366, #310 ) ) ;
#416 = EDGE_CURVE ( 'NONE', #426, #1817, #975, .T. ) ;
#417 = ORIENTED_EDGE ( 'NONE', *, *, #1417, .F. ) ;
#418 = CARTESIAN_POINT ( 'NONE',  ( -0.9999999999999998890, 0.2750000000000000222, -2.074246851269153424 ) ) ;
#419 = CARTESIAN_POINT ( 'NONE',  ( -0.7937499999999998446, -1.125000000000000000, 0.1999999999999999833 ) ) ;
#420 = PLANE ( 'NONE',  #784 ) ;
#421 = VECTOR ( 'NONE', #250, 39.37007874015748143 ) ;
#422 = VECTOR ( 'NONE', #1030, 39.37007874015748143 ) ;
#423 = CARTESIAN_POINT ( 'NONE',  ( 0.2875000000000000333, 0.2125000000000000500, -2.074246851269153424 ) ) ;
#424 = ORIENTED_EDGE ( 'NONE', *, *, #86, .F. ) ;
#425 = DIRECTION ( 'NONE',  ( 1.000000000000000000, 0.000000000000000000, 0.000000000000000000 ) ) ;
#426 = VERTEX_POINT ( 'NONE', #1604 ) ;
#427 = DIRECTION ( 'NONE',  ( -0.000000000000000000, -0.000000000000000000, -1.000000000000000000 ) ) ;
#428 = FACE_OUTER_BOUND ( 'NONE', #726, .T. ) ;
#429 = ADVANCED_FACE ( 'NONE', ( #1300 ), #992, .F. ) ;
#430 = DIRECTION ( 'NONE',  ( 1.000000000000000000, 0.000000000000000000, 0.000000000000000000 ) ) ;
#431 = VERTEX_POINT ( 'NONE', #694 ) ;
#432 = ORIENTED_EDGE ( 'NONE', *, *, #1546, .T. ) ;
#433 = DIRECTION ( 'NONE',  ( 0.000000000000000000, -1.000000000000000000, 0.000000000000000000 ) ) ;
#434 = FACE_BOUND ( 'NONE', #1191, .T. ) ;
#435 = VERTEX_POINT ( 'NONE', #1612 ) ;
#436 = ORIENTED_EDGE ( 'NONE', *, *, #1416, .F. ) ;
#437 = FACE_OUTER_BOUND ( 'NONE', #271, .T. ) ;
#438 = EDGE_CURVE ( 'NONE', #1467, #240, #1331, .T. ) ;
#439 = AXIS2_PLACEMENT_3D ( 'NONE', #1091, #25, #1584 ) ;
#440 = ADVANCED_FACE ( 'NONE', ( #904 ), #1188, .F. ) ;
#441 = ADVANCED_FACE ( 'NONE', ( #1036 ), #1669, .T. ) ;
#442 = CARTESIAN_POINT ( 'NONE',  ( 0.4699999999999999734, 1.230620078740157552, 0.2999999999999999889 ) ) ;
#443 = VECTOR ( 'NONE', #1200, 39.37007874015748143 ) ;
#444 = ORIENTED_EDGE ( 'NONE', *, *, #1208, .F. ) ;
#445 = DIRECTION ( 'NONE',  ( 0.000000000000000000, -0.000000000000000000, 1.000000000000000000 ) ) ;
#446 = AXIS2_PLACEMENT_3D ( 'NONE', #1890, #1861, #34 ) ;
#447 =( GEOMETRIC_REPRESENTATION_CONTEXT ( 3 ) GLOBAL_UNCERTAINTY_ASSIGNED_CONTEXT ( ( #413 ) ) GLOBAL_UNIT_ASSIGNED_CONTEXT ( ( #367, #91, #359 ) ) REPRESENTATION_CONTEXT ( 'NONE', 'WORKASPACE' ) );
#448 = AXIS2_PLACEMENT_3D ( 'NONE', #1310, #1928, #1151 ) ;
#449 =( GEOMETRIC_REPRESENTATION_CONTEXT ( 3 ) GLOBAL_UNCERTAINTY_ASSIGNED_CONTEXT ( ( #1466 ) ) GLOBAL_UNIT_ASSIGNED_CONTEXT ( ( #830, #838, #521 ) ) REPRESENTATION_CONTEXT ( 'NONE', 'WORKASPACE' ) );
#450 = ORIENTED_EDGE ( 'NONE', *, *, #661, .F. ) ;
#451 = ORIENTED_EDGE ( 'NONE', *, *, #1708, .F. ) ;
#452 = CARTESIAN_POINT ( 'NONE',  ( 0.4699999999999999734, -1.168120078740157552, 0.2999999999999999889 ) ) ;
#453 = LINE ( 'NONE', #1088, #221 ) ;
#454 = AXIS2_PLACEMENT_3D ( 'NONE', #1523, #1825, #122 ) ;
#455 = LINE ( 'NONE', #322, #1363 ) ;
#456 = ADVANCED_FACE ( 'NONE', ( #1968 ), #420, .F. ) ;
#457 = ORIENTED_EDGE ( 'NONE', *, *, #1660, .T. ) ;
#458 = AXIS2_PLACEMENT_3D ( 'NONE', #412, #1042, #1352 ) ;
#459 = ORIENTED_EDGE ( 'NONE', *, *, #1921, .F. ) ;
#460 = DIRECTION ( 'NONE',  ( -1.000000000000000000, 0.000000000000000000, 0.000000000000000000 ) ) ;
#461 = VERTEX_POINT ( 'NONE', #600 ) ;
#462 = ORIENTED_EDGE ( 'NONE', *, *, #1057, .T. ) ;
#463 = DIRECTION ( 'NONE',  ( 0.000000000000000000, 1.000000000000000000, 0.000000000000000000 ) ) ;
#464 = LINE ( 'NONE', #790, #1229 ) ;
#465 = DIRECTION ( 'NONE',  ( -1.000000000000000000, 0.000000000000000000, 0.000000000000000000 ) ) ;
#466 = DIRECTION ( 'NONE',  ( -0.000000000000000000, -0.000000000000000000, 1.000000000000000000 ) ) ;
#467 = ORIENTED_EDGE ( 'NONE', *, *, #758, .T. ) ;
#468 = DIRECTION ( 'NONE',  ( 0.000000000000000000, -0.000000000000000000, 1.000000000000000000 ) ) ;
#469 = VERTEX_POINT ( 'NONE', #1680 ) ;
#470 = ORIENTED_EDGE ( 'NONE', *, *, #1597, .T. ) ;
#471 = DIRECTION ( 'NONE',  ( -1.000000000000000000, 0.000000000000000000, 0.000000000000000000 ) ) ;
#472 = ADVANCED_FACE ( 'NONE', ( #428 ), #269, .F. ) ;
#473 = CARTESIAN_POINT ( 'NONE',  ( 0.4699999999999999734, -1.191249999999999920, 0.000000000000000000 ) ) ;
#474 = LINE ( 'NONE', #1751, #280 ) ;
#475 = AXIS2_PLACEMENT_3D ( 'NONE', #389, #1949, #75 ) ;
#476 = FACE_OUTER_BOUND ( 'NONE', #1722, .T. ) ;
#477 = AXIS2_PLACEMENT_3D ( 'NONE', #1469, #73, #1309 ) ;
#478 = VERTEX_POINT ( 'NONE', #744 ) ;
#479 = ORIENTED_EDGE ( 'NONE', *, *, #1728, .T. ) ;
#480 = CARTESIAN_POINT ( 'NONE',  ( 0.4699999999999999734, 1.128750000000000142, 0.2596299199999999585 ) ) ;
#481 = ADVANCED_FACE ( 'NONE', ( #1372 ), #132, .F. ) ;
#482 = EDGE_CURVE ( 'NONE', #806, #572, #1212, .T. ) ;
#483 = CARTESIAN_POINT ( 'NONE',  ( -0.6999999999999997335, 1.125000000000000000, 0.1999999999999999833 ) ) ;
#484 = DIRECTION ( 'NONE',  ( 1.000000000000000000, 0.000000000000000000, 0.000000000000000000 ) ) ;
#485 = FILL_AREA_STYLE_COLOUR ( '', #786 ) ;
#486 = VECTOR ( 'NONE', #871, 39.37007874015748143 ) ;
#487 = ORIENTED_EDGE ( 'NONE', *, *, #1951, .F. ) ;
#488 = VERTEX_POINT ( 'NONE', #1582 ) ;
#489 = CARTESIAN_POINT ( 'NONE',  ( -0.8624999999999997113, -1.125000000000000000, 0.2999999999999999889 ) ) ;
#490 = DIRECTION ( 'NONE',  ( 0.000000000000000000, -0.000000000000000000, -1.000000000000000000 ) ) ;
#491 = CIRCLE ( 'NONE', #1277, 0.06250000000000001388 ) ;
#492 = CARTESIAN_POINT ( 'NONE',  ( -0.9999999999999998890, -1.499999999999999778, 0.2999999999999999889 ) ) ;
#493 = APPLICATION_CONTEXT ( 'automotive_design' ) ;
#494 = ORIENTED_EDGE ( 'NONE', *, *, #1844, .F. ) ;
#495 = VERTEX_POINT ( 'NONE', #1843 ) ;
#496 = LINE ( 'NONE', #996, #165 ) ;
#497 = DIRECTION ( 'NONE',  ( -0.000000000000000000, 0.000000000000000000, 1.000000000000000000 ) ) ;
#498 = DIRECTION ( 'NONE',  ( -0.000000000000000000, -0.000000000000000000, 1.000000000000000000 ) ) ;
#499 = CARTESIAN_POINT ( 'NONE',  ( -0.7937499999999998446, 1.125000000000000000, 0.000000000000000000 ) ) ;
#500 = CARTESIAN_POINT ( 'NONE',  ( -0.4074999999999998623, 1.058750000000000080, 0.2596299199999999585 ) ) ;
#501 = EDGE_CURVE ( 'NONE', #1184, #1342, #1391, .T. ) ;
#502 = EDGE_CURVE ( 'NONE', #156, #896, #1016, .T. ) ;
#503 = CARTESIAN_POINT ( 'NONE',  ( -0.4699999999999999734, 1.128750000000000142, 0.000000000000000000 ) ) ;
#504 = EDGE_CURVE ( 'NONE', #69, #946, #649, .T. ) ;
#505 = ORIENTED_EDGE ( 'NONE', *, *, #766, .F. ) ;
#506 = AXIS2_PLACEMENT_3D ( 'NONE', #565, #875, #380 ) ;
#507 = LINE ( 'NONE', #372, #622 ) ;
#508 = CYLINDRICAL_SURFACE ( 'NONE', #1718, 0.1624999999999999778 ) ;
#509 = CIRCLE ( 'NONE', #785, 0.06249999999999995143 ) ;
#510 = CARTESIAN_POINT ( 'NONE',  ( 0.4699999999999999734, 1.058750000000000080, 0.2596299199999999585 ) ) ;
#511 = LINE ( 'NONE', #1135, #712 ) ;
#512 = EDGE_CURVE ( 'NONE', #295, #769, #1178, .T. ) ;
#513 = ORIENTED_EDGE ( 'NONE', *, *, #1483, .F. ) ;
#514 = LINE ( 'NONE', #196, #823 ) ;
#515 = VECTOR ( 'NONE', #1566, 39.37007874015748143 ) ;
#516 = VECTOR ( 'NONE', #1376, 39.37007874015748143 ) ;
#517 = ORIENTED_EDGE ( 'NONE', *, *, #86, .T. ) ;
#518 = LINE ( 'NONE', #329, #1872 ) ;
#519 = LINE ( 'NONE', #377, #1034 ) ;
#520 = DIRECTION ( 'NONE',  ( 0.000000000000000000, 0.000000000000000000, -1.000000000000000000 ) ) ;
#521 =( NAMED_UNIT ( * ) SI_UNIT ( $, .STERADIAN. ) SOLID_ANGLE_UNIT ( ) );
#522 = ORIENTED_EDGE ( 'NONE', *, *, #504, .T. ) ;
#523 = CARTESIAN_POINT ( 'NONE',  ( -0.4074999999999998623, -1.168120078740157552, 0.2596299199999999585 ) ) ;
#524 = EDGE_CURVE ( 'NONE', #352, #1024, #1609, .T. ) ;
#525 = VERTEX_POINT ( 'NONE', #1287 ) ;
#526 = ORIENTED_EDGE ( 'NONE', *, *, #1975, .F. ) ;
#527 = EDGE_CURVE ( 'NONE', #985, #1081, #366, .T. ) ;
#528 = DIRECTION ( 'NONE',  ( 0.000000000000000000, 0.000000000000000000, 1.000000000000000000 ) ) ;
#529 = DIRECTION ( 'NONE',  ( -0.000000000000000000, -0.000000000000000000, 1.000000000000000000 ) ) ;
#530 = DIRECTION ( 'NONE',  ( -1.000000000000000000, 0.000000000000000000, 0.000000000000000000 ) ) ;
#531 = EDGE_CURVE ( 'NONE', #1214, #1024, #1907, .T. ) ;
#532 = CYLINDRICAL_SURFACE ( 'NONE', #246, 0.06250000000000001388 ) ;
#533 = CARTESIAN_POINT ( 'NONE',  ( -0.6999999999999997335, 1.125000000000000000, 0.000000000000000000 ) ) ;
#534 = ORIENTED_EDGE ( 'NONE', *, *, #868, .T. ) ;
#535 = DIRECTION ( 'NONE',  ( -0.000000000000000000, -0.000000000000000000, 1.000000000000000000 ) ) ;
#536 = ORIENTED_EDGE ( 'NONE', *, *, #734, .T. ) ;
#537 = ORIENTED_EDGE ( 'NONE', *, *, #585, .T. ) ;
#538 = FACE_BOUND ( 'NONE', #110, .T. ) ;
#539 = DIRECTION ( 'NONE',  ( -1.000000000000000000, 0.000000000000000000, 0.000000000000000000 ) ) ;
#540 = ADVANCED_FACE ( 'NONE', ( #949 ), #1440, .F. ) ;
#541 = AXIS2_PLACEMENT_3D ( 'NONE', #1644, #1667, #1699 ) ;
#542 = CARTESIAN_POINT ( 'NONE',  ( -0.4074999999999999734, -1.191249999999999920, 0.2596299199999999585 ) ) ;
#543 = VECTOR ( 'NONE', #330, 39.37007874015748143 ) ;
#544 = AXIS2_PLACEMENT_3D ( 'NONE', #1461, #38, #1576 ) ;
#545 = EDGE_CURVE ( 'NONE', #1998, #1285, #62, .T. ) ;
#546 = FACE_OUTER_BOUND ( 'NONE', #1439, .T. ) ;
#547 = FACE_OUTER_BOUND ( 'NONE', #1848, .T. ) ;
#548 = ORIENTED_EDGE ( 'NONE', *, *, #1500, .T. ) ;
#549 = CARTESIAN_POINT ( 'NONE',  ( -0.6999999999999997335, -1.125000000000000000, 0.000000000000000000 ) ) ;
#550 = ORIENTED_EDGE ( 'NONE', *, *, #1512, .T. ) ;
#551 = ORIENTED_EDGE ( 'NONE', *, *, #1165, .T. ) ;
#552 = VECTOR ( 'NONE', #1579, 39.37007874015748143 ) ;
#553 = PLANE ( 'NONE',  #1504 ) ;
#554 = PLANE ( 'NONE',  #1615 ) ;
#555 = AXIS2_PLACEMENT_3D ( 'NONE', #1974, #1828, #425 ) ;
#556 = CARTESIAN_POINT ( 'NONE',  ( -0.9999999999999998890, 1.500000000000000444, 0.2999999999999999889 ) ) ;
#557 = DIRECTION ( 'NONE',  ( -0.000000000000000000, -0.000000000000000000, 1.000000000000000000 ) ) ;
#558 = LINE ( 'NONE', #1970, #1568 ) ;
#559 = EDGE_LOOP ( 'NONE', ( #1578, #1853, #1869, #1148, #13, #291, #1588, #579 ) ) ;
#560 = EDGE_CURVE ( 'NONE', #1791, #306, #491, .T. ) ;
#561 = DIRECTION ( 'NONE',  ( 1.000000000000000000, -7.805279981897894910E-16, -0.000000000000000000 ) ) ;
#562 = ORIENTED_EDGE ( 'NONE', *, *, #1459, .T. ) ;
#563 = CARTESIAN_POINT ( 'NONE',  ( -0.4699999999999999734, 1.058750000000000080, 0.000000000000000000 ) ) ;
#564 = FACE_BOUND ( 'NONE', #311, .T. ) ;
#565 = CARTESIAN_POINT ( 'NONE',  ( 0.4074999999999999734, 1.081879921259842225, 0.2999999999999999889 ) ) ;
#566 = DIRECTION ( 'NONE',  ( -0.000000000000000000, 0.000000000000000000, 1.000000000000000000 ) ) ;
#567 = EDGE_CURVE ( 'NONE', #1415, #1793, #679, .T. ) ;
#568 = EDGE_CURVE ( 'NONE', #1028, #1510, #200, .T. ) ;
#569 = EDGE_LOOP ( 'NONE', ( #1756, #861, #1637, #1384, #748, #243, #1061, #740 ) ) ;
#570 = CARTESIAN_POINT ( 'NONE',  ( 0.4074999999999999734, -1.168120078740157552, 0.2596299199999999585 ) ) ;
#571 = ORIENTED_EDGE ( 'NONE', *, *, #989, .T. ) ;
#572 = VERTEX_POINT ( 'NONE', #828 ) ;
#573 = DIRECTION ( 'NONE',  ( -0.000000000000000000, -0.000000000000000000, 1.000000000000000000 ) ) ;
#574 = VECTOR ( 'NONE', #1798, 39.37007874015748143 ) ;
#575 = LINE ( 'NONE', #257, #1326 ) ;
#576 = AXIS2_PLACEMENT_3D ( 'NONE', #47, #1891, #182 ) ;
#577 = AXIS2_PLACEMENT_3D ( 'NONE', #913, #1371, #1653 ) ;
#578 = ORIENTED_EDGE ( 'NONE', *, *, #482, .T. ) ;
#579 = ORIENTED_EDGE ( 'NONE', *, *, #174, .F. ) ;
#580 = DIRECTION ( 'NONE',  ( 0.000000000000000000, -0.000000000000000000, -1.000000000000000000 ) ) ;
#581 = DIRECTION ( 'NONE',  ( 0.000000000000000000, 0.000000000000000000, 1.000000000000000000 ) ) ;
#582 = ORIENTED_EDGE ( 'NONE', *, *, #930, .F. ) ;
#583 = ORIENTED_EDGE ( 'NONE', *, *, #1019, .F. ) ;
#584 = FACE_OUTER_BOUND ( 'NONE', #605, .T. ) ;
#585 = EDGE_CURVE ( 'NONE', #1726, #58, #518, .T. ) ;
#586 = VECTOR ( 'NONE', #882, 39.37007874015748143 ) ;
#587 = DIRECTION ( 'NONE',  ( -1.000000000000000000, 0.000000000000000000, -0.000000000000000000 ) ) ;
#588 = DIRECTION ( 'NONE',  ( 0.000000000000000000, 0.000000000000000000, -1.000000000000000000 ) ) ;
#589 = AXIS2_PLACEMENT_3D ( 'NONE', #1617, #833, #1465 ) ;
#590 = CARTESIAN_POINT ( 'NONE',  ( -0.7937499999999998446, 1.125000000000000000, 0.000000000000000000 ) ) ;
#591 = ORIENTED_EDGE ( 'NONE', *, *, #299, .T. ) ;
#592 = ORIENTED_EDGE ( 'NONE', *, *, #734, .F. ) ;
#593 = CARTESIAN_POINT ( 'NONE',  ( 0.4699999999999999734, -1.128750000000000142, 0.2596299199999999585 ) ) ;
#594 = CARTESIAN_POINT ( 'NONE',  ( -0.4074999999999999734, -1.019379921259842448, 0.2596299199999999585 ) ) ;
#595 = ORIENTED_EDGE ( 'NONE', *, *, #1599, .T. ) ;
#596 = ORIENTED_EDGE ( 'NONE', *, *, #1732, .T. ) ;
#597 = ADVANCED_FACE ( 'NONE', ( #189 ), #508, .F. ) ;
#598 = ADVANCED_FACE ( 'NONE', ( #670 ), #1143, .F. ) ;
#599 = DIRECTION ( 'NONE',  ( -0.000000000000000000, -0.000000000000000000, -1.000000000000000000 ) ) ;
#600 = CARTESIAN_POINT ( 'NONE',  ( -0.9999999999999998890, -1.499999999999999778, 0.000000000000000000 ) ) ;
#601 = EDGE_CURVE ( 'NONE', #469, #1467, #1760, .T. ) ;
#602 = EDGE_CURVE ( 'NONE', #426, #946, #845, .T. ) ;
#603 = EDGE_LOOP ( 'NONE', ( #1672, #1437, #1043, #1562, #1130, #1209, #365, #1736 ) ) ;
#604 = VERTEX_POINT ( 'NONE', #1308 ) ;
#605 = EDGE_LOOP ( 'NONE', ( #635, #1716, #1684, #313 ) ) ;
#606 = ORIENTED_EDGE ( 'NONE', *, *, #1753, .F. ) ;
#607 = DIRECTION ( 'NONE',  ( 0.000000000000000000, 0.000000000000000000, 1.000000000000000000 ) ) ;
#608 = ADVANCED_FACE ( 'NONE', ( #1926 ), #1580, .T. ) ;
#609 = CARTESIAN_POINT ( 'NONE',  ( 0.4699999999999999734, -1.128750000000000142, 0.000000000000000000 ) ) ;
#610 = CARTESIAN_POINT ( 'NONE',  ( -0.9999999999999998890, 1.500000000000000444, 0.2999999999999999889 ) ) ;
#611 = VECTOR ( 'NONE', #1980, 39.37007874015748143 ) ;
#612 = ORIENTED_EDGE ( 'NONE', *, *, #512, .F. ) ;
#613 = DIRECTION ( 'NONE',  ( 0.000000000000000000, 1.000000000000000000, 0.000000000000000000 ) ) ;
#614 = AXIS2_PLACEMENT_3D ( 'NONE', #74, #520, #220 ) ;
#615 = ORIENTED_EDGE ( 'NONE', *, *, #723, .F. ) ;
#616 = ORIENTED_EDGE ( 'NONE', *, *, #1512, .F. ) ;
#617 = CARTESIAN_POINT ( 'NONE',  ( -0.6499999999999999112, -0.2125000000000000500, 0.1350000000000000644 ) ) ;
#618 = CARTESIAN_POINT ( 'NONE',  ( -0.4699999999999999734, -1.058750000000000080, 0.2999999999999999889 ) ) ;
#619 = VECTOR ( 'NONE', #1816, 39.37007874015748143 ) ;
#620 = DIRECTION ( 'NONE',  ( 0.000000000000000000, 1.000000000000000000, 0.000000000000000000 ) ) ;
#621 = EDGE_LOOP ( 'NONE', ( #910, #1876, #592, #676 ) ) ;
#622 = VECTOR ( 'NONE', #354, 39.37007874015748143 ) ;
#623 = PLANE ( 'NONE',  #1070 ) ;
#624 = EDGE_CURVE ( 'NONE', #762, #831, #1344, .T. ) ;
#625 = ORIENTED_EDGE ( 'NONE', *, *, #1400, .F. ) ;
#626 = ORIENTED_EDGE ( 'NONE', *, *, #1559, .T. ) ;
#627 = CARTESIAN_POINT ( 'NONE',  ( 0.000000000000000000, 0.000000000000000000, 0.1350000000000000089 ) ) ;
#628 = DIRECTION ( 'NONE',  ( -0.000000000000000000, -1.000000000000000000, -0.000000000000000000 ) ) ;
#629 = CARTESIAN_POINT ( 'NONE',  ( 0.2875000000000000333, 0.2750000000000000222, 0.000000000000000000 ) ) ;
#630 = CARTESIAN_POINT ( 'NONE',  ( -0.4699999999999999734, -1.168120078740157552, 0.2596299199999999585 ) ) ;
#631 = EDGE_LOOP ( 'NONE', ( #124, #1315, #674, #1746 ) ) ;
#632 = EDGE_CURVE ( 'NONE', #39, #1532, #1957, .T. ) ;
#633 = EDGE_CURVE ( 'NONE', #1793, #146, #1795, .T. ) ;
#634 = ORIENTED_EDGE ( 'NONE', *, *, #567, .F. ) ;
#635 = ORIENTED_EDGE ( 'NONE', *, *, #231, .T. ) ;
#636 = CARTESIAN_POINT ( 'NONE',  ( -0.4699999999999999734, -1.191249999999999920, 0.2596299199999999585 ) ) ;
#637 = CARTESIAN_POINT ( 'NONE',  ( 0.4074999999999999734, -1.168120078740157552, 0.000000000000000000 ) ) ;
#638 = LINE ( 'NONE', #921, #677 ) ;
#639 = FACE_OUTER_BOUND ( 'NONE', #1930, .T. ) ;
#640 = AXIS2_PLACEMENT_3D ( 'NONE', #418, #1045, #1651 ) ;
#641 = CARTESIAN_POINT ( 'NONE',  ( 0.4074999999999999734, -1.230620078740157552, 0.2596299199999999585 ) ) ;
#642 = AXIS2_PLACEMENT_3D ( 'NONE', #150, #1272, #1583 ) ;
#643 = ORIENTED_EDGE ( 'NONE', *, *, #1459, .F. ) ;
#644 = VERTEX_POINT ( 'NONE', #1979 ) ;
#645 = LINE ( 'NONE', #920, #227 ) ;
#646 = AXIS2_PLACEMENT_3D ( 'NONE', #1824, #733, #1357 ) ;
#647 = EDGE_CURVE ( 'NONE', #270, #1801, #1409, .T. ) ;
#648 = CARTESIAN_POINT ( 'NONE',  ( 0.4699999999999999734, 1.191249999999999920, 0.000000000000000000 ) ) ;
#649 = LINE ( 'NONE', #982, #331 ) ;
#650 = CARTESIAN_POINT ( 'NONE',  ( 0.4074999999999998623, -1.019379921259842448, 0.2596299199999999585 ) ) ;
#651 = ADVANCED_FACE ( 'NONE', ( #584 ), #1640, .F. ) ;
#652 = DIRECTION ( 'NONE',  ( -0.000000000000000000, -0.000000000000000000, 1.000000000000000000 ) ) ;
#653 = CYLINDRICAL_SURFACE ( 'NONE', #964, 0.06249999999999997918 ) ;
#654 = CARTESIAN_POINT ( 'NONE',  ( 0.4699999999999999734, -1.230620078740157552, 0.2596299199999999585 ) ) ;
#655 = AXIS2_PLACEMENT_3D ( 'NONE', #648, #1897, #497 ) ;
#656 = VECTOR ( 'NONE', #1068, 39.37007874015748143 ) ;
#657 = ORIENTED_EDGE ( 'NONE', *, *, #1830, .F. ) ;
#658 = VERTEX_POINT ( 'NONE', #1665 ) ;
#659 = DIRECTION ( 'NONE',  ( -0.000000000000000000, -0.000000000000000000, -1.000000000000000000 ) ) ;
#660 = CARTESIAN_POINT ( 'NONE',  ( -0.6999999999999997335, -1.125000000000000000, 0.1999999999999999833 ) ) ;
#661 = EDGE_CURVE ( 'NONE', #1784, #314, #79, .T. ) ;
#662 = DIRECTION ( 'NONE',  ( -1.000000000000000000, 0.000000000000000000, 0.000000000000000000 ) ) ;
#663 = EDGE_CURVE ( 'NONE', #461, #1532, #226, .T. ) ;
#664 = LINE ( 'NONE', #932, #1129 ) ;
#665 = ADVANCED_FACE ( 'NONE', ( #1332 ), #862, .F. ) ;
#666 = ADVANCED_FACE ( 'NONE', ( #1487, #1629 ), #554, .T. ) ;
#667 = DIRECTION ( 'NONE',  ( -1.000000000000000000, 0.000000000000000000, 0.000000000000000000 ) ) ;
#668 = ORIENTED_EDGE ( 'NONE', *, *, #524, .F. ) ;
#669 = DIRECTION ( 'NONE',  ( 1.000000000000000000, 0.000000000000000000, 0.000000000000000000 ) ) ;
#670 = FACE_OUTER_BOUND ( 'NONE', #1904, .T. ) ;
#671 = ADVANCED_FACE ( 'NONE', ( #701 ), #1318, .F. ) ;
#672 = CARTESIAN_POINT ( 'NONE',  ( -0.8624999999999997113, 1.125000000000000000, 0.1999999999999999833 ) ) ;
#673 = CARTESIAN_POINT ( 'NONE',  ( 0.4074999999999999734, 1.168120078740157552, 0.2999999999999999889 ) ) ;
#674 = ORIENTED_EDGE ( 'NONE', *, *, #1283, .F. ) ;
#675 = CARTESIAN_POINT ( 'NONE',  ( 0.4074999999999998623, 1.191249999999999920, 0.2596299199999999585 ) ) ;
#676 = ORIENTED_EDGE ( 'NONE', *, *, #531, .F. ) ;
#677 = VECTOR ( 'NONE', #1259, 39.37007874015748143 ) ;
#678 = FACE_OUTER_BOUND ( 'NONE', #1092, .T. ) ;
#679 = LINE ( 'NONE', #1915, #300 ) ;
#680 = CIRCLE ( 'NONE', #159, 0.06249999999999997918 ) ;
#681 = FACE_OUTER_BOUND ( 'NONE', #1424, .T. ) ;
#682 = DIRECTION ( 'NONE',  ( 0.000000000000000000, 1.000000000000000000, 0.000000000000000000 ) ) ;
#683 = DIRECTION ( 'NONE',  ( -0.000000000000000000, 0.000000000000000000, 1.000000000000000000 ) ) ;
#684 = EDGE_CURVE ( 'NONE', #934, #1817, #1966, .T. ) ;
#685 = ADVANCED_FACE ( 'NONE', ( #396 ), #1175, .F. ) ;
#686 = ORIENTED_EDGE ( 'NONE', *, *, #294, .T. ) ;
#687 = AXIS2_PLACEMENT_3D ( 'NONE', #374, #1813, #100 ) ;
#688 = CARTESIAN_POINT ( 'NONE',  ( -0.4074999999999999734, -1.128750000000000142, 0.000000000000000000 ) ) ;
#689 = AXIS2_PLACEMENT_3D ( 'NONE', #423, #1049, #1348 ) ;
#690 = ADVANCED_FACE ( 'NONE', ( #1822 ), #1025, .F. ) ;
#691 = ORIENTED_EDGE ( 'NONE', *, *, #1350, .F. ) ;
#692 = DIRECTION ( 'NONE',  ( 0.000000000000000000, -1.000000000000000000, 0.000000000000000000 ) ) ;
#693 = CARTESIAN_POINT ( 'NONE',  ( 0.4699999999999999734, -1.121249999999999858, 0.000000000000000000 ) ) ;
#694 = CARTESIAN_POINT ( 'NONE',  ( -0.4699999999999999734, -1.128750000000000142, 0.2596299199999999585 ) ) ;
#695 = CARTESIAN_POINT ( 'NONE',  ( -0.4074999999999999734, 1.191249999999999920, 0.2596299199999999585 ) ) ;
#696 = ORIENTED_EDGE ( 'NONE', *, *, #259, .T. ) ;
#697 = EDGE_CURVE ( 'NONE', #1486, #461, #891, .T. ) ;
#698 = LINE ( 'NONE', #1600, #1539 ) ;
#699 = ORIENTED_EDGE ( 'NONE', *, *, #1608, .F. ) ;
#700 = ORIENTED_EDGE ( 'NONE', *, *, #1006, .F. ) ;
#701 = FACE_OUTER_BOUND ( 'NONE', #326, .T. ) ;
#702 = EDGE_CURVE ( 'NONE', #175, #1528, #120, .T. ) ;
#703 = CARTESIAN_POINT ( 'NONE',  ( 0.4074999999999999734, -1.191249999999999920, 0.000000000000000000 ) ) ;
#704 = CARTESIAN_POINT ( 'NONE',  ( -0.4699999999999999734, 1.081879921259842225, 0.2596299199999999585 ) ) ;
#705 = ORIENTED_EDGE ( 'NONE', *, *, #1889, .T. ) ;
#706 = DIRECTION ( 'NONE',  ( 1.000000000000000000, 0.000000000000000000, 0.000000000000000000 ) ) ;
#707 = VERTEX_POINT ( 'NONE', #1499 ) ;
#708 = DIRECTION ( 'NONE',  ( 1.000000000000000000, 0.000000000000000000, 0.000000000000000000 ) ) ;
#709 = VECTOR ( 'NONE', #1228, 39.37007874015748143 ) ;
#710 = AXIS2_PLACEMENT_3D ( 'NONE', #141, #247, #873 ) ;
#711 = CARTESIAN_POINT ( 'NONE',  ( 0.9999999999999998890, -0.2750000000000000222, -2.074246851269153424 ) ) ;
#712 = VECTOR ( 'NONE', #1471, 39.37007874015748143 ) ;
#713 = EDGE_CURVE ( 'NONE', #254, #1525, #1338, .T. ) ;
#714 = CARTESIAN_POINT ( 'NONE',  ( 0.4074999999999998623, -1.191249999999999920, 0.000000000000000000 ) ) ;
#715 = DIRECTION ( 'NONE',  ( 1.000000000000000000, 0.000000000000000000, 0.000000000000000000 ) ) ;
#716 = EDGE_LOOP ( 'NONE', ( #1058, #955, #889, #216 ) ) ;
#717 = LINE ( 'NONE', #1953, #1675 ) ;
#718 = ORIENTED_EDGE ( 'NONE', *, *, #416, .T. ) ;
#719 = VECTOR ( 'NONE', #1839, 39.37007874015748143 ) ;
#720 = DIRECTION ( 'NONE',  ( -0.000000000000000000, -0.000000000000000000, 1.000000000000000000 ) ) ;
#721 = AXIS2_PLACEMENT_3D ( 'NONE', #860, #1922, #669 ) ;
#722 = ADVANCED_FACE ( 'NONE', ( #547 ), #1168, .F. ) ;
#723 = EDGE_CURVE ( 'NONE', #1543, #644, #1903, .T. ) ;
#724 = CARTESIAN_POINT ( 'NONE',  ( 0.4699999999999999734, 1.121249999999999858, 0.2596299199999999585 ) ) ;
#725 = CARTESIAN_POINT ( 'NONE',  ( 0.4074999999999998623, 1.128750000000000142, 0.000000000000000000 ) ) ;
#726 = EDGE_LOOP ( 'NONE', ( #233, #304, #691, #278 ) ) ;
#727 = DIRECTION ( 'NONE',  ( 0.000000000000000000, 0.000000000000000000, 1.000000000000000000 ) ) ;
#728 = LINE ( 'NONE', #1810, #516 ) ;
#729 = ORIENTED_EDGE ( 'NONE', *, *, #206, .F. ) ;
#730 = VERTEX_POINT ( 'NONE', #915 ) ;
#731 = CARTESIAN_POINT ( 'NONE',  ( -0.9999999999999998890, -1.499999999999999778, 0.000000000000000000 ) ) ;
#732 = LINE ( 'NONE', #268, #1199 ) ;
#733 = DIRECTION ( 'NONE',  ( -1.000000000000000000, 0.000000000000000000, 0.000000000000000000 ) ) ;
#734 = EDGE_CURVE ( 'NONE', #1024, #488, #1503, .T. ) ;
#735 = CARTESIAN_POINT ( 'NONE',  ( 0.4074999999999998623, -1.191249999999999920, 0.2596299199999999585 ) ) ;
#736 = FACE_OUTER_BOUND ( 'NONE', #945, .T. ) ;
#737 = ORIENTED_EDGE ( 'NONE', *, *, #837, .F. ) ;
#738 = CARTESIAN_POINT ( 'NONE',  ( 1.000000000000000222, -1.499999999999999778, 0.2999999999999999889 ) ) ;
#739 = FACE_OUTER_BOUND ( 'NONE', #109, .T. ) ;
#740 = ORIENTED_EDGE ( 'NONE', *, *, #757, .T. ) ;
#741 = EDGE_LOOP ( 'NONE', ( #1142, #1656, #20, #1196, #870, #1864, #1343, #1914 ) ) ;
#742 = DIRECTION ( 'NONE',  ( 1.000000000000000000, 0.000000000000000000, 0.000000000000000000 ) ) ;
#743 = CARTESIAN_POINT ( 'NONE',  ( 0.9999999999999998890, -0.2750000000000000222, 0.1350000000000000644 ) ) ;
#744 = CARTESIAN_POINT ( 'NONE',  ( -0.4699999999999999734, -1.121249999999999858, 0.2596299199999999585 ) ) ;
#745 = AXIS2_PLACEMENT_3D ( 'NONE', #1460, #1144, #1299 ) ;
#746 = CARTESIAN_POINT ( 'NONE',  ( 0.4699999999999999734, 1.121249999999999858, 0.000000000000000000 ) ) ;
#747 = VECTOR ( 'NONE', #1358, 39.37007874015748143 ) ;
#748 = ORIENTED_EDGE ( 'NONE', *, *, #1868, .T. ) ;
#749 = VERTEX_POINT ( 'NONE', #746 ) ;
#750 = ADVANCED_FACE ( 'NONE', ( #1982 ), #1383, .F. ) ;
#751 = PLANE ( 'NONE',  #966 ) ;
#752 = LINE ( 'NONE', #1171, #1137 ) ;
#753 = EDGE_CURVE ( 'NONE', #1877, #843, #1517, .T. ) ;
#754 = ORIENTED_EDGE ( 'NONE', *, *, #299, .F. ) ;
#755 = ORIENTED_EDGE ( 'NONE', *, *, #1084, .T. ) ;
#756 = EDGE_CURVE ( 'NONE', #1525, #1173, #1681, .T. ) ;
#757 = EDGE_CURVE ( 'NONE', #2001, #935, #558, .T. ) ;
#758 = EDGE_CURVE ( 'NONE', #1817, #918, #1379, .T. ) ;
#759 = CARTESIAN_POINT ( 'NONE',  ( -0.9999999999999998890, -1.499999999999999778, 0.2999999999999999889 ) ) ;
#760 = CARTESIAN_POINT ( 'NONE',  ( 0.9999999999999998890, -0.2750000000000000222, -2.074246851269153424 ) ) ;
#761 = VECTOR ( 'NONE', #177, 39.37007874015748143 ) ;
#762 = VERTEX_POINT ( 'NONE', #1181 ) ;
#763 = ORIENTED_EDGE ( 'NONE', *, *, #1473, .F. ) ;
#764 = DIRECTION ( 'NONE',  ( 0.000000000000000000, 0.000000000000000000, -1.000000000000000000 ) ) ;
#765 = ORIENTED_EDGE ( 'NONE', *, *, #869, .T. ) ;
#766 = EDGE_CURVE ( 'NONE', #1954, #478, #895, .T. ) ;
#767 = ORIENTED_EDGE ( 'NONE', *, *, #1258, .T. ) ;
#768 = CARTESIAN_POINT ( 'NONE',  ( 0.4699999999999999734, 1.058750000000000080, 0.000000000000000000 ) ) ;
#769 = VERTEX_POINT ( 'NONE', #1040 ) ;
#770 = DIRECTION ( 'NONE',  ( 0.000000000000000000, -0.000000000000000000, 1.000000000000000000 ) ) ;
#771 = FACE_OUTER_BOUND ( 'NONE', #1649, .T. ) ;
#772 = VERTEX_POINT ( 'NONE', #116 ) ;
#773 = ORIENTED_EDGE ( 'NONE', *, *, #502, .T. ) ;
#774 = CARTESIAN_POINT ( 'NONE',  ( 1.000000000000000222, -0.2750000000000001332, 0.000000000000000000 ) ) ;
#775 = DIRECTION ( 'NONE',  ( -0.000000000000000000, 0.000000000000000000, -1.000000000000000000 ) ) ;
#776 = ADVANCED_FACE ( 'NONE', ( #736 ), #1201, .F. ) ;
#777 = AXIS2_PLACEMENT_3D ( 'NONE', #795, #943, #1251 ) ;
#778 = CARTESIAN_POINT ( 'NONE',  ( -0.6062499999999997335, 1.125000000000000000, 0.1999999999999999833 ) ) ;
#779 = EDGE_CURVE ( 'NONE', #1747, #1406, #912, .T. ) ;
#780 = CIRCLE ( 'NONE', #906, 0.06250000000000001388 ) ;
#781 = ORIENTED_EDGE ( 'NONE', *, *, #161, .T. ) ;
#782 = DIRECTION ( 'NONE',  ( 1.000000000000000000, 0.000000000000000000, 0.000000000000000000 ) ) ;
#783 = AXIS2_PLACEMENT_3D ( 'NONE', #483, #1593, #1741 ) ;
#784 = AXIS2_PLACEMENT_3D ( 'NONE', #103, #1048, #1346 ) ;
#785 = AXIS2_PLACEMENT_3D ( 'NONE', #856, #1480, #1282 ) ;
#786 = COLOUR_RGB ( '',0.7921568627450980005, 0.8196078431372548767, 0.9333333333333333481 ) ;
#787 = ORIENTED_EDGE ( 'NONE', *, *, #1648, .T. ) ;
#788 = ORIENTED_EDGE ( 'NONE', *, *, #318, .T. ) ;
#789 = FACE_OUTER_BOUND ( 'NONE', #1218, .T. ) ;
#790 = CARTESIAN_POINT ( 'NONE',  ( 0.2250000000000000611, 0.000000000000000000, 0.1350000000000000089 ) ) ;
#791 = ADVANCED_FACE ( 'NONE', ( #1740 ), #1278, .F. ) ;
#792 = ADVANCED_FACE ( 'NONE', ( #32 ), #1591, .T. ) ;
#793 = VECTOR ( 'NONE', #1313, 39.37007874015748143 ) ;
#794 = LINE ( 'NONE', #340, #154 ) ;
#795 = CARTESIAN_POINT ( 'NONE',  ( -0.7124999999999998002, 0.2125000000000000222, 0.000000000000000000 ) ) ;
#796 = CIRCLE ( 'NONE', #884, 0.06250000000000001388 ) ;
#797 = ORIENTED_EDGE ( 'NONE', *, *, #438, .F. ) ;
#798 = ORIENTED_EDGE ( 'NONE', *, *, #1546, .F. ) ;
#799 = EDGE_LOOP ( 'NONE', ( #424, #1158, #284, #1085 ) ) ;
#800 = LINE ( 'NONE', #337, #1887 ) ;
#801 = LINE ( 'NONE', #1750, #65 ) ;
#802 = PLANE ( 'NONE',  #1937 ) ;
#803 = PLANE ( 'NONE',  #439 ) ;
#804 = DIRECTION ( 'NONE',  ( 1.000000000000000000, 8.812412882787945349E-17, 0.000000000000000000 ) ) ;
#805 = ORIENTED_EDGE ( 'NONE', *, *, #1055, .T. ) ;
#806 = VERTEX_POINT ( 'NONE', #1399 ) ;
#807 = CARTESIAN_POINT ( 'NONE',  ( -0.6062499999999997335, 1.125000000000000000, 0.000000000000000000 ) ) ;
#808 = DIRECTION ( 'NONE',  ( -1.000000000000000000, 0.000000000000000000, 0.000000000000000000 ) ) ;
#809 = CARTESIAN_POINT ( 'NONE',  ( 0.000000000000000000, 0.000000000000000000, 0.2596299199999999585 ) ) ;
#810 = CYLINDRICAL_SURFACE ( 'NONE', #446, 0.06250000000000001388 ) ;
#811 = CARTESIAN_POINT ( 'NONE',  ( -0.6999999999999997335, 1.125000000000000000, 0.2999999999999999889 ) ) ;
#812 = FACE_OUTER_BOUND ( 'NONE', #1361, .T. ) ;
#813 = DIRECTION ( 'NONE',  ( 0.000000000000000000, 1.000000000000000000, 0.000000000000000000 ) ) ;
#814 = AXIS2_PLACEMENT_3D ( 'NONE', #332, #309, #465 ) ;
#815 = EDGE_LOOP ( 'NONE', ( #336, #1157, #596, #1616 ) ) ;
#816 = EDGE_CURVE ( 'NONE', #1765, #469, #1984, .T. ) ;
#817 = ORIENTED_EDGE ( 'NONE', *, *, #161, .F. ) ;
#818 = ADVANCED_FACE ( 'NONE', ( #357, #538, #678 ), #553, .F. ) ;
#819 = LINE ( 'NONE', #1256, #1010 ) ;
#820 = AXIS2_PLACEMENT_3D ( 'NONE', #1846, #613, #445 ) ;
#821 = CARTESIAN_POINT ( 'NONE',  ( 0.2875000000000000333, -0.2750000000000000222, 0.000000000000000000 ) ) ;
#822 = LINE ( 'NONE', #18, #1973 ) ;
#823 = VECTOR ( 'NONE', #851, 39.37007874015748143 ) ;
#824 = CIRCLE ( 'NONE', #1950, 0.06250000000000001388 ) ;
#825 = EDGE_LOOP ( 'NONE', ( #890, #21 ) ) ;
#826 = DIRECTION ( 'NONE',  ( 1.000000000000000000, 0.000000000000000000, 0.000000000000000000 ) ) ;
#827 = ADVANCED_FACE ( 'NONE', ( #1457 ), #1639, .F. ) ;
#828 = CARTESIAN_POINT ( 'NONE',  ( -0.4074999999999999734, -1.019379921259842448, 0.2999999999999999889 ) ) ;
#829 = DIRECTION ( 'NONE',  ( 1.000000000000000000, 0.000000000000000000, 0.000000000000000000 ) ) ;
#830 =( CONVERSION_BASED_UNIT ( 'INCH', #1264 ) LENGTH_UNIT ( ) NAMED_UNIT ( #398 ) );
#831 = VERTEX_POINT ( 'NONE', #199 ) ;
#832 = VECTOR ( 'NONE', #33, 39.37007874015748143 ) ;
#833 = DIRECTION ( 'NONE',  ( 0.000000000000000000, 0.000000000000000000, 1.000000000000000000 ) ) ;
#834 = CARTESIAN_POINT ( 'NONE',  ( 0.000000000000000000, 0.000000000000000000, 0.2999999999999999889 ) ) ;
#835 = DIRECTION ( 'NONE',  ( 0.000000000000000000, 0.000000000000000000, 1.000000000000000000 ) ) ;
#836 = CARTESIAN_POINT ( 'NONE',  ( -0.7125000000000000222, -0.2750000000000000222, 0.000000000000000000 ) ) ;
#837 = EDGE_CURVE ( 'NONE', #925, #707, #1633, .T. ) ;
#838 =( NAMED_UNIT ( * ) PLANE_ANGLE_UNIT ( ) SI_UNIT ( $, .RADIAN. ) );
#839 = AXIS2_PLACEMENT_3D ( 'NONE', #1502, #408, #260 ) ;
#840 = ORIENTED_EDGE ( 'NONE', *, *, #1808, .T. ) ;
#841 = CARTESIAN_POINT ( 'NONE',  ( -0.9999999999999998890, 0.2750000000000000222, 0.2999999999999999889 ) ) ;
#842 = VECTOR ( 'NONE', #1622, 39.37007874015748143 ) ;
#843 = VERTEX_POINT ( 'NONE', #274 ) ;
#844 = VECTOR ( 'NONE', #1992, 39.37007874015748143 ) ;
#845 = LINE ( 'NONE', #70, #922 ) ;
#846 = DIRECTION ( 'NONE',  ( 1.000000000000000000, 0.000000000000000000, 0.000000000000000000 ) ) ;
#847 = DIRECTION ( 'NONE',  ( -0.000000000000000000, -0.000000000000000000, 1.000000000000000000 ) ) ;
#848 = EDGE_CURVE ( 'NONE', #85, #1023, #1063, .T. ) ;
#849 = CARTESIAN_POINT ( 'NONE',  ( 0.2250000000000000611, -0.2750000000000000222, 0.000000000000000000 ) ) ;
#850 = ORIENTED_EDGE ( 'NONE', *, *, #928, .F. ) ;
#851 = DIRECTION ( 'NONE',  ( -0.000000000000000000, -1.000000000000000000, -0.000000000000000000 ) ) ;
#852 = AXIS2_PLACEMENT_3D ( 'NONE', #1896, #68, #1131 ) ;
#853 = EDGE_LOOP ( 'NONE', ( #410, #1266, #117, #668 ) ) ;
#854 = CARTESIAN_POINT ( 'NONE',  ( -0.9999999999999998890, -1.499999999999999778, 0.000000000000000000 ) ) ;
#855 = CARTESIAN_POINT ( 'NONE',  ( 0.4074999999999999734, -1.121249999999999858, 0.000000000000000000 ) ) ;
#856 = CARTESIAN_POINT ( 'NONE',  ( -0.7124999999999998002, 0.2125000000000000222, 0.1350000000000000366 ) ) ;
#857 = CARTESIAN_POINT ( 'NONE',  ( -0.9999999999999998890, 0.2750000000000000222, -2.074246851269153424 ) ) ;
#858 = DIRECTION ( 'NONE',  ( 1.000000000000000000, 0.000000000000000000, 0.000000000000000000 ) ) ;
#859 = ORIENTED_EDGE ( 'NONE', *, *, #1082, .F. ) ;
#860 = CARTESIAN_POINT ( 'NONE',  ( -0.4074999999999999734, -1.121249999999999858, 0.2596299199999999585 ) ) ;
#861 = ORIENTED_EDGE ( 'NONE', *, *, #1631, .T. ) ;
#862 = CYLINDRICAL_SURFACE ( 'NONE', #181, 0.1624999999999999778 ) ;
#863 = DIRECTION ( 'NONE',  ( 0.000000000000000000, 0.000000000000000000, -1.000000000000000000 ) ) ;
#864 = DIRECTION ( 'NONE',  ( -1.000000000000000000, 0.000000000000000000, 0.000000000000000000 ) ) ;
#865 = DIRECTION ( 'NONE',  ( 0.000000000000000000, -1.000000000000000000, 0.000000000000000000 ) ) ;
#866 = ORIENTED_EDGE ( 'NONE', *, *, #259, .F. ) ;
#867 = DIRECTION ( 'NONE',  ( -0.000000000000000000, 0.000000000000000000, 1.000000000000000000 ) ) ;
#868 = EDGE_CURVE ( 'NONE', #1998, #806, #286, .T. ) ;
#869 = EDGE_CURVE ( 'NONE', #1207, #1895, #1812, .T. ) ;
#870 = ORIENTED_EDGE ( 'NONE', *, *, #1108, .F. ) ;
#871 = DIRECTION ( 'NONE',  ( 0.000000000000000000, 1.000000000000000000, 0.000000000000000000 ) ) ;
#872 = AXIS2_PLACEMENT_3D ( 'NONE', #393, #1553, #1676 ) ;
#873 = DIRECTION ( 'NONE',  ( -1.000000000000000000, 0.000000000000000000, 0.000000000000000000 ) ) ;
#874 = VECTOR ( 'NONE', #1470, 39.37007874015748143 ) ;
#875 = DIRECTION ( 'NONE',  ( 0.000000000000000000, 0.000000000000000000, -1.000000000000000000 ) ) ;
#876 = DIRECTION ( 'NONE',  ( -0.000000000000000000, -0.000000000000000000, 1.000000000000000000 ) ) ;
#877 = ORIENTED_EDGE ( 'NONE', *, *, #753, .F. ) ;
#878 = DIRECTION ( 'NONE',  ( 0.000000000000000000, -0.000000000000000000, -1.000000000000000000 ) ) ;
#879 = CYLINDRICAL_SURFACE ( 'NONE', #872, 0.06250000000000001388 ) ;
#880 = ORIENTED_EDGE ( 'NONE', *, *, #1165, .F. ) ;
#881 = VECTOR ( 'NONE', #244, 39.37007874015748143 ) ;
#882 = DIRECTION ( 'NONE',  ( 0.000000000000000000, 0.000000000000000000, -1.000000000000000000 ) ) ;
#883 = EDGE_CURVE ( 'NONE', #1028, #1884, #1420, .T. ) ;
#884 = AXIS2_PLACEMENT_3D ( 'NONE', #523, #1783, #1286 ) ;
#885 = CARTESIAN_POINT ( 'NONE',  ( 0.4074999999999999734, -1.121249999999999858, 0.2596299199999999585 ) ) ;
#886 = FACE_OUTER_BOUND ( 'NONE', #1634, .T. ) ;
#887 = ORIENTED_EDGE ( 'NONE', *, *, #1648, .F. ) ;
#888 = CARTESIAN_POINT ( 'NONE',  ( -0.4699999999999999734, -1.121249999999999858, 0.2596299199999999585 ) ) ;
#889 = ORIENTED_EDGE ( 'NONE', *, *, #1687, .T. ) ;
#890 = ORIENTED_EDGE ( 'NONE', *, *, #713, .T. ) ;
#891 = LINE ( 'NONE', #1521, #1161 ) ;
#892 = FACE_BOUND ( 'NONE', #825, .T. ) ;
#893 = DIRECTION ( 'NONE',  ( -1.000000000000000000, 0.000000000000000000, 0.000000000000000000 ) ) ;
#894 = EDGE_CURVE ( 'NONE', #1919, #1538, #157, .T. ) ;
#895 = LINE ( 'NONE', #1190, #619 ) ;
#896 = VERTEX_POINT ( 'NONE', #489 ) ;
#897 = ORIENTED_EDGE ( 'NONE', *, *, #1841, .F. ) ;
#898 = EDGE_CURVE ( 'NONE', #254, #1555, #147, .T. ) ;
#899 = CARTESIAN_POINT ( 'NONE',  ( 0.4074999999999999734, -1.128750000000000142, 0.2596299199999999585 ) ) ;
#900 = FACE_BOUND ( 'NONE', #403, .T. ) ;
#901 = ORIENTED_EDGE ( 'NONE', *, *, #1899, .T. ) ;
#902 = ORIENTED_EDGE ( 'NONE', *, *, #241, .T. ) ;
#903 = CARTESIAN_POINT ( 'NONE',  ( 0.4074999999999999734, 1.081879921259842225, 0.2596299199999999585 ) ) ;
#904 = FACE_OUTER_BOUND ( 'NONE', #799, .T. ) ;
#905 = AXIS2_PLACEMENT_3D ( 'NONE', #93, #1320, #1935 ) ;
#906 = AXIS2_PLACEMENT_3D ( 'NONE', #885, #427, #1958 ) ;
#907 = EDGE_CURVE ( 'NONE', #1418, #1715, #645, .T. ) ;
#908 = VERTEX_POINT ( 'NONE', #1237 ) ;
#909 = ORIENTED_EDGE ( 'NONE', *, *, #954, .T. ) ;
#910 = ORIENTED_EDGE ( 'NONE', *, *, #1923, .F. ) ;
#911 = EDGE_LOOP ( 'NONE', ( #494, #634, #1354, #87 ) ) ;
#912 = CIRCLE ( 'NONE', #104, 0.09375000000000005551 ) ;
#913 = CARTESIAN_POINT ( 'NONE',  ( -0.6499999999999999112, -0.2750000000000001887, 0.2999999999999999889 ) ) ;
#914 = AXIS2_PLACEMENT_3D ( 'NONE', #1635, #1475, #234 ) ;
#915 = CARTESIAN_POINT ( 'NONE',  ( -0.4074999999999999734, 1.191249999999999920, 0.000000000000000000 ) ) ;
#916 = ORIENTED_EDGE ( 'NONE', *, *, #560, .F. ) ;
#917 = ORIENTED_EDGE ( 'NONE', *, *, #1841, .T. ) ;
#918 = VERTEX_POINT ( 'NONE', #1397 ) ;
#919 = ORIENTED_EDGE ( 'NONE', *, *, #318, .F. ) ;
#920 = CARTESIAN_POINT ( 'NONE',  ( -0.4074999999999998623, -1.230620078740157552, 0.2999999999999999889 ) ) ;
#921 = CARTESIAN_POINT ( 'NONE',  ( 0.4699999999999999734, -1.168120078740157552, 0.2999999999999999889 ) ) ;
#922 = VECTOR ( 'NONE', #692, 39.37007874015748143 ) ;
#923 = ORIENTED_EDGE ( 'NONE', *, *, #624, .T. ) ;
#924 = CARTESIAN_POINT ( 'NONE',  ( -0.4074999999999999734, 1.081879921259842225, 0.2596299199999999585 ) ) ;
#925 = VERTEX_POINT ( 'NONE', #1267 ) ;
#926 = ORIENTED_EDGE ( 'NONE', *, *, #1254, .F. ) ;
#927 = CARTESIAN_POINT ( 'NONE',  ( 0.2875000000000000333, 0.2125000000000000500, 0.000000000000000000 ) ) ;
#928 = EDGE_CURVE ( 'NONE', #435, #2001, #1748, .T. ) ;
#929 = EDGE_CURVE ( 'NONE', #762, #1538, #800, .T. ) ;
#930 = EDGE_CURVE ( 'NONE', #264, #1942, #977, .T. ) ;
#931 = LINE ( 'NONE', #950, #378 ) ;
#932 = CARTESIAN_POINT ( 'NONE',  ( -0.4699999999999999734, 1.019379921259842448, 0.2999999999999999889 ) ) ;
#933 = CIRCLE ( 'NONE', #745, 0.1624999999999999778 ) ;
#934 = VERTEX_POINT ( 'NONE', #480 ) ;
#935 = VERTEX_POINT ( 'NONE', #1556 ) ;
#936 = CIRCLE ( 'NONE', #783, 0.1624999999999999778 ) ;
#937 = EDGE_LOOP ( 'NONE', ( #1646, #1485, #1545, #798 ) ) ;
#938 = ORIENTED_EDGE ( 'NONE', *, *, #930, .T. ) ;
#939 = DIRECTION ( 'NONE',  ( 0.000000000000000000, 1.000000000000000000, 0.000000000000000000 ) ) ;
#940 = DIRECTION ( 'NONE',  ( -1.000000000000000000, 0.000000000000000000, 0.000000000000000000 ) ) ;
#941 = VECTOR ( 'NONE', #265, 39.37007874015748143 ) ;
#942 = CARTESIAN_POINT ( 'NONE',  ( -0.9999999999999998890, -1.499999999999999778, 0.2999999999999999889 ) ) ;
#943 = DIRECTION ( 'NONE',  ( -0.000000000000000000, -0.000000000000000000, 1.000000000000000000 ) ) ;
#944 = DIRECTION ( 'NONE',  ( 1.000000000000000000, -0.000000000000000000, -0.000000000000000000 ) ) ;
#945 = EDGE_LOOP ( 'NONE', ( #1724, #479, #1378, #1253 ) ) ;
#946 = VERTEX_POINT ( 'NONE', #307 ) ;
#947 = DIRECTION ( 'NONE',  ( 0.000000000000000000, 0.000000000000000000, -1.000000000000000000 ) ) ;
#948 = AXIS2_PLACEMENT_3D ( 'NONE', #760, #1981, #588 ) ;
#949 = FACE_OUTER_BOUND ( 'NONE', #1520, .T. ) ;
#950 = CARTESIAN_POINT ( 'NONE',  ( -0.4699999999999999734, -1.230620078740157552, 0.2596299199999999585 ) ) ;
#951 = LINE ( 'NONE', #629, #1557 ) ;
#952 = ADVANCED_FACE ( 'NONE', ( #789 ), #1589, .F. ) ;
#953 = FACE_OUTER_BOUND ( 'NONE', #1053, .T. ) ;
#954 = EDGE_CURVE ( 'NONE', #185, #1697, #957, .T. ) ;
#955 = ORIENTED_EDGE ( 'NONE', *, *, #1483, .T. ) ;
#956 = VERTEX_POINT ( 'NONE', #1737 ) ;
#957 = LINE ( 'NONE', #636, #1238 ) ;
#958 = EDGE_CURVE ( 'NONE', #1207, #186, #1226, .T. ) ;
#959 = DIRECTION ( 'NONE',  ( 0.000000000000000000, 0.000000000000000000, -1.000000000000000000 ) ) ;
#960 = DIRECTION ( 'NONE',  ( -1.000000000000000000, 0.000000000000000000, 0.000000000000000000 ) ) ;
#961 = CARTESIAN_POINT ( 'NONE',  ( -0.7124999999999998002, 0.2749999999999999112, 0.000000000000000000 ) ) ;
#962 = DIRECTION ( 'NONE',  ( -0.000000000000000000, -0.000000000000000000, 1.000000000000000000 ) ) ;
#963 = CYLINDRICAL_SURFACE ( 'NONE', #614, 0.06250000000000001388 ) ;
#964 = AXIS2_PLACEMENT_3D ( 'NONE', #2000, #1079, #341 ) ;
#965 = LINE ( 'NONE', #1883, #1163 ) ;
#966 = AXIS2_PLACEMENT_3D ( 'NONE', #738, #1526, #1375 ) ;
#967 = EDGE_CURVE ( 'NONE', #979, #381, #819, .T. ) ;
#968 = VERTEX_POINT ( 'NONE', #328 ) ;
#969 = ORIENTED_EDGE ( 'NONE', *, *, #1006, .T. ) ;
#970 = PLANE ( 'NONE',  #589 ) ;
#971 = AXIS2_PLACEMENT_3D ( 'NONE', #924, #153, #782 ) ;
#972 = ORIENTED_EDGE ( 'NONE', *, *, #1400, .T. ) ;
#973 = DIRECTION ( 'NONE',  ( 1.000000000000000000, 0.000000000000000000, 0.000000000000000000 ) ) ;
#974 = FACE_OUTER_BOUND ( 'NONE', #1031, .T. ) ;
#975 = LINE ( 'NONE', #202, #874 ) ;
#976 = DIRECTION ( 'NONE',  ( 0.000000000000000000, -0.000000000000000000, 1.000000000000000000 ) ) ;
#977 = CIRCLE ( 'NONE', #1442, 0.06250000000000001388 ) ;
#978 = VECTOR ( 'NONE', #867, 39.37007874015748143 ) ;
#979 = VERTEX_POINT ( 'NONE', #452 ) ;
#980 = CARTESIAN_POINT ( 'NONE',  ( 0.4074999999999998623, -1.058750000000000080, 0.2596299199999999585 ) ) ;
#981 = EDGE_CURVE ( 'NONE', #1809, #1184, #1472, .T. ) ;
#982 = CARTESIAN_POINT ( 'NONE',  ( 0.4699999999999999734, 1.081879921259842225, 0.000000000000000000 ) ) ;
#983 = CARTESIAN_POINT ( 'NONE',  ( -0.7124999999999998002, 0.2125000000000000222, 0.2999999999999999889 ) ) ;
#984 = DIRECTION ( 'NONE',  ( -1.000000000000000000, 0.000000000000000000, 0.000000000000000000 ) ) ;
#985 = VERTEX_POINT ( 'NONE', #15 ) ;
#986 = CARTESIAN_POINT ( 'NONE',  ( 0.4074999999999998623, 1.019379921259842448, 0.2596299199999999585 ) ) ;
#987 = ORIENTED_EDGE ( 'NONE', *, *, #140, .F. ) ;
#988 = CARTESIAN_POINT ( 'NONE',  ( -0.6999999999999997335, 1.125000000000000000, 0.000000000000000000 ) ) ;
#989 = EDGE_CURVE ( 'NONE', #461, #1510, #1712, .T. ) ;
#990 = EDGE_CURVE ( 'NONE', #1532, #968, #1860, .T. ) ;
#991 = LINE ( 'NONE', #711, #1101 ) ;
#992 = CYLINDRICAL_SURFACE ( 'NONE', #1295, 0.06250000000000001388 ) ;
#993 = CARTESIAN_POINT ( 'NONE',  ( 1.000000000000000222, -1.499999999999999778, 0.000000000000000000 ) ) ;
#994 = VECTOR ( 'NONE', #1004, 39.37007874015748143 ) ;
#995 = ORIENTED_EDGE ( 'NONE', *, *, #1120, .T. ) ;
#996 = CARTESIAN_POINT ( 'NONE',  ( 0.4074999999999999734, 1.058750000000000080, 0.000000000000000000 ) ) ;
#997 = AXIS2_PLACEMENT_3D ( 'NONE', #1150, #1452, #846 ) ;
#998 = ORIENTED_EDGE ( 'NONE', *, *, #524, .T. ) ;
#999 = ORIENTED_EDGE ( 'NONE', *, *, #1819, .F. ) ;
#1000 = CARTESIAN_POINT ( 'NONE',  ( 0.4074999999999999734, 1.121249999999999858, 0.000000000000000000 ) ) ;
#1001 = VECTOR ( 'NONE', #229, 39.37007874015748143 ) ;
#1002 = PRODUCT_CONTEXT ( 'NONE', #493, 'mechanical' ) ;
#1003 = CARTESIAN_POINT ( 'NONE',  ( -0.4699999999999999734, 1.191249999999999920, 0.000000000000000000 ) ) ;
#1004 = DIRECTION ( 'NONE',  ( -0.000000000000000000, -1.000000000000000000, -0.000000000000000000 ) ) ;
#1005 = CARTESIAN_POINT ( 'NONE',  ( -0.4699999999999999734, -1.128750000000000142, 0.000000000000000000 ) ) ;
#1006 = EDGE_CURVE ( 'NONE', #1307, #572, #1136, .T. ) ;
#1007 = ORIENTED_EDGE ( 'NONE', *, *, #1108, .T. ) ;
#1008 = EDGE_CURVE ( 'NONE', #273, #1791, #1097, .T. ) ;
#1009 = FACE_OUTER_BOUND ( 'NONE', #344, .T. ) ;
#1010 = VECTOR ( 'NONE', #939, 39.37007874015748143 ) ;
#1011 = EDGE_LOOP ( 'NONE', ( #12, #125, #335, #1374 ) ) ;
#1012 = VERTEX_POINT ( 'NONE', #77 ) ;
#1013 = DIRECTION ( 'NONE',  ( 0.000000000000000000, 0.000000000000000000, -1.000000000000000000 ) ) ;
#1014 = DIRECTION ( 'NONE',  ( 1.000000000000000000, 0.000000000000000000, 0.000000000000000000 ) ) ;
#1015 = CARTESIAN_POINT ( 'NONE',  ( -0.6999999999999997335, -1.125000000000000000, 0.000000000000000000 ) ) ;
#1016 = CIRCLE ( 'NONE', #139, 0.1624999999999999778 ) ;
#1017 = DIRECTION ( 'NONE',  ( -1.000000000000000000, 0.000000000000000000, 0.000000000000000000 ) ) ;
#1018 = EDGE_CURVE ( 'NONE', #1214, #1071, #1905, .T. ) ;
#1019 = EDGE_CURVE ( 'NONE', #1942, #1185, #496, .T. ) ;
#1020 = EDGE_LOOP ( 'NONE', ( #643, #444, #1098, #1224 ) ) ;
#1021 = DIRECTION ( 'NONE',  ( -0.000000000000000000, -0.000000000000000000, 1.000000000000000000 ) ) ;
#1022 = ADVANCED_FACE ( 'NONE', ( #1009, #59 ), #970, .T. ) ;
#1023 = VERTEX_POINT ( 'NONE', #980 ) ;
#1024 = VERTEX_POINT ( 'NONE', #1773 ) ;
#1025 = PLANE ( 'NONE',  #640 ) ;
#1026 = FACE_BOUND ( 'NONE', #1419, .T. ) ;
#1027 = LINE ( 'NONE', #1189, #1064 ) ;
#1028 = VERTEX_POINT ( 'NONE', #41 ) ;
#1029 = EDGE_CURVE ( 'NONE', #908, #166, #345, .T. ) ;
#1030 = DIRECTION ( 'NONE',  ( 0.000000000000000000, 0.000000000000000000, 1.000000000000000000 ) ) ;
#1031 = EDGE_LOOP ( 'NONE', ( #571, #1325, #487, #99 ) ) ;
#1032 = ORIENTED_EDGE ( 'NONE', *, *, #1786, .T. ) ;
#1033 = CARTESIAN_POINT ( 'NONE',  ( -0.6999999999999997335, 1.125000000000000000, 0.1999999999999999833 ) ) ;
#1034 = VECTOR ( 'NONE', #210, 39.37007874015748143 ) ;
#1035 = LINE ( 'NONE', #1668, #844 ) ;
#1036 = FACE_OUTER_BOUND ( 'NONE', #1011, .T. ) ;
#1037 = DIRECTION ( 'NONE',  ( -0.000000000000000000, 0.000000000000000000, 1.000000000000000000 ) ) ;
#1038 = AXIS2_PLACEMENT_3D ( 'NONE', #1910, #49, #667 ) ;
#1039 = DIRECTION ( 'NONE',  ( 0.000000000000000000, 0.000000000000000000, -1.000000000000000000 ) ) ;
#1040 = CARTESIAN_POINT ( 'NONE',  ( -0.4074999999999999734, -1.191249999999999920, 0.000000000000000000 ) ) ;
#1041 = ORIENTED_EDGE ( 'NONE', *, *, #1289, .T. ) ;
#1042 = DIRECTION ( 'NONE',  ( -0.000000000000000000, 0.000000000000000000, 1.000000000000000000 ) ) ;
#1043 = ORIENTED_EDGE ( 'NONE', *, *, #1687, .F. ) ;
#1044 = AXIS2_PLACEMENT_3D ( 'NONE', #1776, #1925, #1054 ) ;
#1045 = DIRECTION ( 'NONE',  ( -0.000000000000000000, 1.000000000000000000, 0.000000000000000000 ) ) ;
#1046 = AXIS2_PLACEMENT_3D ( 'NONE', #1674, #1694, #706 ) ;
#1047 = LINE ( 'NONE', #768, #611 ) ;
#1048 = DIRECTION ( 'NONE',  ( -1.000000000000000000, 0.000000000000000000, -0.000000000000000000 ) ) ;
#1049 = DIRECTION ( 'NONE',  ( 0.000000000000000000, 0.000000000000000000, 1.000000000000000000 ) ) ;
#1050 = ORIENTED_EDGE ( 'NONE', *, *, #1729, .F. ) ;
#1051 = CARTESIAN_POINT ( 'NONE',  ( -0.4074999999999999734, 1.168120078740157552, 0.2999999999999999889 ) ) ;
#1052 = ORIENTED_EDGE ( 'NONE', *, *, #1586, .T. ) ;
#1053 = EDGE_LOOP ( 'NONE', ( #999, #1955, #1834, #1598 ) ) ;
#1054 = DIRECTION ( 'NONE',  ( 1.000000000000000000, 0.000000000000000000, 0.000000000000000000 ) ) ;
#1055 = EDGE_CURVE ( 'NONE', #934, #285, #698, .T. ) ;
#1056 = CARTESIAN_POINT ( 'NONE',  ( -0.4074999999999998623, 1.230620078740157552, 0.2596299199999999585 ) ) ;
#1057 = EDGE_CURVE ( 'NONE', #925, #896, #1456, .T. ) ;
#1058 = ORIENTED_EDGE ( 'NONE', *, *, #1230, .F. ) ;
#1059 = ORIENTED_EDGE ( 'NONE', *, *, #929, .F. ) ;
#1060 = CARTESIAN_POINT ( 'NONE',  ( -0.4699999999999999734, 1.128750000000000142, 0.2596299199999999585 ) ) ;
#1061 = ORIENTED_EDGE ( 'NONE', *, *, #928, .T. ) ;
#1062 = ORIENTED_EDGE ( 'NONE', *, *, #560, .T. ) ;
#1063 = LINE ( 'NONE', #1219, #719 ) ;
#1064 = VECTOR ( 'NONE', #1654, 39.37007874015748143 ) ;
#1065 = CIRCLE ( 'NONE', #576, 0.06250000000000001388 ) ;
#1066 = DIRECTION ( 'NONE',  ( -0.000000000000000000, -0.000000000000000000, 1.000000000000000000 ) ) ;
#1067 = CIRCLE ( 'NONE', #905, 0.09375000000000005551 ) ;
#1068 = DIRECTION ( 'NONE',  ( -0.000000000000000000, -0.000000000000000000, 1.000000000000000000 ) ) ;
#1069 = VECTOR ( 'NONE', #1788, 39.37007874015748143 ) ;
#1070 = AXIS2_PLACEMENT_3D ( 'NONE', #1245, #1865, #468 ) ;
#1071 = VERTEX_POINT ( 'NONE', #1294 ) ;
#1072 = DIRECTION ( 'NONE',  ( 0.000000000000000000, 0.000000000000000000, -1.000000000000000000 ) ) ;
#1073 = ORIENTED_EDGE ( 'NONE', *, *, #894, .T. ) ;
#1074 = EDGE_LOOP ( 'NONE', ( #1362, #1476, #1811, #550, #129, #1705, #1106, #279 ) ) ;
#1075 = DIRECTION ( 'NONE',  ( -0.000000000000000000, -0.000000000000000000, 1.000000000000000000 ) ) ;
#1076 = VECTOR ( 'NONE', #5, 39.37007874015748143 ) ;
#1077 = DIRECTION ( 'NONE',  ( -1.000000000000000000, 0.000000000000000000, 0.000000000000000000 ) ) ;
#1078 = AXIS2_PLACEMENT_3D ( 'NONE', #83, #392, #128 ) ;
#1079 = DIRECTION ( 'NONE',  ( 0.000000000000000000, 0.000000000000000000, 1.000000000000000000 ) ) ;
#1080 = ORIENTED_EDGE ( 'NONE', *, *, #981, .T. ) ;
#1081 = VERTEX_POINT ( 'NONE', #986 ) ;
#1082 = EDGE_CURVE ( 'NONE', #1185, #749, #288, .T. ) ;
#1083 = FACE_OUTER_BOUND ( 'NONE', #716, .T. ) ;
#1084 = EDGE_CURVE ( 'NONE', #166, #934, #1799, .T. ) ;
#1085 = ORIENTED_EDGE ( 'NONE', *, *, #1117, .T. ) ;
#1086 = EDGE_LOOP ( 'NONE', ( #578, #1138, #98, #534 ) ) ;
#1087 = CARTESIAN_POINT ( 'NONE',  ( -0.4074999999999999734, -1.081879921259842225, 0.2999999999999999889 ) ) ;
#1088 = CARTESIAN_POINT ( 'NONE',  ( -0.4699999999999999734, -1.191249999999999920, 0.000000000000000000 ) ) ;
#1089 = AXIS2_PLACEMENT_3D ( 'NONE', #988, #498, #1124 ) ;
#1090 = CARTESIAN_POINT ( 'NONE',  ( -0.6999999999999997335, 1.125000000000000000, 0.1999999999999999833 ) ) ;
#1091 = CARTESIAN_POINT ( 'NONE',  ( 0.000000000000000000, 0.000000000000000000, 0.2596299199999999585 ) ) ;
#1092 = EDGE_LOOP ( 'NONE', ( #1606, #1105, #1529, #1396 ) ) ;
#1093 = CARTESIAN_POINT ( 'NONE',  ( -0.8624999999999997113, 1.125000000000000000, 0.2999999999999999889 ) ) ;
#1094 = ORIENTED_EDGE ( 'NONE', *, *, #1057, .F. ) ;
#1095 = ADVANCED_FACE ( 'NONE', ( #1931 ), #1123, .F. ) ;
#1096 = ORIENTED_EDGE ( 'NONE', *, *, #1944, .T. ) ;
#1097 = LINE ( 'NONE', #315, #515 ) ;
#1098 = ORIENTED_EDGE ( 'NONE', *, *, #1754, .F. ) ;
#1099 = CARTESIAN_POINT ( 'NONE',  ( 0.9999999999999998890, 0.2750000000000000222, -2.074246851269153424 ) ) ;
#1100 = DIRECTION ( 'NONE',  ( 1.000000000000000000, 0.000000000000000000, 0.000000000000000000 ) ) ;
#1101 = VECTOR ( 'NONE', #529, 39.37007874015748143 ) ;
#1102 = PLANE ( 'NONE',  #1403 ) ;
#1103 = VECTOR ( 'NONE', #599, 39.37007874015748143 ) ;
#1104 = AXIS2_PLACEMENT_3D ( 'NONE', #1806, #1516, #81 ) ;
#1105 = ORIENTED_EDGE ( 'NONE', *, *, #1868, .F. ) ;
#1106 = ORIENTED_EDGE ( 'NONE', *, *, #1231, .F. ) ;
#1107 = CARTESIAN_POINT ( 'NONE',  ( -0.4699999999999999734, 1.081879921259842225, 0.000000000000000000 ) ) ;
#1108 = EDGE_CURVE ( 'NONE', #1415, #186, #514, .T. ) ;
#1109 = CARTESIAN_POINT ( 'NONE',  ( -0.4699999999999999734, 1.168120078740157552, 0.2999999999999999889 ) ) ;
#1110 = PLANE ( 'NONE',  #642 ) ;
#1111 = EDGE_CURVE ( 'NONE', #658, #1998, #197, .T. ) ;
#1112 = EDGE_CURVE ( 'NONE', #1697, #431, #1508, .T. ) ;
#1113 = ORIENTED_EDGE ( 'NONE', *, *, #1892, .T. ) ;
#1114 = ORIENTED_EDGE ( 'NONE', *, *, #1704, .T. ) ;
#1115 = DIRECTION ( 'NONE',  ( -0.000000000000000000, -0.000000000000000000, 1.000000000000000000 ) ) ;
#1116 = AXIS2_PLACEMENT_3D ( 'NONE', #1489, #1177, #893 ) ;
#1117 = EDGE_CURVE ( 'NONE', #1563, #96, #1448, .T. ) ;
#1118 = DIRECTION ( 'NONE',  ( -0.000000000000000000, -0.000000000000000000, -1.000000000000000000 ) ) ;
#1119 = DIRECTION ( 'NONE',  ( 0.000000000000000000, 1.000000000000000000, 0.000000000000000000 ) ) ;
#1120 = EDGE_CURVE ( 'NONE', #644, #1765, #1141, .T. ) ;
#1121 = ORIENTED_EDGE ( 'NONE', *, *, #1260, .F. ) ;
#1122 = ORIENTED_EDGE ( 'NONE', *, *, #1664, .F. ) ;
#1123 = CYLINDRICAL_SURFACE ( 'NONE', #1947, 0.06250000000000001388 ) ;
#1124 = DIRECTION ( 'NONE',  ( 1.000000000000000000, 0.000000000000000000, 0.000000000000000000 ) ) ;
#1125 = DIRECTION ( 'NONE',  ( -0.000000000000000000, -0.000000000000000000, 1.000000000000000000 ) ) ;
#1126 = FACE_OUTER_BOUND ( 'NONE', #1316, .T. ) ;
#1127 = AXIS2_PLACEMENT_3D ( 'NONE', #370, #557, #1017 ) ;
#1128 = FACE_OUTER_BOUND ( 'NONE', #631, .T. ) ;
#1129 = VECTOR ( 'NONE', #321, 39.37007874015748143 ) ;
#1130 = ORIENTED_EDGE ( 'NONE', *, *, #633, .F. ) ;
#1131 = DIRECTION ( 'NONE',  ( 1.000000000000000000, 0.000000000000000000, 0.000000000000000000 ) ) ;
#1132 = DIRECTION ( 'NONE',  ( -1.000000000000000000, -0.000000000000000000, -0.000000000000000000 ) ) ;
#1133 = DIRECTION ( 'NONE',  ( -0.000000000000000000, 0.000000000000000000, 1.000000000000000000 ) ) ;
#1134 = DIRECTION ( 'NONE',  ( 0.000000000000000000, 0.000000000000000000, -1.000000000000000000 ) ) ;
#1135 = CARTESIAN_POINT ( 'NONE',  ( 0.4699999999999999734, -1.191249999999999920, 0.2596299199999999585 ) ) ;
#1136 = CIRCLE ( 'NONE', #1210, 0.06250000000000001388 ) ;
#1137 = VECTOR ( 'NONE', #878, 39.37007874015748143 ) ;
#1138 = ORIENTED_EDGE ( 'NONE', *, *, #1867, .T. ) ;
#1139 = EDGE_CURVE ( 'NONE', #478, #273, #1444, .T. ) ;
#1140 = EDGE_CURVE ( 'NONE', #314, #1418, #796, .T. ) ;
#1141 = LINE ( 'NONE', #52, #1768 ) ;
#1142 = ORIENTED_EDGE ( 'NONE', *, *, #601, .F. ) ;
#1143 = CYLINDRICAL_SURFACE ( 'NONE', #1089, 0.09375000000000005551 ) ;
#1144 = DIRECTION ( 'NONE',  ( 0.000000000000000000, 0.000000000000000000, 1.000000000000000000 ) ) ;
#1145 = CYLINDRICAL_SURFACE ( 'NONE', #475, 0.06250000000000001388 ) ;
#1146 = EDGE_LOOP ( 'NONE', ( #1425, #1073, #1059, #923 ) ) ;
#1147 = DIRECTION ( 'NONE',  ( -1.000000000000000000, -0.000000000000000000, -0.000000000000000000 ) ) ;
#1148 = ORIENTED_EDGE ( 'NONE', *, *, #1417, .T. ) ;
#1149 = CARTESIAN_POINT ( 'NONE',  ( 1.000000000000000222, -1.499999999999999778, 0.2999999999999999889 ) ) ;
#1150 = CARTESIAN_POINT ( 'NONE',  ( -0.6999999999999997335, 1.125000000000000000, 0.1999999999999999833 ) ) ;
#1151 = DIRECTION ( 'NONE',  ( 1.000000000000000000, 0.000000000000000000, 0.000000000000000000 ) ) ;
#1152 = DIRECTION ( 'NONE',  ( -1.000000000000000000, 0.000000000000000000, 0.000000000000000000 ) ) ;
#1153 = DIRECTION ( 'NONE',  ( -0.000000000000000000, 0.000000000000000000, 1.000000000000000000 ) ) ;
#1154 = ORIENTED_EDGE ( 'NONE', *, *, #1231, .T. ) ;
#1155 = CARTESIAN_POINT ( 'NONE',  ( 0.4074999999999998623, -1.081879921259842225, 0.2596299199999999585 ) ) ;
#1156 = VECTOR ( 'NONE', #1176, 39.37007874015748143 ) ;
#1157 = ORIENTED_EDGE ( 'NONE', *, *, #1019, .T. ) ;
#1158 = ORIENTED_EDGE ( 'NONE', *, *, #907, .T. ) ;
#1159 = AXIS2_PLACEMENT_3D ( 'NONE', #473, #301, #6 ) ;
#1160 = DIRECTION ( 'NONE',  ( 1.000000000000000000, 0.000000000000000000, 0.000000000000000000 ) ) ;
#1161 = VECTOR ( 'NONE', #112, 39.37007874015748143 ) ;
#1162 = DIRECTION ( 'NONE',  ( 0.000000000000000000, 0.000000000000000000, -1.000000000000000000 ) ) ;
#1163 = VECTOR ( 'NONE', #57, 39.37007874015748143 ) ;
#1164 = DIRECTION ( 'NONE',  ( 1.000000000000000000, 0.000000000000000000, 0.000000000000000000 ) ) ;
#1165 = EDGE_CURVE ( 'NONE', #1528, #488, #507, .T. ) ;
#1166 = LINE ( 'NONE', #556, #1156 ) ;
#1167 = DIRECTION ( 'NONE',  ( 0.000000000000000000, 0.000000000000000000, -1.000000000000000000 ) ) ;
#1168 = PLANE ( 'NONE',  #1797 ) ;
#1169 = VECTOR ( 'NONE', #1689, 39.37007874015748143 ) ;
#1170 = EDGE_LOOP ( 'NONE', ( #1661, #1498, #137, #1625, #1774, #1339, #470, #1978 ) ) ;
#1171 = CARTESIAN_POINT ( 'NONE',  ( 0.4699999999999999734, -1.121249999999999858, 0.000000000000000000 ) ) ;
#1172 = AXIS2_PLACEMENT_3D ( 'NONE', #1535, #433, #580 ) ;
#1173 = VERTEX_POINT ( 'NONE', #1627 ) ;
#1174 = ORIENTED_EDGE ( 'NONE', *, *, #1283, .T. ) ;
#1175 = CYLINDRICAL_SURFACE ( 'NONE', #27, 0.1624999999999999778 ) ;
#1176 = DIRECTION ( 'NONE',  ( -0.000000000000000000, -0.000000000000000000, -1.000000000000000000 ) ) ;
#1177 = DIRECTION ( 'NONE',  ( 0.000000000000000000, 0.000000000000000000, -1.000000000000000000 ) ) ;
#1178 = CIRCLE ( 'NONE', #1477, 0.06250000000000001388 ) ;
#1179 = EDGE_CURVE ( 'NONE', #58, #1709, #198, .T. ) ;
#1180 = CARTESIAN_POINT ( 'NONE',  ( -0.4074999999999999734, -1.058750000000000080, 0.2596299199999999585 ) ) ;
#1181 = CARTESIAN_POINT ( 'NONE',  ( -0.6499999999999999112, 0.2125000000000000222, 0.1350000000000000089 ) ) ;
#1182 = EDGE_LOOP ( 'NONE', ( #1387, #251, #1964, #699 ) ) ;
#1183 = LINE ( 'NONE', #1820, #261 ) ;
#1184 = VERTEX_POINT ( 'NONE', #1340 ) ;
#1185 = VERTEX_POINT ( 'NONE', #1802 ) ;
#1186 = DIRECTION ( 'NONE',  ( 0.000000000000000000, 1.000000000000000000, 0.000000000000000000 ) ) ;
#1187 = LINE ( 'NONE', #759, #1976 ) ;
#1188 = PLANE ( 'NONE',  #1851 ) ;
#1189 = CARTESIAN_POINT ( 'NONE',  ( 0.4074999999999999734, 1.230620078740157552, 0.2596299199999999585 ) ) ;
#1190 = CARTESIAN_POINT ( 'NONE',  ( -0.4699999999999999734, -1.019379921259842448, 0.2596299199999999585 ) ) ;
#1191 = EDGE_LOOP ( 'NONE', ( #1464, #901, #765, #1174, #615, #1482, #1537, #1827 ) ) ;
#1192 = DIRECTION ( 'NONE',  ( 1.000000000000000000, 0.000000000000000000, 0.000000000000000000 ) ) ;
#1193 = PRODUCT_DEFINITION_CONTEXT ( 'detailed design', #1336, 'design' ) ;
#1194 = ADVANCED_FACE ( 'NONE', ( #900, #1495, #434 ), #1527, .F. ) ;
#1195 = ORIENTED_EDGE ( 'NONE', *, *, #101, .F. ) ;
#1196 = ORIENTED_EDGE ( 'NONE', *, *, #958, .T. ) ;
#1197 = DIRECTION ( 'NONE',  ( 0.000000000000000000, 0.000000000000000000, 1.000000000000000000 ) ) ;
#1198 = CIRCLE ( 'NONE', #1494, 0.09375000000000005551 ) ;
#1199 = VECTOR ( 'NONE', #1531, 39.37007874015748143 ) ;
#1200 = DIRECTION ( 'NONE',  ( 0.000000000000000000, 0.000000000000000000, 1.000000000000000000 ) ) ;
#1201 = PLANE ( 'NONE',  #454 ) ;
#1202 = ORIENTED_EDGE ( 'NONE', *, *, #663, .T. ) ;
#1203 = ORIENTED_EDGE ( 'NONE', *, *, #702, .F. ) ;
#1204 = PLANE ( 'NONE',  #1172 ) ;
#1205 = DIRECTION ( 'NONE',  ( -1.000000000000000000, 0.000000000000000000, 0.000000000000000000 ) ) ;
#1206 = PRODUCT_RELATED_PRODUCT_CATEGORY ( 'part', '', ( #334 ) ) ;
#1207 = VERTEX_POINT ( 'NONE', #97 ) ;
#1208 = EDGE_CURVE ( 'NONE', #525, #1682, #752, .T. ) ;
#1209 = ORIENTED_EDGE ( 'NONE', *, *, #1844, .T. ) ;
#1210 = AXIS2_PLACEMENT_3D ( 'NONE', #1087, #1871, #471 ) ;
#1211 = LINE ( 'NONE', #1679, #1761 ) ;
#1212 = LINE ( 'NONE', #1832, #232 ) ;
#1213 = CARTESIAN_POINT ( 'NONE',  ( -0.6999999999999997335, -1.125000000000000000, 0.1999999999999999833 ) ) ;
#1214 = VERTEX_POINT ( 'NONE', #253 ) ;
#1215 = ORIENTED_EDGE ( 'NONE', *, *, #1451, .F. ) ;
#1216 = DIRECTION ( 'NONE',  ( -1.000000000000000000, 0.000000000000000000, 0.000000000000000000 ) ) ;
#1217 = EDGE_LOOP ( 'NONE', ( #1007, #902, #917, #40, #595, #938, #1997, #1493 ) ) ;
#1218 = EDGE_LOOP ( 'NONE', ( #1032, #107, #1564, #1096, #78, #1293, #1113, #362 ) ) ;
#1219 = CARTESIAN_POINT ( 'NONE',  ( 0.4074999999999999734, -1.058750000000000080, 0.2596299199999999585 ) ) ;
#1220 = LINE ( 'NONE', #287, #1560 ) ;
#1221 = CARTESIAN_POINT ( 'NONE',  ( -0.7124999999999998002, 0.2750000000000000222, 0.1350000000000000644 ) ) ;
#1222 = ORIENTED_EDGE ( 'NONE', *, *, #1112, .F. ) ;
#1223 = ORIENTED_EDGE ( 'NONE', *, *, #816, .T. ) ;
#1224 = ORIENTED_EDGE ( 'NONE', *, *, #848, .F. ) ;
#1225 = ORIENTED_EDGE ( 'NONE', *, *, #414, .F. ) ;
#1226 = LINE ( 'NONE', #1107, #1076 ) ;
#1227 = VECTOR ( 'NONE', #1430, 39.37007874015748143 ) ;
#1228 = DIRECTION ( 'NONE',  ( 0.000000000000000000, 0.000000000000000000, 1.000000000000000000 ) ) ;
#1229 = VECTOR ( 'NONE', #1441, 39.37007874015748143 ) ;
#1230 = EDGE_CURVE ( 'NONE', #240, #166, #1836, .T. ) ;
#1231 = EDGE_CURVE ( 'NONE', #1801, #1682, #1183, .T. ) ;
#1232 = ORIENTED_EDGE ( 'NONE', *, *, #172, .T. ) ;
#1233 = CARTESIAN_POINT ( 'NONE',  ( -0.7125000000000000222, -0.2750000000000001887, 0.000000000000000000 ) ) ;
#1234 = DIRECTION ( 'NONE',  ( -1.000000000000000000, 0.000000000000000000, 0.000000000000000000 ) ) ;
#1235 = ORIENTED_EDGE ( 'NONE', *, *, #1743, .T. ) ;
#1236 = VERTEX_POINT ( 'NONE', #1941 ) ;
#1237 = CARTESIAN_POINT ( 'NONE',  ( 0.4074999999999998623, 1.191249999999999920, 0.000000000000000000 ) ) ;
#1238 = VECTOR ( 'NONE', #30, 39.37007874015748143 ) ;
#1239 = DIRECTION ( 'NONE',  ( 1.000000000000000000, 0.000000000000000000, 0.000000000000000000 ) ) ;
#1240 = CIRCLE ( 'NONE', #1571, 0.06250000000000001388 ) ;
#1241 = DIRECTION ( 'NONE',  ( 0.000000000000000000, 0.000000000000000000, -1.000000000000000000 ) ) ;
#1242 = FACE_OUTER_BOUND ( 'NONE', #1365, .T. ) ;
#1243 = EDGE_CURVE ( 'NONE', #96, #373, #1859, .T. ) ;
#1244 = EDGE_LOOP ( 'NONE', ( #176, #203, #1663, #1577 ) ) ;
#1245 = CARTESIAN_POINT ( 'NONE',  ( 0.4699999999999999734, 1.230620078740157552, 0.2596299199999999585 ) ) ;
#1246 = EDGE_LOOP ( 'NONE', ( #1373, #26 ) ) ;
#1247 = ORIENTED_EDGE ( 'NONE', *, *, #1140, .F. ) ;
#1248 = CARTESIAN_POINT ( 'NONE',  ( -0.9999999999999998890, -0.2750000000000000222, -2.074246851269153424 ) ) ;
#1249 = DIRECTION ( 'NONE',  ( 1.000000000000000000, 0.000000000000000000, 0.000000000000000000 ) ) ;
#1250 = CARTESIAN_POINT ( 'NONE',  ( -0.4699999999999999734, 1.128750000000000142, 0.2596299199999999585 ) ) ;
#1251 = DIRECTION ( 'NONE',  ( -1.000000000000000000, 0.000000000000000000, 0.000000000000000000 ) ) ;
#1252 = CARTESIAN_POINT ( 'NONE',  ( 0.000000000000000000, 0.000000000000000000, 0.2596299199999999585 ) ) ;
#1253 = ORIENTED_EDGE ( 'NONE', *, *, #1692, .T. ) ;
#1254 = EDGE_CURVE ( 'NONE', #146, #1467, #242, .T. ) ;
#1255 = ORIENTED_EDGE ( 'NONE', *, *, #84, .F. ) ;
#1256 = CARTESIAN_POINT ( 'NONE',  ( 0.4699999999999999734, -1.191249999999999920, 0.2999999999999999889 ) ) ;
#1257 = EDGE_CURVE ( 'NONE', #1525, #254, #1412, .T. ) ;
#1258 = EDGE_CURVE ( 'NONE', #85, #1791, #728, .T. ) ;
#1259 = DIRECTION ( 'NONE',  ( -0.000000000000000000, 0.000000000000000000, 1.000000000000000000 ) ) ;
#1260 = EDGE_CURVE ( 'NONE', #175, #1877, #717, .T. ) ;
#1261 = CYLINDRICAL_SURFACE ( 'NONE', #1462, 0.09375000000000005551 ) ;
#1262 = CYLINDRICAL_SURFACE ( 'NONE', #92, 0.09375000000000005551 ) ;
#1263 = VECTOR ( 'NONE', #1288, 39.37007874015748143 ) ;
#1264 = LENGTH_MEASURE_WITH_UNIT ( LENGTH_MEASURE( 0.02539999999999999897 ), #193 );
#1265 = ORIENTED_EDGE ( 'NONE', *, *, #1350, .T. ) ;
#1266 = ORIENTED_EDGE ( 'NONE', *, *, #1018, .F. ) ;
#1267 = CARTESIAN_POINT ( 'NONE',  ( -0.8624999999999997113, -1.125000000000000000, 0.1999999999999999833 ) ) ;
#1268 = EDGE_CURVE ( 'NONE', #1406, #1747, #1917, .T. ) ;
#1269 = CARTESIAN_POINT ( 'NONE',  ( -0.4074999999999999734, -1.128750000000000142, 0.000000000000000000 ) ) ;
#1270 = CARTESIAN_POINT ( 'NONE',  ( 0.9999999999999998890, -0.2750000000000000222, 0.2999999999999999889 ) ) ;
#1271 = AXIS2_PLACEMENT_3D ( 'NONE', #637, #959, #808 ) ;
#1272 = DIRECTION ( 'NONE',  ( 0.000000000000000000, 0.000000000000000000, 1.000000000000000000 ) ) ;
#1273 = SURFACE_STYLE_FILL_AREA ( #1423 ) ;
#1274 = EDGE_LOOP ( 'NONE', ( #1122, #1618, #700, #1050 ) ) ;
#1275 = ORIENTED_EDGE ( 'NONE', *, *, #1934, .F. ) ;
#1276 = CARTESIAN_POINT ( 'NONE',  ( -0.8624999999999997113, -1.125000000000000000, 0.1999999999999999833 ) ) ;
#1277 = AXIS2_PLACEMENT_3D ( 'NONE', #338, #44, #1592 ) ;
#1278 = CYLINDRICAL_SURFACE ( 'NONE', #1271, 0.06250000000000001388 ) ;
#1279 = DIRECTION ( 'NONE',  ( -0.000000000000000000, -0.000000000000000000, 1.000000000000000000 ) ) ;
#1280 = DIRECTION ( 'NONE',  ( 0.000000000000000000, 0.000000000000000000, -1.000000000000000000 ) ) ;
#1281 = CARTESIAN_POINT ( 'NONE',  ( 1.000000000000000222, -1.499999999999999778, 0.000000000000000000 ) ) ;
#1282 = DIRECTION ( 'NONE',  ( -1.000000000000000000, 0.000000000000000000, 0.000000000000000000 ) ) ;
#1283 = EDGE_CURVE ( 'NONE', #1895, #644, #168, .T. ) ;
#1284 = CARTESIAN_POINT ( 'NONE',  ( 0.4074999999999998623, 1.191249999999999920, 0.2596299199999999585 ) ) ;
#1285 = VERTEX_POINT ( 'NONE', #594 ) ;
#1286 = DIRECTION ( 'NONE',  ( -1.000000000000000000, 0.000000000000000000, 0.000000000000000000 ) ) ;
#1287 = CARTESIAN_POINT ( 'NONE',  ( 0.4699999999999999734, -1.121249999999999858, 0.2596299199999999585 ) ) ;
#1288 = DIRECTION ( 'NONE',  ( 1.000000000000000000, 0.000000000000000000, 0.000000000000000000 ) ) ;
#1289 = EDGE_CURVE ( 'NONE', #306, #478, #401, .T. ) ;
#1290 = SURFACE_SIDE_STYLE ('',( #1273 ) ) ;
#1291 = VECTOR ( 'NONE', #1945, 39.37007874015748143 ) ;
#1292 = VECTOR ( 'NONE', #1999, 39.37007874015748143 ) ;
#1293 = ORIENTED_EDGE ( 'NONE', *, *, #1943, .T. ) ;
#1294 = CARTESIAN_POINT ( 'NONE',  ( -0.9999999999999998890, 0.2750000000000000222, 0.2999999999999999889 ) ) ;
#1295 = AXIS2_PLACEMENT_3D ( 'NONE', #56, #1134, #984 ) ;
#1296 = AXIS2_PLACEMENT_3D ( 'NONE', #673, #173, #1901 ) ;
#1297 = VERTEX_POINT ( 'NONE', #1963 ) ;
#1298 = DIRECTION ( 'NONE',  ( -1.000000000000000000, 0.000000000000000000, -0.000000000000000000 ) ) ;
#1299 = DIRECTION ( 'NONE',  ( 1.000000000000000000, 0.000000000000000000, 0.000000000000000000 ) ) ;
#1300 = FACE_OUTER_BOUND ( 'NONE', #415, .T. ) ;
#1301 = VECTOR ( 'NONE', #245, 39.37007874015748143 ) ;
#1302 = LINE ( 'NONE', #1605, #36 ) ;
#1303 = AXIS2_PLACEMENT_3D ( 'NONE', #627, #947, #1438 ) ;
#1304 = AXIS2_PLACEMENT_3D ( 'NONE', #1051, #263, #1205 ) ;
#1305 = ORIENTED_EDGE ( 'NONE', *, *, #1892, .F. ) ;
#1306 = DIRECTION ( 'NONE',  ( 0.000000000000000000, 0.000000000000000000, 1.000000000000000000 ) ) ;
#1307 = VERTEX_POINT ( 'NONE', #1519 ) ;
#1308 = CARTESIAN_POINT ( 'NONE',  ( -0.5374999999999997558, 1.125000000000000000, 0.1999999999999999833 ) ) ;
#1309 = DIRECTION ( 'NONE',  ( 1.000000000000000000, 0.000000000000000000, 0.000000000000000000 ) ) ;
#1310 = CARTESIAN_POINT ( 'NONE',  ( -0.4074999999999999734, 1.128750000000000142, 0.2596299199999999585 ) ) ;
#1311 = CYLINDRICAL_SURFACE ( 'NONE', #215, 0.06250000000000001388 ) ;
#1312 = ORIENTED_EDGE ( 'NONE', *, *, #502, .F. ) ;
#1313 = DIRECTION ( 'NONE',  ( -0.000000000000000000, -0.000000000000000000, 1.000000000000000000 ) ) ;
#1314 = EDGE_CURVE ( 'NONE', #1342, #1012, #1240, .T. ) ;
#1315 = ORIENTED_EDGE ( 'NONE', *, *, #1120, .F. ) ;
#1316 = EDGE_LOOP ( 'NONE', ( #763, #513, #797, #926 ) ) ;
#1317 = ADVANCED_FACE ( 'NONE', ( #739 ), #1364, .F. ) ;
#1318 = CYLINDRICAL_SURFACE ( 'NONE', #1685, 0.06250000000000001388 ) ;
#1319 = DIRECTION ( 'NONE',  ( 0.000000000000000000, 0.000000000000000000, 1.000000000000000000 ) ) ;
#1320 = DIRECTION ( 'NONE',  ( -0.000000000000000000, -0.000000000000000000, -1.000000000000000000 ) ) ;
#1321 = CARTESIAN_POINT ( 'NONE',  ( 0.4699999999999999734, -1.081879921259842225, 0.2999999999999999889 ) ) ;
#1322 = ADVANCED_FACE ( 'NONE', ( #1683 ), #272, .F. ) ;
#1323 = CARTESIAN_POINT ( 'NONE',  ( -0.6999999999999997335, 1.125000000000000000, 0.1999999999999999833 ) ) ;
#1324 = CIRCLE ( 'NONE', #777, 0.06249999999999995143 ) ;
#1325 = ORIENTED_EDGE ( 'NONE', *, *, #568, .F. ) ;
#1326 = VECTOR ( 'NONE', #1501, 39.37007874015748143 ) ;
#1327 = CARTESIAN_POINT ( 'NONE',  ( 0.2875000000000000333, 0.2125000000000000500, 0.1350000000000000644 ) ) ;
#1328 = AXIS2_PLACEMENT_3D ( 'NONE', #903, #1066, #1514 ) ;
#1329 = ORIENTED_EDGE ( 'NONE', *, *, #237, .T. ) ;
#1330 = CIRCLE ( 'NONE', #710, 0.06250000000000001388 ) ;
#1331 = CIRCLE ( 'NONE', #448, 0.06250000000000001388 ) ;
#1332 = FACE_OUTER_BOUND ( 'NONE', #1826, .T. ) ;
#1333 = VECTOR ( 'NONE', #944, 39.37007874015748143 ) ;
#1334 = ADVANCED_FACE ( 'NONE', ( #1083 ), #1204, .T. ) ;
#1335 = CARTESIAN_POINT ( 'NONE',  ( -0.6999999999999997335, -1.125000000000000000, 0.000000000000000000 ) ) ;
#1336 = APPLICATION_CONTEXT ( 'automotive_design' ) ;
#1337 = DIRECTION ( 'NONE',  ( 0.000000000000000000, 0.000000000000000000, 1.000000000000000000 ) ) ;
#1338 = CIRCLE ( 'NONE', #1856, 0.09375000000000005551 ) ;
#1339 = ORIENTED_EDGE ( 'NONE', *, *, #1754, .T. ) ;
#1340 = CARTESIAN_POINT ( 'NONE',  ( 0.2250000000000000611, 0.2125000000000000222, 0.000000000000000000 ) ) ;
#1341 = CIRCLE ( 'NONE', #407, 0.06250000000000001388 ) ;
#1342 = VERTEX_POINT ( 'NONE', #1693 ) ;
#1343 = ORIENTED_EDGE ( 'NONE', *, *, #633, .T. ) ;
#1344 = LINE ( 'NONE', #1678, #586 ) ;
#1345 = DIRECTION ( 'NONE',  ( -1.000000000000000000, 0.000000000000000000, 0.000000000000000000 ) ) ;
#1346 = DIRECTION ( 'NONE',  ( -0.000000000000000000, 0.000000000000000000, 1.000000000000000000 ) ) ;
#1347 = FACE_OUTER_BOUND ( 'NONE', #741, .T. ) ;
#1348 = DIRECTION ( 'NONE',  ( 1.000000000000000000, 0.000000000000000000, 0.000000000000000000 ) ) ;
#1349 = ORIENTED_EDGE ( 'NONE', *, *, #757, .F. ) ;
#1350 = EDGE_CURVE ( 'NONE', #3, #185, #824, .T. ) ;
#1351 = FACE_OUTER_BOUND ( 'NONE', #621, .T. ) ;
#1352 = DIRECTION ( 'NONE',  ( 1.000000000000000000, 0.000000000000000000, 0.000000000000000000 ) ) ;
#1353 = ORIENTED_EDGE ( 'NONE', *, *, #101, .T. ) ;
#1354 = ORIENTED_EDGE ( 'NONE', *, *, #1359, .F. ) ;
#1355 = CARTESIAN_POINT ( 'NONE',  ( -0.4699999999999999734, -1.168120078740157552, 0.2596299199999999585 ) ) ;
#1356 = LINE ( 'NONE', #1967, #1103 ) ;
#1357 = DIRECTION ( 'NONE',  ( 0.000000000000000000, 0.000000000000000000, 1.000000000000000000 ) ) ;
#1358 = DIRECTION ( 'NONE',  ( 0.000000000000000000, 1.000000000000000000, 0.000000000000000000 ) ) ;
#1359 = EDGE_CURVE ( 'NONE', #385, #1415, #1341, .T. ) ;
#1360 = ADVANCED_FACE ( 'NONE', ( #127 ), #1996, .F. ) ;
#1361 = EDGE_LOOP ( 'NONE', ( #1509, #1349, #1225, #754 ) ) ;
#1362 = ORIENTED_EDGE ( 'NONE', *, *, #172, .F. ) ;
#1363 = VECTOR ( 'NONE', #151, 39.37007874015748143 ) ;
#1364 = CYLINDRICAL_SURFACE ( 'NONE', #555, 0.06249999999999995143 ) ;
#1365 = EDGE_LOOP ( 'NONE', ( #1838, #167, #1524, #1551 ) ) ;
#1366 = ORIENTED_EDGE ( 'NONE', *, *, #1139, .F. ) ;
#1367 = CARTESIAN_POINT ( 'NONE',  ( 0.4074999999999999734, -1.128750000000000142, 0.000000000000000000 ) ) ;
#1368 = AXIS2_PLACEMENT_3D ( 'NONE', #983, #1611, #1908 ) ;
#1369 = AXIS2_PLACEMENT_3D ( 'NONE', #339, #1280, #940 ) ;
#1370 = AXIS2_PLACEMENT_3D ( 'NONE', #1323, #1337, #105 ) ;
#1371 = DIRECTION ( 'NONE',  ( 1.000000000000000000, 0.000000000000000000, 0.000000000000000000 ) ) ;
#1372 = FACE_OUTER_BOUND ( 'NONE', #569, .T. ) ;
#1373 = ORIENTED_EDGE ( 'NONE', *, *, #1268, .T. ) ;
#1374 = ORIENTED_EDGE ( 'NONE', *, *, #388, .T. ) ;
#1375 = DIRECTION ( 'NONE',  ( 0.000000000000000000, 0.000000000000000000, 1.000000000000000000 ) ) ;
#1376 = DIRECTION ( 'NONE',  ( -1.000000000000000000, 0.000000000000000000, 0.000000000000000000 ) ) ;
#1377 = ORIENTED_EDGE ( 'NONE', *, *, #758, .F. ) ;
#1378 = ORIENTED_EDGE ( 'NONE', *, *, #954, .F. ) ;
#1379 = CIRCLE ( 'NONE', #355, 0.06250000000000001388 ) ;
#1380 = ADVANCED_FACE ( 'NONE', ( #771 ), #1506, .T. ) ;
#1381 = CARTESIAN_POINT ( 'NONE',  ( 0.2875000000000000333, 0.2750000000000000222, 0.000000000000000000 ) ) ;
#1382 = VECTOR ( 'NONE', #1458, 39.37007874015748143 ) ;
#1383 = CYLINDRICAL_SURFACE ( 'NONE', #689, 0.06250000000000001388 ) ;
#1384 = ORIENTED_EDGE ( 'NONE', *, *, #990, .T. ) ;
#1385 = CARTESIAN_POINT ( 'NONE',  ( 0.4699999999999999734, -1.128750000000000142, 0.2596299199999999585 ) ) ;
#1386 = ORIENTED_EDGE ( 'NONE', *, *, #1451, .T. ) ;
#1387 = ORIENTED_EDGE ( 'NONE', *, *, #241, .F. ) ;
#1388 = ADVANCED_FACE ( 'NONE', ( #1351 ), #751, .F. ) ;
#1389 = EDGE_CURVE ( 'NONE', #1801, #3, #1986, .T. ) ;
#1390 = FACE_BOUND ( 'NONE', #603, .T. ) ;
#1391 = LINE ( 'NONE', #17, #1638 ) ;
#1392 = ADVANCED_FACE ( 'NONE', ( #60 ), #879, .F. ) ;
#1393 = EDGE_LOOP ( 'NONE', ( #1690, #718, #1565, #805, #1782, #1235, #51, #522 ) ) ;
#1394 = FACE_OUTER_BOUND ( 'NONE', #815, .T. ) ;
#1395 = EDGE_LOOP ( 'NONE', ( #255, #1628 ) ) ;
#1396 = ORIENTED_EDGE ( 'NONE', *, *, #1951, .T. ) ;
#1397 = CARTESIAN_POINT ( 'NONE',  ( 0.4074999999999999734, 1.230620078740157552, 0.2596299199999999585 ) ) ;
#1398 = AXIS2_PLACEMENT_3D ( 'NONE', #1090, #1118, #484 ) ;
#1399 = CARTESIAN_POINT ( 'NONE',  ( 0.4074999999999998623, -1.019379921259842448, 0.2999999999999999889 ) ) ;
#1400 = EDGE_CURVE ( 'NONE', #806, #381, #1624, .T. ) ;
#1401 = DIRECTION ( 'NONE',  ( -1.000000000000000000, 0.000000000000000000, 0.000000000000000000 ) ) ;
#1402 = CARTESIAN_POINT ( 'NONE',  ( 0.4074999999999999734, -1.168120078740157552, 0.2999999999999999889 ) ) ;
#1403 = AXIS2_PLACEMENT_3D ( 'NONE', #1252, #164, #1985 ) ;
#1404 = ORIENTED_EDGE ( 'NONE', *, *, #184, .F. ) ;
#1405 = DIRECTION ( 'NONE',  ( -0.000000000000000000, 1.000000000000000000, 0.000000000000000000 ) ) ;
#1406 = VERTEX_POINT ( 'NONE', #1948 ) ;
#1407 = ORIENTED_EDGE ( 'NONE', *, *, #1084, .F. ) ;
#1408 = DIRECTION ( 'NONE',  ( 0.000000000000000000, 0.000000000000000000, -1.000000000000000000 ) ) ;
#1409 = CIRCLE ( 'NONE', #1567, 0.06250000000000001388 ) ;
#1410 = AXIS2_PLACEMENT_3D ( 'NONE', #1719, #89, #1160 ) ;
#1411 = CARTESIAN_POINT ( 'NONE',  ( 0.9999999999999998890, -0.2750000000000000222, 0.2999999999999999889 ) ) ;
#1412 = CIRCLE ( 'NONE', #458, 0.09375000000000005551 ) ;
#1413 = CYLINDRICAL_SURFACE ( 'NONE', #1368, 0.06249999999999995143 ) ;
#1414 = DIRECTION ( 'NONE',  ( 0.000000000000000000, -0.000000000000000000, 1.000000000000000000 ) ) ;
#1415 = VERTEX_POINT ( 'NONE', #276 ) ;
#1416 = EDGE_CURVE ( 'NONE', #707, #156, #1574, .T. ) ;
#1417 = EDGE_CURVE ( 'NONE', #1012, #1809, #951, .T. ) ;
#1418 = VERTEX_POINT ( 'NONE', #1594 ) ;
#1419 = EDGE_LOOP ( 'NONE', ( #1154, #562, #767, #1062, #1353, #343, #1972, #119 ) ) ;
#1420 = LINE ( 'NONE', #1717, #325 ) ;
#1421 = DIRECTION ( 'NONE',  ( -0.000000000000000000, -0.000000000000000000, 1.000000000000000000 ) ) ;
#1422 = DIRECTION ( 'NONE',  ( 0.000000000000000000, -0.000000000000000000, 1.000000000000000000 ) ) ;
#1423 = FILL_AREA_STYLE ('',( #485 ) ) ;
#1424 = EDGE_LOOP ( 'NONE', ( #1857, #1404, #223, #1386 ) ) ;
#1425 = ORIENTED_EDGE ( 'NONE', *, *, #353, .T. ) ;
#1426 = DIRECTION ( 'NONE',  ( 0.000000000000000000, -1.000000000000000000, 0.000000000000000000 ) ) ;
#1427 = CARTESIAN_POINT ( 'NONE',  ( 0.2250000000000000611, -0.2750000000000000222, 0.2999999999999999889 ) ) ;
#1428 = CIRCLE ( 'NONE', #839, 0.1624999999999999778 ) ;
#1429 = CARTESIAN_POINT ( 'NONE',  ( -0.6062499999999997335, -1.125000000000000000, 0.000000000000000000 ) ) ;
#1430 = DIRECTION ( 'NONE',  ( 0.000000000000000000, -0.000000000000000000, -1.000000000000000000 ) ) ;
#1431 = CIRCLE ( 'NONE', #477, 0.06250000000000001388 ) ;
#1432 = CYLINDRICAL_SURFACE ( 'NONE', #544, 0.06250000000000001388 ) ;
#1433 = AXIS2_PLACEMENT_3D ( 'NONE', #1713, #319, #662 ) ;
#1434 = PRODUCT_DEFINITION_SHAPE ( 'NONE', 'NONE',  #1572 ) ;
#1435 = CIRCLE ( 'NONE', #1296, 0.06250000000000001388 ) ;
#1436 = ORIENTED_EDGE ( 'NONE', *, *, #501, .F. ) ;
#1437 = ORIENTED_EDGE ( 'NONE', *, *, #1934, .T. ) ;
#1438 = DIRECTION ( 'NONE',  ( -1.000000000000000000, 0.000000000000000000, -0.000000000000000000 ) ) ;
#1439 = EDGE_LOOP ( 'NONE', ( #1275, #302, #1407, #1983 ) ) ;
#1440 = PLANE ( 'NONE',  #50 ) ;
#1441 = DIRECTION ( 'NONE',  ( 0.000000000000000000, 1.000000000000000000, 0.000000000000000000 ) ) ;
#1442 = AXIS2_PLACEMENT_3D ( 'NONE', #169, #1408, #22 ) ;
#1443 = ADVANCED_FACE ( 'NONE', ( #639 ), #1261, .F. ) ;
#1444 = CIRCLE ( 'NONE', #721, 0.06250000000000001388 ) ;
#1445 = CARTESIAN_POINT ( 'NONE',  ( -0.6999999999999997335, -1.125000000000000000, 0.000000000000000000 ) ) ;
#1446 = CARTESIAN_POINT ( 'NONE',  ( 0.2250000000000000611, 0.2750000000000000222, 0.000000000000000000 ) ) ;
#1447 = ORIENTED_EDGE ( 'NONE', *, *, #702, .T. ) ;
#1448 = LINE ( 'NONE', #1792, #356 ) ;
#1449 = DIRECTION ( 'NONE',  ( -0.000000000000000000, -0.000000000000000000, -1.000000000000000000 ) ) ;
#1450 = ADVANCED_FACE ( 'NONE', ( #1733 ), #1110, .T. ) ;
#1451 = EDGE_CURVE ( 'NONE', #1709, #58, #1818, .T. ) ;
#1452 = DIRECTION ( 'NONE',  ( -0.000000000000000000, -0.000000000000000000, 1.000000000000000000 ) ) ;
#1453 = LINE ( 'NONE', #351, #1911 ) ;
#1454 = LINE ( 'NONE', #361, #1940 ) ;
#1455 = EDGE_LOOP ( 'NONE', ( #1247, #450, #451, #29 ) ) ;
#1456 = LINE ( 'NONE', #1276, #793 ) ;
#1457 = FACE_OUTER_BOUND ( 'NONE', #1542, .T. ) ;
#1458 = DIRECTION ( 'NONE',  ( 1.000000000000000000, 0.000000000000000000, 0.000000000000000000 ) ) ;
#1459 = EDGE_CURVE ( 'NONE', #1682, #85, #94, .T. ) ;
#1460 = CARTESIAN_POINT ( 'NONE',  ( -0.6999999999999997335, -1.125000000000000000, 0.2999999999999999889 ) ) ;
#1461 = CARTESIAN_POINT ( 'NONE',  ( -0.4074999999999999734, 1.168120078740157552, 0.000000000000000000 ) ) ;
#1462 = AXIS2_PLACEMENT_3D ( 'NONE', #1445, #1874, #1100 ) ;
#1463 = VECTOR ( 'NONE', #16, 39.37007874015748143 ) ;
#1464 = ORIENTED_EDGE ( 'NONE', *, *, #1500, .F. ) ;
#1465 = DIRECTION ( 'NONE',  ( 1.000000000000000000, 0.000000000000000000, -0.000000000000000000 ) ) ;
#1466 = UNCERTAINTY_MEASURE_WITH_UNIT (LENGTH_MEASURE( 1.000000000000000082E-05 ), #830, 'distance_accuracy_value', 'NONE');
#1467 = VERTEX_POINT ( 'NONE', #1250 ) ;
#1468 = DIRECTION ( 'NONE',  ( -1.000000000000000000, 0.000000000000000000, 0.000000000000000000 ) ) ;
#1469 = CARTESIAN_POINT ( 'NONE',  ( -0.4074999999999999734, -1.081879921259842225, 0.2596299199999999585 ) ) ;
#1470 = DIRECTION ( 'NONE',  ( -0.000000000000000000, -0.000000000000000000, -1.000000000000000000 ) ) ;
#1471 = DIRECTION ( 'NONE',  ( -0.000000000000000000, 1.000000000000000000, -0.000000000000000000 ) ) ;
#1472 = CIRCLE ( 'NONE', #1707, 0.06250000000000001388 ) ;
#1473 = EDGE_CURVE ( 'NONE', #730, #146, #1065, .T. ) ;
#1474 = EDGE_LOOP ( 'NONE', ( #612, #657, #1222, #195 ) ) ;
#1475 = DIRECTION ( 'NONE',  ( 0.000000000000000000, 0.000000000000000000, -1.000000000000000000 ) ) ;
#1476 = ORIENTED_EDGE ( 'NONE', *, *, #1959, .T. ) ;
#1477 = AXIS2_PLACEMENT_3D ( 'NONE', #1269, #1777, #960 ) ;
#1478 = DIRECTION ( 'NONE',  ( 0.000000000000000000, 1.000000000000000000, 0.000000000000000000 ) ) ;
#1479 = DIRECTION ( 'NONE',  ( 0.000000000000000000, 0.000000000000000000, -1.000000000000000000 ) ) ;
#1480 = DIRECTION ( 'NONE',  ( 0.000000000000000000, 0.000000000000000000, -1.000000000000000000 ) ) ;
#1481 = CARTESIAN_POINT ( 'NONE',  ( -0.9999999999999998890, 0.2750000000000001887, 0.000000000000000000 ) ) ;
#1482 = ORIENTED_EDGE ( 'NONE', *, *, #123, .T. ) ;
#1483 = EDGE_CURVE ( 'NONE', #240, #730, #822, .T. ) ;
#1484 = DIRECTION ( 'NONE',  ( 1.000000000000000000, 0.000000000000000000, 0.000000000000000000 ) ) ;
#1485 = ORIENTED_EDGE ( 'NONE', *, *, #1536, .T. ) ;
#1486 = VERTEX_POINT ( 'NONE', #492 ) ;
#1487 = FACE_OUTER_BOUND ( 'NONE', #1395, .T. ) ;
#1488 = DIRECTION ( 'NONE',  ( -1.000000000000000000, 0.000000000000000000, 0.000000000000000000 ) ) ;
#1489 = CARTESIAN_POINT ( 'NONE',  ( 0.4074999999999999734, -1.128750000000000142, 0.000000000000000000 ) ) ;
#1490 = DIRECTION ( 'NONE',  ( -0.000000000000000000, -0.000000000000000000, 1.000000000000000000 ) ) ;
#1491 = DIRECTION ( 'NONE',  ( 0.000000000000000000, -0.000000000000000000, -1.000000000000000000 ) ) ;
#1492 = CIRCLE ( 'NONE', #1127, 0.06250000000000001388 ) ;
#1493 = ORIENTED_EDGE ( 'NONE', *, *, #1359, .T. ) ;
#1494 = AXIS2_PLACEMENT_3D ( 'NONE', #1335, #1133, #64 ) ;
#1495 = FACE_OUTER_BOUND ( 'NONE', #853, .T. ) ;
#1496 = AXIS2_PLACEMENT_3D ( 'NONE', #23, #45, #1077 ) ;
#1497 = ORIENTED_EDGE ( 'NONE', *, *, #1534, .T. ) ;
#1498 = ORIENTED_EDGE ( 'NONE', *, *, #1664, .T. ) ;
#1499 = CARTESIAN_POINT ( 'NONE',  ( -0.5374999999999997558, -1.125000000000000000, 0.1999999999999999833 ) ) ;
#1500 = EDGE_CURVE ( 'NONE', #1236, #985, #664, .T. ) ;
#1501 = DIRECTION ( 'NONE',  ( 0.000000000000000000, 0.000000000000000000, 1.000000000000000000 ) ) ;
#1502 = CARTESIAN_POINT ( 'NONE',  ( -0.6999999999999997335, -1.125000000000000000, 0.1999999999999999833 ) ) ;
#1503 = LINE ( 'NONE', #1993, #421 ) ;
#1504 = AXIS2_PLACEMENT_3D ( 'NONE', #834, #1013, #1298 ) ;
#1505 = ORIENTED_EDGE ( 'NONE', *, *, #1696, .F. ) ;
#1506 = PLANE ( 'NONE',  #126 ) ;
#1507 = CARTESIAN_POINT ( 'NONE',  ( -0.4699999999999999734, 1.191249999999999920, 0.2596299199999999585 ) ) ;
#1508 = CIRCLE ( 'NONE', #914, 0.06250000000000001388 ) ;
#1509 = ORIENTED_EDGE ( 'NONE', *, *, #1943, .F. ) ;
#1510 = VERTEX_POINT ( 'NONE', #1281 ) ;
#1511 = DIRECTION ( 'NONE',  ( 1.000000000000000000, 0.000000000000000000, -0.000000000000000000 ) ) ;
#1512 = EDGE_CURVE ( 'NONE', #381, #658, #171, .T. ) ;
#1513 = ADVANCED_FACE ( 'NONE', ( #974 ), #802, .F. ) ;
#1514 = DIRECTION ( 'NONE',  ( -1.000000000000000000, 0.000000000000000000, 0.000000000000000000 ) ) ;
#1515 = CARTESIAN_POINT ( 'NONE',  ( 0.4699999999999999734, -1.230620078740157552, 0.2596299199999999585 ) ) ;
#1516 = DIRECTION ( 'NONE',  ( 1.000000000000000000, -0.000000000000000000, 0.000000000000000000 ) ) ;
#1517 = LINE ( 'NONE', #1221, #656 ) ;
#1518 = ORIENTED_EDGE ( 'NONE', *, *, #868, .F. ) ;
#1519 = CARTESIAN_POINT ( 'NONE',  ( -0.4699999999999999734, -1.081879921259842225, 0.2999999999999999889 ) ) ;
#1520 = EDGE_LOOP ( 'NONE', ( #1305, #591, #1329, #194 ) ) ;
#1521 = CARTESIAN_POINT ( 'NONE',  ( -0.9999999999999998890, -1.499999999999999778, 0.2999999999999999889 ) ) ;
#1522 = CARTESIAN_POINT ( 'NONE',  ( -0.4699999999999999734, 1.121249999999999858, 0.000000000000000000 ) ) ;
#1523 = CARTESIAN_POINT ( 'NONE',  ( -0.4699999999999999734, -1.191249999999999920, 0.000000000000000000 ) ) ;
#1524 = ORIENTED_EDGE ( 'NONE', *, *, #1534, .F. ) ;
#1525 = VERTEX_POINT ( 'NONE', #499 ) ;
#1526 = DIRECTION ( 'NONE',  ( -1.000000000000000000, 0.000000000000000000, 0.000000000000000000 ) ) ;
#1527 = PLANE ( 'NONE',  #1078 ) ;
#1528 = VERTEX_POINT ( 'NONE', #1881 ) ;
#1529 = ORIENTED_EDGE ( 'NONE', *, *, #388, .F. ) ;
#1530 = CIRCLE ( 'NONE', #1879, 0.06250000000000001388 ) ;
#1531 = DIRECTION ( 'NONE',  ( -1.000000000000000000, 0.000000000000000000, 0.000000000000000000 ) ) ;
#1532 = VERTEX_POINT ( 'NONE', #37 ) ;
#1533 = ORIENTED_EDGE ( 'NONE', *, *, #601, .T. ) ;
#1534 = EDGE_CURVE ( 'NONE', #1555, #1173, #346, .T. ) ;
#1535 = CARTESIAN_POINT ( 'NONE',  ( -0.4699999999999999734, 1.191249999999999920, 0.000000000000000000 ) ) ;
#1536 = EDGE_CURVE ( 'NONE', #1297, #1747, #474, .T. ) ;
#1537 = ORIENTED_EDGE ( 'NONE', *, *, #602, .T. ) ;
#1538 = VERTEX_POINT ( 'NONE', #1862 ) ;
#1539 = VECTOR ( 'NONE', #659, 39.37007874015748143 ) ;
#1540 = DIRECTION ( 'NONE',  ( 1.000000000000000000, 0.000000000000000000, 0.000000000000000000 ) ) ;
#1541 = VECTOR ( 'NONE', #1132, 39.37007874015748143 ) ;
#1542 = EDGE_LOOP ( 'NONE', ( #1377, #1952, #1906, #866 ) ) ;
#1543 = VERTEX_POINT ( 'NONE', #1762 ) ;
#1544 = CARTESIAN_POINT ( 'NONE',  ( -0.4074999999999998623, -1.168120078740157552, 0.2596299199999999585 ) ) ;
#1545 = ORIENTED_EDGE ( 'NONE', *, *, #1268, .F. ) ;
#1546 = EDGE_CURVE ( 'NONE', #1870, #1406, #794, .T. ) ;
#1547 = ORIENTED_EDGE ( 'NONE', *, *, #231, .F. ) ;
#1548 = DIRECTION ( 'NONE',  ( -1.000000000000000000, 2.731847993664262430E-15, 0.000000000000000000 ) ) ;
#1549 = LINE ( 'NONE', #1411, #1463 ) ;
#1550 = LINE ( 'NONE', #211, #994 ) ;
#1551 = ORIENTED_EDGE ( 'NONE', *, *, #898, .F. ) ;
#1552 = ORIENTED_EDGE ( 'NONE', *, *, #266, .F. ) ;
#1553 = DIRECTION ( 'NONE',  ( 0.000000000000000000, 0.000000000000000000, 1.000000000000000000 ) ) ;
#1554 = EDGE_LOOP ( 'NONE', ( #225, #467, #1994, #1223, #1533, #1837, #1849, #755 ) ) ;
#1555 = VERTEX_POINT ( 'NONE', #778 ) ;
#1556 = CARTESIAN_POINT ( 'NONE',  ( 0.2875000000000000333, -0.2750000000000000222, 0.1350000000000000644 ) ) ;
#1557 = VECTOR ( 'NONE', #1742, 39.37007874015748143 ) ;
#1558 = CARTESIAN_POINT ( 'NONE',  ( -0.4074999999999999734, -1.019379921259842448, 0.2596299199999999585 ) ) ;
#1559 = EDGE_CURVE ( 'NONE', #979, #1563, #1530, .T. ) ;
#1560 = VECTOR ( 'NONE', #1540, 39.37007874015748143 ) ;
#1561 = CARTESIAN_POINT ( 'NONE',  ( 0.4074999999999999734, -1.230620078740157552, 0.2999999999999999889 ) ) ;
#1562 = ORIENTED_EDGE ( 'NONE', *, *, #1473, .T. ) ;
#1563 = VERTEX_POINT ( 'NONE', #1561 ) ;
#1564 = ORIENTED_EDGE ( 'NONE', *, *, #929, .T. ) ;
#1565 = ORIENTED_EDGE ( 'NONE', *, *, #684, .F. ) ;
#1566 = DIRECTION ( 'NONE',  ( 0.000000000000000000, -0.000000000000000000, -1.000000000000000000 ) ) ;
#1567 = AXIS2_PLACEMENT_3D ( 'NONE', #1367, #573, #539 ) ;
#1568 = VECTOR ( 'NONE', #876, 39.37007874015748143 ) ;
#1569 = LINE ( 'NONE', #618, #543 ) ;
#1570 = DIRECTION ( 'NONE',  ( -0.000000000000000000, -0.000000000000000000, 1.000000000000000000 ) ) ;
#1571 = AXIS2_PLACEMENT_3D ( 'NONE', #1327, #1658, #1216 ) ;
#1572 = PRODUCT_DEFINITION ( 'UNKNOWN', '', #316, #1193 ) ;
#1573 = ADVANCED_FACE ( 'NONE', ( #163 ), #1413, .F. ) ;
#1574 = LINE ( 'NONE', #9, #248 ) ;
#1575 = FACE_OUTER_BOUND ( 'NONE', #1217, .T. ) ;
#1576 = DIRECTION ( 'NONE',  ( 1.000000000000000000, 0.000000000000000000, 0.000000000000000000 ) ) ;
#1577 = ORIENTED_EDGE ( 'NONE', *, *, #1959, .F. ) ;
#1578 = ORIENTED_EDGE ( 'NONE', *, *, #1260, .T. ) ;
#1579 = DIRECTION ( 'NONE',  ( 1.000000000000000000, 0.000000000000000000, 0.000000000000000000 ) ) ;
#1580 = PLANE ( 'NONE',  #1614 ) ;
#1581 = CARTESIAN_POINT ( 'NONE',  ( 0.2250000000000000611, -0.2125000000000000500, 0.000000000000000000 ) ) ;
#1582 = CARTESIAN_POINT ( 'NONE',  ( 1.000000000000000222, 1.500000000000000444, 0.000000000000000000 ) ) ;
#1583 = DIRECTION ( 'NONE',  ( 1.000000000000000000, 0.000000000000000000, -0.000000000000000000 ) ) ;
#1584 = DIRECTION ( 'NONE',  ( -1.000000000000000000, 0.000000000000000000, -0.000000000000000000 ) ) ;
#1585 = PLANE ( 'NONE',  #1595 ) ;
#1586 = EDGE_CURVE ( 'NONE', #896, #156, #933, .T. ) ;
#1587 = VERTEX_POINT ( 'NONE', #1779 ) ;
#1588 = ORIENTED_EDGE ( 'NONE', *, *, #1018, .T. ) ;
#1589 = PLANE ( 'NONE',  #1303 ) ;
#1590 = ORIENTED_EDGE ( 'NONE', *, *, #482, .F. ) ;
#1591 = PLANE ( 'NONE',  #655 ) ;
#1592 = DIRECTION ( 'NONE',  ( -1.000000000000000000, 0.000000000000000000, 0.000000000000000000 ) ) ;
#1593 = DIRECTION ( 'NONE',  ( 0.000000000000000000, 0.000000000000000000, 1.000000000000000000 ) ) ;
#1594 = CARTESIAN_POINT ( 'NONE',  ( -0.4074999999999998623, -1.230620078740157552, 0.2596299199999999585 ) ) ;
#1595 = AXIS2_PLACEMENT_3D ( 'NONE', #183, #813, #976 ) ;
#1596 = ORIENTED_EDGE ( 'NONE', *, *, #1708, .T. ) ;
#1597 = EDGE_CURVE ( 'NONE', #525, #658, #1630, .T. ) ;
#1598 = ORIENTED_EDGE ( 'NONE', *, *, #848, .T. ) ;
#1599 = EDGE_CURVE ( 'NONE', #69, #264, #1642, .T. ) ;
#1600 = CARTESIAN_POINT ( 'NONE',  ( 0.4699999999999999734, 1.128750000000000142, 0.000000000000000000 ) ) ;
#1601 = DIRECTION ( 'NONE',  ( 0.000000000000000000, 1.000000000000000000, 0.000000000000000000 ) ) ;
#1602 = AXIS2_PLACEMENT_3D ( 'NONE', #1155, #1306, #826 ) ;
#1603 = DIRECTION ( 'NONE',  ( -0.000000000000000000, 1.000000000000000000, -0.000000000000000000 ) ) ;
#1604 = CARTESIAN_POINT ( 'NONE',  ( 0.4699999999999999734, 1.168120078740157552, 0.2999999999999999889 ) ) ;
#1605 = CARTESIAN_POINT ( 'NONE',  ( 0.4699999999999999734, -1.230620078740157552, 0.2999999999999999889 ) ) ;
#1606 = ORIENTED_EDGE ( 'NONE', *, *, #883, .T. ) ;
#1607 = DIRECTION ( 'NONE',  ( 0.000000000000000000, 0.000000000000000000, -1.000000000000000000 ) ) ;
#1608 = EDGE_CURVE ( 'NONE', #956, #1236, #519, .T. ) ;
#1609 = LINE ( 'NONE', #1898, #1382 ) ;
#1610 = APPLICATION_PROTOCOL_DEFINITION ( 'draft international standard', 'automotive_design', 1998, #493 ) ;
#1611 = DIRECTION ( 'NONE',  ( 0.000000000000000000, -0.000000000000000000, 1.000000000000000000 ) ) ;
#1612 = CARTESIAN_POINT ( 'NONE',  ( 1.000000000000000222, -0.2750000000000001332, 0.000000000000000000 ) ) ;
#1613 = PRESENTATION_STYLE_ASSIGNMENT (( #1763 ) ) ;
#1614 = AXIS2_PLACEMENT_3D ( 'NONE', #809, #1785, #708 ) ;
#1615 = AXIS2_PLACEMENT_3D ( 'NONE', #1033, #1197, #1511 ) ;
#1616 = ORIENTED_EDGE ( 'NONE', *, *, #88, .T. ) ;
#1617 = CARTESIAN_POINT ( 'NONE',  ( -0.6999999999999997335, -1.125000000000000000, 0.1999999999999999833 ) ) ;
#1618 = ORIENTED_EDGE ( 'NONE', *, *, #1867, .F. ) ;
#1619 = CARTESIAN_POINT ( 'NONE',  ( -0.4699999999999999734, 1.230620078740157552, 0.2596299199999999585 ) ) ;
#1620 = EDGE_CURVE ( 'NONE', #435, #1884, #991, .T. ) ;
#1621 = VECTOR ( 'NONE', #1490, 39.37007874015748143 ) ;
#1622 = DIRECTION ( 'NONE',  ( 0.000000000000000000, 0.000000000000000000, -1.000000000000000000 ) ) ;
#1623 = DIRECTION ( 'NONE',  ( 0.000000000000000000, 1.000000000000000000, 0.000000000000000000 ) ) ;
#1624 = CIRCLE ( 'NONE', #541, 0.06250000000000001388 ) ;
#1625 = ORIENTED_EDGE ( 'NONE', *, *, #1139, .T. ) ;
#1626 = CIRCLE ( 'NONE', #1038, 0.06249999999999995143 ) ;
#1627 = CARTESIAN_POINT ( 'NONE',  ( -0.7937499999999998446, 1.125000000000000000, 0.1999999999999999833 ) ) ;
#1628 = ORIENTED_EDGE ( 'NONE', *, *, #1975, .T. ) ;
#1629 = FACE_BOUND ( 'NONE', #1894, .T. ) ;
#1630 = LINE ( 'NONE', #1927, #312 ) ;
#1631 = EDGE_CURVE ( 'NONE', #495, #39, #201, .T. ) ;
#1632 = LINE ( 'NONE', #1789, #574 ) ;
#1633 = CIRCLE ( 'NONE', #1044, 0.1624999999999999778 ) ;
#1634 = EDGE_LOOP ( 'NONE', ( #880, #4, #998, #536 ) ) ;
#1635 = CARTESIAN_POINT ( 'NONE',  ( -0.4074999999999999734, -1.128750000000000142, 0.2596299199999999585 ) ) ;
#1636 = EDGE_LOOP ( 'NONE', ( #526, #537, #1845, #1552 ) ) ;
#1637 = ORIENTED_EDGE ( 'NONE', *, *, #632, .T. ) ;
#1638 = VECTOR ( 'NONE', #1570, 39.37007874015748143 ) ;
#1639 = CYLINDRICAL_SURFACE ( 'NONE', #1767, 0.06250000000000001388 ) ;
#1640 = PLANE ( 'NONE',  #687 ) ;
#1641 = CARTESIAN_POINT ( 'NONE',  ( 0.000000000000000000, 0.000000000000000000, 0.000000000000000000 ) ) ;
#1642 = LINE ( 'NONE', #510, #1790 ) ;
#1643 = DIRECTION ( 'NONE',  ( -1.000000000000000000, -0.000000000000000000, -0.000000000000000000 ) ) ;
#1644 = CARTESIAN_POINT ( 'NONE',  ( 0.4074999999999998623, -1.081879921259842225, 0.2999999999999999889 ) ) ;
#1645 = CARTESIAN_POINT ( 'NONE',  ( 0.4699999999999999734, 1.121249999999999858, 0.2596299199999999585 ) ) ;
#1646 = ORIENTED_EDGE ( 'NONE', *, *, #1660, .F. ) ;
#1647 = DIRECTION ( 'NONE',  ( 1.000000000000000000, 0.000000000000000000, 0.000000000000000000 ) ) ;
#1648 = EDGE_CURVE ( 'NONE', #1870, #1297, #1198, .T. ) ;
#1649 = EDGE_LOOP ( 'NONE', ( #1203, #155, #840, #1114 ) ) ;
#1650 = ORIENTED_EDGE ( 'NONE', *, *, #1416, .T. ) ;
#1651 = DIRECTION ( 'NONE',  ( 0.000000000000000000, -0.000000000000000000, 1.000000000000000000 ) ) ;
#1652 = EDGE_CURVE ( 'NONE', #469, #1895, #387, .T. ) ;
#1653 = DIRECTION ( 'NONE',  ( 0.000000000000000000, 0.000000000000000000, -1.000000000000000000 ) ) ;
#1654 = DIRECTION ( 'NONE',  ( 0.000000000000000000, -0.000000000000000000, 1.000000000000000000 ) ) ;
#1655 = AXIS2_PLACEMENT_3D ( 'NONE', #1969, #1119, #1414 ) ;
#1656 = ORIENTED_EDGE ( 'NONE', *, *, #1652, .T. ) ;
#1657 = AXIS2_PLACEMENT_3D ( 'NONE', #1015, #1769, #829 ) ;
#1658 = DIRECTION ( 'NONE',  ( 0.000000000000000000, 0.000000000000000000, -1.000000000000000000 ) ) ;
#1659 = CIRCLE ( 'NONE', #1496, 0.06250000000000001388 ) ;
#1660 = EDGE_CURVE ( 'NONE', #1297, #1870, #218, .T. ) ;
#1661 = ORIENTED_EDGE ( 'NONE', *, *, #545, .T. ) ;
#1662 = ADVANCED_FACE ( 'NONE', ( #681 ), #1918, .F. ) ;
#1663 = ORIENTED_EDGE ( 'NONE', *, *, #1559, .F. ) ;
#1664 = EDGE_CURVE ( 'NONE', #1285, #1954, #1431, .T. ) ;
#1665 = CARTESIAN_POINT ( 'NONE',  ( 0.4699999999999999734, -1.081879921259842225, 0.2596299199999999585 ) ) ;
#1666 = VECTOR ( 'NONE', #1744, 39.37007874015748143 ) ;
#1667 = DIRECTION ( 'NONE',  ( 0.000000000000000000, 0.000000000000000000, -1.000000000000000000 ) ) ;
#1668 = CARTESIAN_POINT ( 'NONE',  ( -0.4699999999999999734, -1.058750000000000080, 0.2596299199999999585 ) ) ;
#1669 = PLANE ( 'NONE',  #646 ) ;
#1670 = FACE_OUTER_BOUND ( 'NONE', #911, .T. ) ;
#1671 = VECTOR ( 'NONE', #1147, 39.37007874015748143 ) ;
#1672 = ORIENTED_EDGE ( 'NONE', *, *, #382, .F. ) ;
#1673 = CARTESIAN_POINT ( 'NONE',  ( -0.4074999999999998623, 1.121249999999999858, 0.2596299199999999585 ) ) ;
#1674 = CARTESIAN_POINT ( 'NONE',  ( -0.6999999999999997335, -1.125000000000000000, 0.1999999999999999833 ) ) ;
#1675 = VECTOR ( 'NONE', #561, 39.37007874015748143 ) ;
#1676 = DIRECTION ( 'NONE',  ( 1.000000000000000000, 0.000000000000000000, 0.000000000000000000 ) ) ;
#1677 = ORIENTED_EDGE ( 'NONE', *, *, #1743, .F. ) ;
#1678 = CARTESIAN_POINT ( 'NONE',  ( -0.6499999999999999112, 0.2125000000000000222, 0.000000000000000000 ) ) ;
#1679 = CARTESIAN_POINT ( 'NONE',  ( 0.4699999999999999734, 1.230620078740157552, 0.2596299199999999585 ) ) ;
#1680 = CARTESIAN_POINT ( 'NONE',  ( -0.4699999999999999734, 1.168120078740157552, 0.2596299199999999585 ) ) ;
#1681 = LINE ( 'NONE', #590, #1916 ) ;
#1682 = VERTEX_POINT ( 'NONE', #693 ) ;
#1683 = FACE_OUTER_BOUND ( 'NONE', #937, .T. ) ;
#1684 = ORIENTED_EDGE ( 'NONE', *, *, #883, .F. ) ;
#1685 = AXIS2_PLACEMENT_3D ( 'NONE', #1000, #1162, #90 ) ;
#1686 = LINE ( 'NONE', #724, #709 ) ;
#1687 = EDGE_CURVE ( 'NONE', #730, #908, #1787, .T. ) ;
#1688 = ADVANCED_FACE ( 'NONE', ( #360 ), #228, .F. ) ;
#1689 = DIRECTION ( 'NONE',  ( -1.000000000000000000, 0.000000000000000000, 0.000000000000000000 ) ) ;
#1690 = ORIENTED_EDGE ( 'NONE', *, *, #602, .F. ) ;
#1691 = ORIENTED_EDGE ( 'NONE', *, *, #1179, .F. ) ;
#1692 = EDGE_CURVE ( 'NONE', #185, #270, #397, .T. ) ;
#1693 = CARTESIAN_POINT ( 'NONE',  ( 0.2250000000000000611, 0.2125000000000000500, 0.1350000000000000089 ) ) ;
#1694 = DIRECTION ( 'NONE',  ( -0.000000000000000000, -0.000000000000000000, -1.000000000000000000 ) ) ;
#1695 = ORIENTED_EDGE ( 'NONE', *, *, #1889, .F. ) ;
#1696 = EDGE_CURVE ( 'NONE', #1173, #1555, #1067, .T. ) ;
#1697 = VERTEX_POINT ( 'NONE', #542 ) ;
#1698 = VECTOR ( 'NONE', #238, 39.37007874015748143 ) ;
#1699 = DIRECTION ( 'NONE',  ( -1.000000000000000000, 0.000000000000000000, 0.000000000000000000 ) ) ;
#1700 = CIRCLE ( 'NONE', #1369, 0.06249999999999995143 ) ;
#1701 = PRESENTATION_LAYER_ASSIGNMENT (  '', '', ( #283 ) ) ;
#1702 = LINE ( 'NONE', #743, #1292 ) ;
#1703 = DIRECTION ( 'NONE',  ( -0.000000000000000000, -0.000000000000000000, 1.000000000000000000 ) ) ;
#1704 = EDGE_CURVE ( 'NONE', #352, #1528, #1166, .T. ) ;
#1705 = ORIENTED_EDGE ( 'NONE', *, *, #1208, .T. ) ;
#1706 = ORIENTED_EDGE ( 'NONE', *, *, #1696, .T. ) ;
#1707 = AXIS2_PLACEMENT_3D ( 'NONE', #927, #1075, #1548 ) ;
#1708 = EDGE_CURVE ( 'NONE', #1715, #1784, #188, .T. ) ;
#1709 = VERTEX_POINT ( 'NONE', #1805 ) ;
#1710 = ORIENTED_EDGE ( 'NONE', *, *, #1140, .T. ) ;
#1711 = VECTOR ( 'NONE', #1647, 39.37007874015748143 ) ;
#1712 = LINE ( 'NONE', #297, #552 ) ;
#1713 = CARTESIAN_POINT ( 'NONE',  ( 0.2875000000000000333, -0.2125000000000000500, 0.1350000000000000366 ) ) ;
#1714 = EDGE_LOOP ( 'NONE', ( #384, #1885, #1695, #145, #1195, #1041, #505, #1965 ) ) ;
#1715 = VERTEX_POINT ( 'NONE', #55 ) ;
#1716 = ORIENTED_EDGE ( 'NONE', *, *, #1620, .T. ) ;
#1717 = CARTESIAN_POINT ( 'NONE',  ( 1.000000000000000222, -1.499999999999999778, 0.2999999999999999889 ) ) ;
#1718 = AXIS2_PLACEMENT_3D ( 'NONE', #660, #1279, #179 ) ;
#1719 = CARTESIAN_POINT ( 'NONE',  ( -0.4074999999999999734, 1.168120078740157552, 0.2596299199999999585 ) ) ;
#1720 = FACE_OUTER_BOUND ( 'NONE', #1074, .T. ) ;
#1721 = DIRECTION ( 'NONE',  ( -1.000000000000000000, 0.000000000000000000, 0.000000000000000000 ) ) ;
#1722 = EDGE_LOOP ( 'NONE', ( #705, #1710, #517, #400, #1232, #1265, #909, #1757 ) ) ;
#1723 = LINE ( 'NONE', #212, #1666 ) ;
#1724 = ORIENTED_EDGE ( 'NONE', *, *, #1866, .F. ) ;
#1725 = CIRCLE ( 'NONE', #506, 0.06250000000000001388 ) ;
#1726 = VERTEX_POINT ( 'NONE', #672 ) ;
#1727 = DIRECTION ( 'NONE',  ( -0.000000000000000000, -0.000000000000000000, 1.000000000000000000 ) ) ;
#1728 = EDGE_CURVE ( 'NONE', #769, #1697, #575, .T. ) ;
#1729 = EDGE_CURVE ( 'NONE', #1954, #1307, #1823, .T. ) ;
#1730 = CARTESIAN_POINT ( 'NONE',  ( 0.4074999999999998623, 1.058750000000000080, 0.2596299199999999585 ) ) ;
#1731 = CIRCLE ( 'NONE', #1433, 0.06249999999999997918 ) ;
#1732 = EDGE_CURVE ( 'NONE', #1185, #76, #1047, .T. ) ;
#1733 = FACE_OUTER_BOUND ( 'NONE', #1170, .T. ) ;
#1734 = LINE ( 'NONE', #1446, #160 ) ;
#1735 = ORIENTED_EDGE ( 'NONE', *, *, #1631, .F. ) ;
#1736 = ORIENTED_EDGE ( 'NONE', *, *, #1082, .T. ) ;
#1737 = CARTESIAN_POINT ( 'NONE',  ( -0.4074999999999999734, 1.019379921259842448, 0.2596299199999999585 ) ) ;
#1738 = VECTOR ( 'NONE', #1186, 39.37007874015748143 ) ;
#1739 = AXIS2_PLACEMENT_3D ( 'NONE', #1758, #535, #1913 ) ;
#1740 = FACE_OUTER_BOUND ( 'NONE', #1244, .T. ) ;
#1741 = DIRECTION ( 'NONE',  ( 1.000000000000000000, 0.000000000000000000, 0.000000000000000000 ) ) ;
#1742 = DIRECTION ( 'NONE',  ( 0.000000000000000000, 0.000000000000000000, -1.000000000000000000 ) ) ;
#1743 = EDGE_CURVE ( 'NONE', #749, #264, #1686, .T. ) ;
#1744 = DIRECTION ( 'NONE',  ( -1.000000000000000000, -0.000000000000000000, -0.000000000000000000 ) ) ;
#1745 = VECTOR ( 'NONE', #1601, 39.37007874015748143 ) ;
#1746 = ORIENTED_EDGE ( 'NONE', *, *, #1652, .F. ) ;
#1747 = VERTEX_POINT ( 'NONE', #419 ) ;
#1748 = LINE ( 'NONE', #774, #11 ) ;
#1749 = CARTESIAN_POINT ( 'NONE',  ( -0.4699999999999999734, -1.019379921259842448, 0.2596299199999999585 ) ) ;
#1750 = CARTESIAN_POINT ( 'NONE',  ( -0.9999999999999998890, -1.499999999999999778, 0.2999999999999999889 ) ) ;
#1751 = CARTESIAN_POINT ( 'NONE',  ( -0.7937499999999998446, -1.125000000000000000, 0.000000000000000000 ) ) ;
#1752 = DIRECTION ( 'NONE',  ( 1.000000000000000000, 0.000000000000000000, 0.000000000000000000 ) ) ;
#1753 = EDGE_CURVE ( 'NONE', #918, #1765, #1211, .T. ) ;
#1754 = EDGE_CURVE ( 'NONE', #1023, #525, #780, .T. ) ;
#1755 = CARTESIAN_POINT ( 'NONE',  ( -0.5374999999999997558, -1.125000000000000000, 0.2999999999999999889 ) ) ;
#1756 = ORIENTED_EDGE ( 'NONE', *, *, #1800, .F. ) ;
#1757 = ORIENTED_EDGE ( 'NONE', *, *, #1112, .T. ) ;
#1758 = CARTESIAN_POINT ( 'NONE',  ( 0.4074999999999999734, 1.121249999999999858, 0.000000000000000000 ) ) ;
#1759 = CARTESIAN_POINT ( 'NONE',  ( 0.4074999999999999734, 1.168120078740157552, 0.2596299199999999585 ) ) ;
#1760 = LINE ( 'NONE', #1619, #209 ) ;
#1761 = VECTOR ( 'NONE', #1345, 39.37007874015748143 ) ;
#1762 = CARTESIAN_POINT ( 'NONE',  ( 0.4074999999999999734, 1.230620078740157552, 0.2999999999999999889 ) ) ;
#1763 = SURFACE_STYLE_USAGE ( .BOTH. , #1290 ) ;
#1764 = ADVANCED_FACE ( 'NONE', ( #1026, #892, #564, #437, #1390 ), #1842, .T. ) ;
#1765 = VERTEX_POINT ( 'NONE', #1056 ) ;
#1766 = DIRECTION ( 'NONE',  ( -0.000000000000000000, -0.000000000000000000, -1.000000000000000000 ) ) ;
#1767 = AXIS2_PLACEMENT_3D ( 'NONE', #1759, #61, #348 ) ;
#1768 = VECTOR ( 'NONE', #363, 39.37007874015748143 ) ;
#1769 = DIRECTION ( 'NONE',  ( -0.000000000000000000, 0.000000000000000000, 1.000000000000000000 ) ) ;
#1770 = LINE ( 'NONE', #48, #1069 ) ;
#1771 = DIRECTION ( 'NONE',  ( 1.000000000000000000, -0.000000000000000000, -0.000000000000000000 ) ) ;
#1772 = ORIENTED_EDGE ( 'NONE', *, *, #292, .F. ) ;
#1773 = CARTESIAN_POINT ( 'NONE',  ( 1.000000000000000222, 1.500000000000000444, 0.2999999999999999889 ) ) ;
#1774 = ORIENTED_EDGE ( 'NONE', *, *, #1819, .T. ) ;
#1775 = EDGE_CURVE ( 'NONE', #1081, #69, #409, .T. ) ;
#1776 = CARTESIAN_POINT ( 'NONE',  ( -0.6999999999999997335, -1.125000000000000000, 0.1999999999999999833 ) ) ;
#1777 = DIRECTION ( 'NONE',  ( -0.000000000000000000, -0.000000000000000000, 1.000000000000000000 ) ) ;
#1778 = LENGTH_MEASURE_WITH_UNIT ( LENGTH_MEASURE( 0.02539999999999999897 ), #375 );
#1779 = CARTESIAN_POINT ( 'NONE',  ( 0.2250000000000000611, -0.2125000000000000500, 0.1350000000000000089 ) ) ;
#1780 = CARTESIAN_POINT ( 'NONE',  ( 0.4699999999999999734, -1.168120078740157552, 0.2596299199999999585 ) ) ;
#1781 = LINE ( 'NONE', #857, #1001 ) ;
#1782 = ORIENTED_EDGE ( 'NONE', *, *, #382, .T. ) ;
#1783 = DIRECTION ( 'NONE',  ( -0.000000000000000000, -0.000000000000000000, 1.000000000000000000 ) ) ;
#1784 = VERTEX_POINT ( 'NONE', #113 ) ;
#1785 = DIRECTION ( 'NONE',  ( -0.000000000000000000, 0.000000000000000000, 1.000000000000000000 ) ) ;
#1786 = EDGE_CURVE ( 'NONE', #1012, #843, #732, .T. ) ;
#1787 = LINE ( 'NONE', #1003, #1263 ) ;
#1788 = DIRECTION ( 'NONE',  ( 0.000000000000000000, -1.000000000000000000, 0.000000000000000000 ) ) ;
#1789 = CARTESIAN_POINT ( 'NONE',  ( 1.000000000000000222, -1.499999999999999778, 0.000000000000000000 ) ) ;
#1790 = VECTOR ( 'NONE', #1603, 39.37007874015748143 ) ;
#1791 = VERTEX_POINT ( 'NONE', #121 ) ;
#1792 = CARTESIAN_POINT ( 'NONE',  ( 0.4074999999999999734, -1.230620078740157552, 0.2596299199999999585 ) ) ;
#1793 = VERTEX_POINT ( 'NONE', #1522 ) ;
#1794 = ORIENTED_EDGE ( 'NONE', *, *, #504, .F. ) ;
#1795 = LINE ( 'NONE', #563, #1738 ) ;
#1796 = CARTESIAN_POINT ( 'NONE',  ( -0.4074999999999998623, -1.168120078740157552, 0.2999999999999999889 ) ) ;
#1797 = AXIS2_PLACEMENT_3D ( 'NONE', #390, #865, #1491 ) ;
#1798 = DIRECTION ( 'NONE',  ( 0.000000000000000000, 1.000000000000000000, 0.000000000000000000 ) ) ;
#1799 = CIRCLE ( 'NONE', #852, 0.06250000000000001388 ) ;
#1800 = EDGE_CURVE ( 'NONE', #495, #935, #1702, .T. ) ;
#1801 = VERTEX_POINT ( 'NONE', #609 ) ;
#1802 = CARTESIAN_POINT ( 'NONE',  ( 0.4074999999999999734, 1.058750000000000080, 0.000000000000000000 ) ) ;
#1803 = EDGE_LOOP ( 'NONE', ( #737, #462, #1052, #436 ) ) ;
#1804 = DIRECTION ( 'NONE',  ( -0.000000000000000000, -0.000000000000000000, 1.000000000000000000 ) ) ;
#1805 = CARTESIAN_POINT ( 'NONE',  ( -0.5374999999999997558, 1.125000000000000000, 0.2999999999999999889 ) ) ;
#1806 = CARTESIAN_POINT ( 'NONE',  ( -0.4699999999999999734, 1.058750000000000080, 0.000000000000000000 ) ) ;
#1807 = ADVANCED_FACE ( 'NONE', ( #102 ), #131, .F. ) ;
#1808 = EDGE_CURVE ( 'NONE', #1071, #352, #1187, .T. ) ;
#1809 = VERTEX_POINT ( 'NONE', #1381 ) ;
#1810 = CARTESIAN_POINT ( 'NONE',  ( 0.4699999999999999734, -1.058750000000000080, 0.000000000000000000 ) ) ;
#1811 = ORIENTED_EDGE ( 'NONE', *, *, #967, .T. ) ;
#1812 = LINE ( 'NONE', #1886, #761 ) ;
#1813 = DIRECTION ( 'NONE',  ( -1.000000000000000000, 0.000000000000000000, 0.000000000000000000 ) ) ;
#1814 = CARTESIAN_POINT ( 'NONE',  ( 0.4699999999999999734, 1.168120078740157552, 0.2596299199999999585 ) ) ;
#1815 = FACE_OUTER_BOUND ( 'NONE', #82, .T. ) ;
#1816 = DIRECTION ( 'NONE',  ( 0.000000000000000000, -1.000000000000000000, 0.000000000000000000 ) ) ;
#1817 = VERTEX_POINT ( 'NONE', #1814 ) ;
#1818 = CIRCLE ( 'NONE', #63, 0.1624999999999999778 ) ;
#1819 = EDGE_CURVE ( 'NONE', #273, #1023, #1035, .T. ) ;
#1820 = CARTESIAN_POINT ( 'NONE',  ( 0.4699999999999999734, -1.191249999999999920, 0.000000000000000000 ) ) ;
#1821 = ORIENTED_EDGE ( 'NONE', *, *, #353, .F. ) ;
#1822 = FACE_OUTER_BOUND ( 'NONE', #559, .T. ) ;
#1823 = LINE ( 'NONE', #405, #443 ) ;
#1824 = CARTESIAN_POINT ( 'NONE',  ( -0.9999999999999998890, -1.499999999999999778, 0.2999999999999999889 ) ) ;
#1825 = DIRECTION ( 'NONE',  ( 0.000000000000000000, -1.000000000000000000, 0.000000000000000000 ) ) ;
#1826 = EDGE_LOOP ( 'NONE', ( #1094, #1932, #1650, #773 ) ) ;
#1827 = ORIENTED_EDGE ( 'NONE', *, *, #292, .T. ) ;
#1828 = DIRECTION ( 'NONE',  ( 0.000000000000000000, 0.000000000000000000, 1.000000000000000000 ) ) ;
#1829 = EDGE_LOOP ( 'NONE', ( #142, #877, #919, #327 ) ) ;
#1830 = EDGE_CURVE ( 'NONE', #431, #295, #1356, .T. ) ;
#1831 = DIRECTION ( 'NONE',  ( 0.000000000000000000, 0.000000000000000000, -1.000000000000000000 ) ) ;
#1832 = CARTESIAN_POINT ( 'NONE',  ( -0.4699999999999999734, -1.019379921259842448, 0.2999999999999999889 ) ) ;
#1833 = DIRECTION ( 'NONE',  ( -0.000000000000000000, -0.000000000000000000, -1.000000000000000000 ) ) ;
#1834 = ORIENTED_EDGE ( 'NONE', *, *, #1258, .F. ) ;
#1835 = ORIENTED_EDGE ( 'NONE', *, *, #1536, .F. ) ;
#1836 = LINE ( 'NONE', #1507, #1711 ) ;
#1837 = ORIENTED_EDGE ( 'NONE', *, *, #438, .T. ) ;
#1838 = ORIENTED_EDGE ( 'NONE', *, *, #1257, .F. ) ;
#1839 = DIRECTION ( 'NONE',  ( -0.000000000000000000, 0.000000000000000000, 1.000000000000000000 ) ) ;
#1840 = ADVANCED_BREP_SHAPE_REPRESENTATION ( 'Lid1', ( #138, #1938 ), #447 ) ;
#1841 = EDGE_CURVE ( 'NONE', #956, #1081, #1220, .T. ) ;
#1842 = PLANE ( 'NONE',  #282 ) ;
#1843 = CARTESIAN_POINT ( 'NONE',  ( -0.7125000000000000222, -0.2750000000000000222, 0.1350000000000000644 ) ) ;
#1844 = EDGE_CURVE ( 'NONE', #1793, #76, #1330, .T. ) ;
#1845 = ORIENTED_EDGE ( 'NONE', *, *, #1179, .T. ) ;
#1846 = CARTESIAN_POINT ( 'NONE',  ( 0.4699999999999999734, 1.058750000000000080, 0.000000000000000000 ) ) ;
#1847 = VECTOR ( 'NONE', #1037, 39.37007874015748143 ) ;
#1848 = EDGE_LOOP ( 'NONE', ( #897, #19, #548, #296 ) ) ;
#1849 = ORIENTED_EDGE ( 'NONE', *, *, #1230, .T. ) ;
#1850 = DIRECTION ( 'NONE',  ( -0.000000000000000000, -0.000000000000000000, 1.000000000000000000 ) ) ;
#1851 = AXIS2_PLACEMENT_3D ( 'NONE', #1515, #1946, #406 ) ;
#1852 = DIRECTION ( 'NONE',  ( 0.000000000000000000, 1.000000000000000000, 0.000000000000000000 ) ) ;
#1853 = ORIENTED_EDGE ( 'NONE', *, *, #753, .T. ) ;
#1854 = FACE_OUTER_BOUND ( 'NONE', #1182, .T. ) ;
#1855 = CARTESIAN_POINT ( 'NONE',  ( -0.9999999999999998890, -1.499999999999999778, 0.2999999999999999889 ) ) ;
#1856 = AXIS2_PLACEMENT_3D ( 'NONE', #533, #1153, #858 ) ;
#1857 = ORIENTED_EDGE ( 'NONE', *, *, #585, .F. ) ;
#1858 = ORIENTED_EDGE ( 'NONE', *, *, #779, .F. ) ;
#1859 = CIRCLE ( 'NONE', #106, 0.06250000000000001388 ) ;
#1860 = LINE ( 'NONE', #1248, #42 ) ;
#1861 = DIRECTION ( 'NONE',  ( 0.000000000000000000, 0.000000000000000000, -1.000000000000000000 ) ) ;
#1862 = CARTESIAN_POINT ( 'NONE',  ( -0.6499999999999999112, -0.2125000000000000500, 0.1350000000000000089 ) ) ;
#1863 = CARTESIAN_POINT ( 'NONE',  ( -0.6999999999999997335, 1.125000000000000000, 0.000000000000000000 ) ) ;
#1864 = ORIENTED_EDGE ( 'NONE', *, *, #567, .T. ) ;
#1865 = DIRECTION ( 'NONE',  ( 0.000000000000000000, 1.000000000000000000, 0.000000000000000000 ) ) ;
#1866 = EDGE_CURVE ( 'NONE', #769, #270, #453, .T. ) ;
#1867 = EDGE_CURVE ( 'NONE', #572, #1285, #170, .T. ) ;
#1868 = EDGE_CURVE ( 'NONE', #968, #1884, #1549, .T. ) ;
#1869 = ORIENTED_EDGE ( 'NONE', *, *, #1786, .F. ) ;
#1870 = VERTEX_POINT ( 'NONE', #1429 ) ;
#1871 = DIRECTION ( 'NONE',  ( 0.000000000000000000, 0.000000000000000000, -1.000000000000000000 ) ) ;
#1872 = VECTOR ( 'NONE', #53, 39.37007874015748143 ) ;
#1873 = LINE ( 'NONE', #1099, #1909 ) ;
#1874 = DIRECTION ( 'NONE',  ( -0.000000000000000000, -0.000000000000000000, 1.000000000000000000 ) ) ;
#1875 = ORIENTED_EDGE ( 'NONE', *, *, #414, .T. ) ;
#1876 = ORIENTED_EDGE ( 'NONE', *, *, #206, .T. ) ;
#1877 = VERTEX_POINT ( 'NONE', #961 ) ;
#1878 = DIRECTION ( 'NONE',  ( -1.000000000000000000, 8.812412882787945349E-17, 0.000000000000000000 ) ) ;
#1879 = AXIS2_PLACEMENT_3D ( 'NONE', #1402, #1241, #1721 ) ;
#1880 = DIRECTION ( 'NONE',  ( 0.000000000000000000, 0.000000000000000000, -1.000000000000000000 ) ) ;
#1881 = CARTESIAN_POINT ( 'NONE',  ( -0.9999999999999998890, 1.500000000000000444, 0.000000000000000000 ) ) ;
#1882 = CARTESIAN_POINT ( 'NONE',  ( -0.4699999999999999734, -1.121249999999999858, 0.000000000000000000 ) ) ;
#1883 = CARTESIAN_POINT ( 'NONE',  ( -0.4699999999999999734, -1.058750000000000080, 0.000000000000000000 ) ) ;
#1884 = VERTEX_POINT ( 'NONE', #1270 ) ;
#1885 = ORIENTED_EDGE ( 'NONE', *, *, #661, .T. ) ;
#1886 = CARTESIAN_POINT ( 'NONE',  ( -0.4699999999999999734, 1.058750000000000080, 0.2999999999999999889 ) ) ;
#1887 = VECTOR ( 'NONE', #1426, 39.37007874015748143 ) ;
#1888 = CARTESIAN_POINT ( 'NONE',  ( 1.000000000000000222, -1.499999999999999778, 0.2999999999999999889 ) ) ;
#1889 = EDGE_CURVE ( 'NONE', #431, #314, #931, .T. ) ;
#1890 = CARTESIAN_POINT ( 'NONE',  ( -0.4074999999999999734, -1.081879921259842225, 0.000000000000000000 ) ) ;
#1891 = DIRECTION ( 'NONE',  ( -0.000000000000000000, -0.000000000000000000, 1.000000000000000000 ) ) ;
#1892 = EDGE_CURVE ( 'NONE', #1587, #1342, #464, .T. ) ;
#1893 = LINE ( 'NONE', #654, #1333 ) ;
#1894 = EDGE_LOOP ( 'NONE', ( #1497, #1706 ) ) ;
#1895 = VERTEX_POINT ( 'NONE', #1109 ) ;
#1896 = CARTESIAN_POINT ( 'NONE',  ( 0.4074999999999998623, 1.128750000000000142, 0.2596299199999999585 ) ) ;
#1897 = DIRECTION ( 'NONE',  ( -1.000000000000000000, 0.000000000000000000, -0.000000000000000000 ) ) ;
#1898 = CARTESIAN_POINT ( 'NONE',  ( -0.9999999999999998890, 1.500000000000000444, 0.2999999999999999889 ) ) ;
#1899 = EDGE_CURVE ( 'NONE', #1236, #1207, #347, .T. ) ;
#1900 = CARTESIAN_POINT ( 'NONE',  ( 0.4699999999999999734, -1.081879921259842225, 0.2596299199999999585 ) ) ;
#1901 = DIRECTION ( 'NONE',  ( -1.000000000000000000, 0.000000000000000000, 0.000000000000000000 ) ) ;
#1902 = VECTOR ( 'NONE', #1478, 39.37007874015748143 ) ;
#1903 = LINE ( 'NONE', #442, #1169 ) ;
#1904 = EDGE_LOOP ( 'NONE', ( #1939, #371, #402, #1505 ) ) ;
#1905 = LINE ( 'NONE', #841, #1671 ) ;
#1906 = ORIENTED_EDGE ( 'NONE', *, *, #123, .F. ) ;
#1907 = LINE ( 'NONE', #1888, #1745 ) ;
#1908 = DIRECTION ( 'NONE',  ( 1.000000000000000000, 0.000000000000000000, 0.000000000000000000 ) ) ;
#1909 = VECTOR ( 'NONE', #1421, 39.37007874015748143 ) ;
#1910 = CARTESIAN_POINT ( 'NONE',  ( -0.7125000000000000222, -0.2125000000000000500, 0.000000000000000000 ) ) ;
#1911 = VECTOR ( 'NONE', #682, 39.37007874015748143 ) ;
#1912 = ORIENTED_EDGE ( 'NONE', *, *, #894, .F. ) ;
#1913 = DIRECTION ( 'NONE',  ( -1.000000000000000000, 0.000000000000000000, 0.000000000000000000 ) ) ;
#1914 = ORIENTED_EDGE ( 'NONE', *, *, #1254, .T. ) ;
#1915 = CARTESIAN_POINT ( 'NONE',  ( -0.4699999999999999734, 1.121249999999999858, 0.000000000000000000 ) ) ;
#1916 = VECTOR ( 'NONE', #1703, 39.37007874015748143 ) ;
#1917 = CIRCLE ( 'NONE', #1046, 0.09375000000000005551 ) ;
#1918 = CYLINDRICAL_SURFACE ( 'NONE', #997, 0.1624999999999999778 ) ;
#1919 = VERTEX_POINT ( 'NONE', #162 ) ;
#1920 = ADVANCED_FACE ( 'NONE', ( #1720 ), #149, .F. ) ;
#1921 = EDGE_CURVE ( 'NONE', #1307, #1784, #1569, .T. ) ;
#1922 = DIRECTION ( 'NONE',  ( -0.000000000000000000, -0.000000000000000000, -1.000000000000000000 ) ) ;
#1923 = EDGE_CURVE ( 'NONE', #772, #1214, #1873, .T. ) ;
#1924 = ORIENTED_EDGE ( 'NONE', *, *, #527, .F. ) ;
#1925 = DIRECTION ( 'NONE',  ( 0.000000000000000000, 0.000000000000000000, 1.000000000000000000 ) ) ;
#1926 = FACE_OUTER_BOUND ( 'NONE', #1554, .T. ) ;
#1927 = CARTESIAN_POINT ( 'NONE',  ( 0.4699999999999999734, -1.058750000000000080, 0.2596299199999999585 ) ) ;
#1928 = DIRECTION ( 'NONE',  ( 0.000000000000000000, -0.000000000000000000, -1.000000000000000000 ) ) ;
#1929 = LINE ( 'NONE', #239, #1621 ) ;
#1930 = EDGE_LOOP ( 'NONE', ( #1835, #887, #432, #1858 ) ) ;
#1931 = FACE_OUTER_BOUND ( 'NONE', #1474, .T. ) ;
#1932 = ORIENTED_EDGE ( 'NONE', *, *, #294, .F. ) ;
#1933 = CARTESIAN_POINT ( 'NONE',  ( -0.6999999999999997335, 1.125000000000000000, 0.1999999999999999833 ) ) ;
#1934 = EDGE_CURVE ( 'NONE', #285, #908, #1659, .T. ) ;
#1935 = DIRECTION ( 'NONE',  ( 1.000000000000000000, 0.000000000000000000, 0.000000000000000000 ) ) ;
#1936 = LINE ( 'NONE', #993, #747 ) ;
#1937 = AXIS2_PLACEMENT_3D ( 'NONE', #942, #620, #1422 ) ;
#1938 = AXIS2_PLACEMENT_3D ( 'NONE', #1641, #1319, #1164 ) ;
#1939 = ORIENTED_EDGE ( 'NONE', *, *, #756, .F. ) ;
#1940 = VECTOR ( 'NONE', #683, 39.37007874015748143 ) ;
#1941 = CARTESIAN_POINT ( 'NONE',  ( -0.4074999999999999734, 1.019379921259842448, 0.2999999999999999889 ) ) ;
#1942 = VERTEX_POINT ( 'NONE', #1730 ) ;
#1943 = EDGE_CURVE ( 'NONE', #935, #1587, #1731, .T. ) ;
#1944 = EDGE_CURVE ( 'NONE', #1538, #495, #1700, .T. ) ;
#1945 = DIRECTION ( 'NONE',  ( -0.000000000000000000, 0.000000000000000000, 1.000000000000000000 ) ) ;
#1946 = DIRECTION ( 'NONE',  ( 0.000000000000000000, -1.000000000000000000, -0.000000000000000000 ) ) ;
#1947 = AXIS2_PLACEMENT_3D ( 'NONE', #688, #1607, #204 ) ;
#1948 = CARTESIAN_POINT ( 'NONE',  ( -0.6062499999999997335, -1.125000000000000000, 0.1999999999999999833 ) ) ;
#1949 = DIRECTION ( 'NONE',  ( 0.000000000000000000, 0.000000000000000000, -1.000000000000000000 ) ) ;
#1950 = AXIS2_PLACEMENT_3D ( 'NONE', #899, #764, #293 ) ;
#1951 = EDGE_CURVE ( 'NONE', #1486, #1028, #801, .T. ) ;
#1952 = ORIENTED_EDGE ( 'NONE', *, *, #416, .F. ) ;
#1953 = CARTESIAN_POINT ( 'NONE',  ( -0.6499999999999999112, 0.2749999999999999112, 0.000000000000000000 ) ) ;
#1954 = VERTEX_POINT ( 'NONE', #190 ) ;
#1955 = ORIENTED_EDGE ( 'NONE', *, *, #1008, .T. ) ;
#1956 = CARTESIAN_POINT ( 'NONE',  ( 0.4074999999999998623, -1.019379921259842448, 0.2999999999999999889 ) ) ;
#1957 = LINE ( 'NONE', #236, #1301 ) ;
#1958 = DIRECTION ( 'NONE',  ( 1.000000000000000000, 0.000000000000000000, 0.000000000000000000 ) ) ;
#1959 = EDGE_CURVE ( 'NONE', #373, #979, #638, .T. ) ;
#1960 = PLANE ( 'NONE',  #1104 ) ;
#1961 = CARTESIAN_POINT ( 'NONE',  ( 0.4074999999999999734, 1.168120078740157552, 0.2596299199999999585 ) ) ;
#1962 = ORIENTED_EDGE ( 'NONE', *, *, #1775, .F. ) ;
#1963 = CARTESIAN_POINT ( 'NONE',  ( -0.7937499999999998446, -1.125000000000000000, 0.000000000000000000 ) ) ;
#1964 = ORIENTED_EDGE ( 'NONE', *, *, #1899, .F. ) ;
#1965 = ORIENTED_EDGE ( 'NONE', *, *, #1729, .T. ) ;
#1966 = LINE ( 'NONE', #256, #1902 ) ;
#1967 = CARTESIAN_POINT ( 'NONE',  ( -0.4699999999999999734, -1.128750000000000142, 0.000000000000000000 ) ) ;
#1968 = FACE_OUTER_BOUND ( 'NONE', #1714, .T. ) ;
#1969 = CARTESIAN_POINT ( 'NONE',  ( -0.9999999999999998890, 1.500000000000000444, 0.2999999999999999889 ) ) ;
#1970 = CARTESIAN_POINT ( 'NONE',  ( 0.2875000000000000333, -0.2750000000000000222, 0.1350000000000000644 ) ) ;
#1971 = ORIENTED_EDGE ( 'NONE', *, *, #967, .F. ) ;
#1972 = ORIENTED_EDGE ( 'NONE', *, *, #1866, .T. ) ;
#1973 = VECTOR ( 'NONE', #24, 39.37007874015748143 ) ;
#1974 = CARTESIAN_POINT ( 'NONE',  ( -0.7125000000000000222, -0.2125000000000000500, -2.074246851269153424 ) ) ;
#1975 = EDGE_CURVE ( 'NONE', #1726, #604, #936, .T. ) ;
#1976 = VECTOR ( 'NONE', #1852, 39.37007874015748143 ) ;
#1977 = ORIENTED_EDGE ( 'NONE', *, *, #989, .F. ) ;
#1978 = ORIENTED_EDGE ( 'NONE', *, *, #1111, .T. ) ;
#1979 = CARTESIAN_POINT ( 'NONE',  ( -0.4074999999999998623, 1.230620078740157552, 0.2999999999999999889 ) ) ;
#1980 = DIRECTION ( 'NONE',  ( -1.000000000000000000, 0.000000000000000000, 0.000000000000000000 ) ) ;
#1981 = DIRECTION ( 'NONE',  ( 0.000000000000000000, -1.000000000000000000, -0.000000000000000000 ) ) ;
#1982 = FACE_OUTER_BOUND ( 'NONE', #391, .T. ) ;
#1983 = ORIENTED_EDGE ( 'NONE', *, *, #1029, .F. ) ;
#1984 = CIRCLE ( 'NONE', #1410, 0.06250000000000001388 ) ;
#1985 = DIRECTION ( 'NONE',  ( -1.000000000000000000, 0.000000000000000000, -0.000000000000000000 ) ) ;
#1986 = LINE ( 'NONE', #593, #1847 ) ;
#1987 = DIRECTION ( 'NONE',  ( 0.000000000000000000, 1.000000000000000000, 0.000000000000000000 ) ) ;
#1988 = VERTEX_POINT ( 'NONE', #1581 ) ;
#1989 = EDGE_LOOP ( 'NONE', ( #1962, #1924, #1772, #1794 ) ) ;
#1990 = VECTOR ( 'NONE', #1449, 39.37007874015748143 ) ;
#1991 = ADVANCED_FACE ( 'NONE', ( #180 ), #810, .F. ) ;
#1992 = DIRECTION ( 'NONE',  ( 1.000000000000000000, 0.000000000000000000, 0.000000000000000000 ) ) ;
#1993 = CARTESIAN_POINT ( 'NONE',  ( 1.000000000000000222, 1.500000000000000444, 0.2999999999999999889 ) ) ;
#1994 = ORIENTED_EDGE ( 'NONE', *, *, #1753, .T. ) ;
#1995 = CARTESIAN_POINT ( 'NONE',  ( -0.4699999999999999734, -1.019379921259842448, 0.2596299199999999585 ) ) ;
#1996 = CYLINDRICAL_SURFACE ( 'NONE', #2, 0.06250000000000001388 ) ;
#1997 = ORIENTED_EDGE ( 'NONE', *, *, #66, .T. ) ;
#1998 = VERTEX_POINT ( 'NONE', #650 ) ;
#1999 = DIRECTION ( 'NONE',  ( 1.000000000000000000, 0.000000000000000000, 0.000000000000000000 ) ) ;
#2000 = CARTESIAN_POINT ( 'NONE',  ( 0.2875000000000000333, -0.2125000000000000500, 0.2999999999999999889 ) ) ;
#2001 = VERTEX_POINT ( 'NONE', #821 ) ;
ENDSEC;
END-ISO-10303-21;
