ISO-10303-21;
HEADER;
FILE_DESCRIPTION (( 'STEP AP214' ),
    '1' );
FILE_NAME ('Base1V.STEP',
    '2026-04-16T17:58:16',
    ( '' ),
    ( '' ),
    'SwSTEP 2.0',
    'SolidWorks 2025',
    '' );
FILE_SCHEMA (( 'AUTOMOTIVE_DESIGN' ));
ENDSEC;

DATA;
#1 = CARTESIAN_POINT ( 'NONE',  ( -1.000000000000000444, 0.1499999999999996059, -0.5500000000000000444 ) ) ;
#2 = ADVANCED_BREP_SHAPE_REPRESENTATION ( 'Base1V', ( #475, #2045 ), #1285 ) ;
#3 = FACE_OUTER_BOUND ( 'NONE', #1746, .T. ) ;
#4 = EDGE_CURVE ( 'NONE', #351, #1582, #1996, .T. ) ;
#5 = ORIENTED_EDGE ( 'NONE', *, *, #346, .T. ) ;
#6 = CARTESIAN_POINT ( 'NONE',  ( 0.6749999999999997113, -0.7500000000000001110, 0.2189999999999996949 ) ) ;
#7 = ORIENTED_EDGE ( 'NONE', *, *, #1044, .F. ) ;
#8 = DIRECTION ( 'NONE',  ( 1.000000000000000000, 0.000000000000000000, 0.000000000000000000 ) ) ;
#9 = EDGE_CURVE ( 'NONE', #682, #1074, #1617, .T. ) ;
#10 = PLANE ( 'NONE',  #1796 ) ;
#11 = ORIENTED_EDGE ( 'NONE', *, *, #943, .F. ) ;
#12 = CARTESIAN_POINT ( 'NONE',  ( -0.4049999999999999711, -0.4999999999999997780, 0.4200000000000000400 ) ) ;
#13 = AXIS2_PLACEMENT_3D ( 'NONE', #780, #2217, #962 ) ;
#14 = EDGE_CURVE ( 'NONE', #1118, #39, #895, .T. ) ;
#15 = DIRECTION ( 'NONE',  ( 0.000000000000000000, 0.000000000000000000, -1.000000000000000000 ) ) ;
#16 = VECTOR ( 'NONE', #1305, 39.37007874015748143 ) ;
#17 = AXIS2_PLACEMENT_3D ( 'NONE', #2296, #2129, #1203 ) ;
#18 = CARTESIAN_POINT ( 'NONE',  ( 1.499999999999999778, -0.9999999999999996669, 0.2500000000000000000 ) ) ;
#19 = VECTOR ( 'NONE', #1458, 39.37007874015748143 ) ;
#20 = CARTESIAN_POINT ( 'NONE',  ( 1.012499999999999956, -0.6875000000000001110, 0.2500000000000000000 ) ) ;
#21 = ORIENTED_EDGE ( 'NONE', *, *, #1786, .F. ) ;
#22 = ORIENTED_EDGE ( 'NONE', *, *, #1706, .T. ) ;
#23 = ORIENTED_EDGE ( 'NONE', *, *, #298, .F. ) ;
#24 = PLANE ( 'NONE',  #1306 ) ;
#25 = CARTESIAN_POINT ( 'NONE',  ( 0.4049999999999999711, 0.4374999999999997780, 0.3890000000000002900 ) ) ;
#26 = ORIENTED_EDGE ( 'NONE', *, *, #1044, .T. ) ;
#27 = DIRECTION ( 'NONE',  ( -1.000000000000000000, 0.000000000000000000, 0.000000000000000000 ) ) ;
#28 = FACE_OUTER_BOUND ( 'NONE', #616, .T. ) ;
#29 = ORIENTED_EDGE ( 'NONE', *, *, #1404, .T. ) ;
#30 = ORIENTED_EDGE ( 'NONE', *, *, #1034, .F. ) ;
#31 = DIRECTION ( 'NONE',  ( 0.000000000000000000, 1.000000000000000000, 0.000000000000000000 ) ) ;
#32 = ORIENTED_EDGE ( 'NONE', *, *, #1063, .T. ) ;
#33 = DIRECTION ( 'NONE',  ( 1.000000000000000000, 0.000000000000000000, 0.000000000000000000 ) ) ;
#34 = DIRECTION ( 'NONE',  ( 0.000000000000000000, -0.000000000000000000, -1.000000000000000000 ) ) ;
#35 = CARTESIAN_POINT ( 'NONE',  ( -1.500000000000000444, -0.2750000000000001887, -0.5500000000000000444 ) ) ;
#36 = CARTESIAN_POINT ( 'NONE',  ( 0.6749999999999997113, -0.1500000000000001610, -0.5500000000000000444 ) ) ;
#37 = ORIENTED_EDGE ( 'NONE', *, *, #837, .F. ) ;
#38 = DIRECTION ( 'NONE',  ( 0.000000000000000000, -0.000000000000000000, 1.000000000000000000 ) ) ;
#39 = VERTEX_POINT ( 'NONE', #882 ) ;
#40 = CARTESIAN_POINT ( 'NONE',  ( 1.012499999999999956, 0.6875000000000001110, 0.2500000000000000000 ) ) ;
#41 = CARTESIAN_POINT ( 'NONE',  ( 0.7374999999999997113, 0.6875000000000001110, 0.2500000000000000000 ) ) ;
#42 = ORIENTED_EDGE ( 'NONE', *, *, #699, .F. ) ;
#43 = LINE ( 'NONE', #2198, #16 ) ;
#44 = LINE ( 'NONE', #581, #306 ) ;
#45 = DIRECTION ( 'NONE',  ( 0.000000000000000000, 0.000000000000000000, -1.000000000000000000 ) ) ;
#46 = EDGE_CURVE ( 'NONE', #380, #1178, #377, .T. ) ;
#47 = AXIS2_PLACEMENT_3D ( 'NONE', #2167, #1633, #1989 ) ;
#48 = ORIENTED_EDGE ( 'NONE', *, *, #1721, .T. ) ;
#49 = EDGE_CURVE ( 'NONE', #76, #2189, #256, .T. ) ;
#50 = AXIS2_PLACEMENT_3D ( 'NONE', #528, #1961, #349 ) ;
#51 = CARTESIAN_POINT ( 'NONE',  ( 0.4675000000000000266, 0.4999999999999997780, 0.4200000000000000400 ) ) ;
#52 = VECTOR ( 'NONE', #1825, 39.37007874015748854 ) ;
#53 = ORIENTED_EDGE ( 'NONE', *, *, #1422, .F. ) ;
#54 = VECTOR ( 'NONE', #1279, 39.37007874015748854 ) ;
#55 = DIRECTION ( 'NONE',  ( -0.000000000000000000, 1.000000000000000000, -0.000000000000000000 ) ) ;
#56 = EDGE_CURVE ( 'NONE', #1484, #1183, #457, .T. ) ;
#57 = ORIENTED_EDGE ( 'NONE', *, *, #1968, .T. ) ;
#58 = CIRCLE ( 'NONE', #192, 0.06250000000000001388 ) ;
#59 = DIRECTION ( 'NONE',  ( 0.000000000000000000, -1.000000000000000000, 0.000000000000000000 ) ) ;
#60 = DIRECTION ( 'NONE',  ( -0.000000000000000000, -0.000000000000000000, 1.000000000000000000 ) ) ;
#61 = EDGE_CURVE ( 'NONE', #1596, #1962, #2166, .T. ) ;
#62 = CYLINDRICAL_SURFACE ( 'NONE', #1843, 0.06250000000000001388 ) ;
#63 = ORIENTED_EDGE ( 'NONE', *, *, #1831, .T. ) ;
#64 = PLANE ( 'NONE',  #1840 ) ;
#65 = EDGE_LOOP ( 'NONE', ( #2229, #398, #944, #950 ) ) ;
#66 = CARTESIAN_POINT ( 'NONE',  ( -1.249999999999999778, -0.5000000000000001110, -0.5500000000000000444 ) ) ;
#67 = DIRECTION ( 'NONE',  ( 1.000000000000000000, 4.202843067175789472E-17, 0.000000000000000000 ) ) ;
#68 = EDGE_CURVE ( 'NONE', #1297, #1641, #932, .T. ) ;
#69 = VERTEX_POINT ( 'NONE', #1272 ) ;
#70 = CARTESIAN_POINT ( 'NONE',  ( -0.4050000000000000266, 0.4374999999999997780, 0.4200000000000000400 ) ) ;
#71 = EDGE_CURVE ( 'NONE', #2117, #321, #736, .T. ) ;
#72 = DIRECTION ( 'NONE',  ( 0.000000000000000000, 0.000000000000000000, 1.000000000000000000 ) ) ;
#73 = VECTOR ( 'NONE', #1338, 39.37007874015748143 ) ;
#74 = DIRECTION ( 'NONE',  ( -0.000000000000000000, 0.000000000000000000, -1.000000000000000000 ) ) ;
#75 = EDGE_CURVE ( 'NONE', #1118, #756, #423, .T. ) ;
#76 = VERTEX_POINT ( 'NONE', #2023 ) ;
#77 = LINE ( 'NONE', #1098, #942 ) ;
#78 = CARTESIAN_POINT ( 'NONE',  ( 0.6749999999999997113, -0.1500000000000001610, -0.1500000000000000500 ) ) ;
#79 = EDGE_CURVE ( 'NONE', #756, #1420, #58, .T. ) ;
#80 = VECTOR ( 'NONE', #1979, 39.37007874015748854 ) ;
#81 = ORIENTED_EDGE ( 'NONE', *, *, #630, .T. ) ;
#82 = DIRECTION ( 'NONE',  ( -0.000000000000000000, -0.000000000000000000, 1.000000000000000000 ) ) ;
#83 = LINE ( 'NONE', #790, #1209 ) ;
#84 = ORIENTED_EDGE ( 'NONE', *, *, #353, .T. ) ;
#85 = CARTESIAN_POINT ( 'NONE',  ( -1.249999999999999778, 0.4999999999999998335, -0.5500000000000000444 ) ) ;
#86 = CYLINDRICAL_SURFACE ( 'NONE', #13, 0.06250000000000001388 ) ;
#87 = CARTESIAN_POINT ( 'NONE',  ( -0.4049999999999999711, -0.4999999999999997780, 0.4200000000000000400 ) ) ;
#88 = CARTESIAN_POINT ( 'NONE',  ( -0.9500000000000003997, 0.4374999999999997780, 0.2500000000000000000 ) ) ;
#89 = ADVANCED_FACE ( 'NONE', ( #915 ), #603, .F. ) ;
#90 = EDGE_CURVE ( 'NONE', #1206, #756, #95, .T. ) ;
#91 = ORIENTED_EDGE ( 'NONE', *, *, #474, .T. ) ;
#92 = CARTESIAN_POINT ( 'NONE',  ( -0.4365000000000002212, -0.5000000000000001110, 0.4200000000000000400 ) ) ;
#93 = AXIS2_PLACEMENT_3D ( 'NONE', #87, #1669, #767 ) ;
#94 = ORIENTED_EDGE ( 'NONE', *, *, #2191, .F. ) ;
#95 = LINE ( 'NONE', #1102, #1130 ) ;
#96 = VECTOR ( 'NONE', #1395, 39.37007874015748854 ) ;
#97 = DIRECTION ( 'NONE',  ( -0.000000000000000000, -0.000000000000000000, 1.000000000000000000 ) ) ;
#98 = AXIS2_PLACEMENT_3D ( 'NONE', #2162, #1269, #390 ) ;
#99 = ORIENTED_EDGE ( 'NONE', *, *, #2075, .T. ) ;
#100 = CONICAL_SURFACE ( 'NONE', #1379, 0.09350000000000024958, 0.7853981633974473908 ) ;
#101 = DIRECTION ( 'NONE',  ( -1.000000000000000000, 0.000000000000000000, 0.000000000000000000 ) ) ;
#102 = DIRECTION ( 'NONE',  ( -0.000000000000000000, -0.000000000000000000, -1.000000000000000000 ) ) ;
#103 = VERTEX_POINT ( 'NONE', #433 ) ;
#104 = LINE ( 'NONE', #955, #304 ) ;
#105 = EDGE_LOOP ( 'NONE', ( #2283, #364, #1707, #204 ) ) ;
#106 = LINE ( 'NONE', #800, #417 ) ;
#107 = LINE ( 'NONE', #2060, #1099 ) ;
#108 = ORIENTED_EDGE ( 'NONE', *, *, #1664, .F. ) ;
#109 = CYLINDRICAL_SURFACE ( 'NONE', #1342, 0.06249999999999995143 ) ;
#110 = VERTEX_POINT ( 'NONE', #1460 ) ;
#111 = CARTESIAN_POINT ( 'NONE',  ( -1.125000000000000444, -0.2750000000000001332, -0.5500000000000000444 ) ) ;
#112 = EDGE_CURVE ( 'NONE', #1339, #2197, #2179, .T. ) ;
#113 = CARTESIAN_POINT ( 'NONE',  ( 0.7374999999999997113, 0.7500000000000001110, -0.1500000000000000500 ) ) ;
#114 = ORIENTED_EDGE ( 'NONE', *, *, #856, .T. ) ;
#115 = CYLINDRICAL_SURFACE ( 'NONE', #743, 0.06249999999999995143 ) ;
#116 = ORIENTED_EDGE ( 'NONE', *, *, #49, .T. ) ;
#117 = CARTESIAN_POINT ( 'NONE',  ( 0.4049999999999999711, 0.4374999999999997780, 0.4200000000000000400 ) ) ;
#118 = LINE ( 'NONE', #652, #560 ) ;
#119 = VECTOR ( 'NONE', #825, 39.37007874015748143 ) ;
#120 = EDGE_CURVE ( 'NONE', #745, #1596, #968, .T. ) ;
#121 = ORIENTED_EDGE ( 'NONE', *, *, #4, .T. ) ;
#122 = ADVANCED_FACE ( 'NONE', ( #1661 ), #1144, .F. ) ;
#123 = DIRECTION ( 'NONE',  ( 0.000000000000000000, 0.000000000000000000, -1.000000000000000000 ) ) ;
#124 = CIRCLE ( 'NONE', #47, 0.09350000000000024958 ) ;
#125 = ORIENTED_EDGE ( 'NONE', *, *, #462, .F. ) ;
#126 = CIRCLE ( 'NONE', #1798, 0.03150000000000026390 ) ;
#127 = PLANE ( 'NONE',  #1448 ) ;
#128 = VECTOR ( 'NONE', #446, 39.37007874015748854 ) ;
#129 = CARTESIAN_POINT ( 'NONE',  ( 0.4050000000000000266, -0.5624999999999998890, 0.4200000000000000400 ) ) ;
#130 = VECTOR ( 'NONE', #55, 39.37007874015748143 ) ;
#131 = EDGE_CURVE ( 'NONE', #321, #1756, #1651, .T. ) ;
#132 = ORIENTED_EDGE ( 'NONE', *, *, #956, .F. ) ;
#133 = FACE_OUTER_BOUND ( 'NONE', #284, .T. ) ;
#134 = ORIENTED_EDGE ( 'NONE', *, *, #2083, .F. ) ;
#135 = CARTESIAN_POINT ( 'NONE',  ( 0.4049999999999999711, 0.4999999999999997780, 0.4200000000000000400 ) ) ;
#136 = FACE_OUTER_BOUND ( 'NONE', #153, .T. ) ;
#137 = DIRECTION ( 'NONE',  ( 0.000000000000000000, 0.000000000000000000, -1.000000000000000000 ) ) ;
#138 = EDGE_LOOP ( 'NONE', ( #1810, #1774, #1893, #1015 ) ) ;
#139 = FACE_OUTER_BOUND ( 'NONE', #2107, .T. ) ;
#140 = VECTOR ( 'NONE', #1145, 39.37007874015748854 ) ;
#141 = DIRECTION ( 'NONE',  ( 0.000000000000000000, 0.000000000000000000, -1.000000000000000000 ) ) ;
#142 = ORIENTED_EDGE ( 'NONE', *, *, #2032, .T. ) ;
#143 = DIRECTION ( 'NONE',  ( -1.000000000000000000, 0.000000000000000000, 0.000000000000000000 ) ) ;
#144 = ORIENTED_EDGE ( 'NONE', *, *, #1936, .F. ) ;
#145 = CARTESIAN_POINT ( 'NONE',  ( -1.156249999999999778, 0.4999999999999998335, -0.5500000000000000444 ) ) ;
#146 = EDGE_CURVE ( 'NONE', #1782, #1233, #230, .T. ) ;
#147 = LINE ( 'NONE', #1565, #1091 ) ;
#148 = DIRECTION ( 'NONE',  ( 1.000000000000000000, 0.000000000000000000, 0.000000000000000000 ) ) ;
#149 = VERTEX_POINT ( 'NONE', #2224 ) ;
#150 = EDGE_LOOP ( 'NONE', ( #1416, #2143, #1557, #838 ) ) ;
#151 = VECTOR ( 'NONE', #1965, 39.37007874015748854 ) ;
#152 = DIRECTION ( 'NONE',  ( -1.000000000000000000, 0.000000000000000000, 0.000000000000000000 ) ) ;
#153 = EDGE_LOOP ( 'NONE', ( #1791, #1741, #1905, #2069 ) ) ;
#154 = DIRECTION ( 'NONE',  ( -1.000000000000000000, -8.672533313219810658E-15, 0.000000000000000000 ) ) ;
#155 = CIRCLE ( 'NONE', #2063, 0.06249999999999995143 ) ;
#156 = CARTESIAN_POINT ( 'NONE',  ( 1.074999999999999956, 0.6875000000000001110, -0.1500000000000000500 ) ) ;
#157 = AXIS2_PLACEMENT_3D ( 'NONE', #2088, #2260, #2080 ) ;
#158 = DIRECTION ( 'NONE',  ( -0.000000000000000000, 0.000000000000000000, 1.000000000000000000 ) ) ;
#159 = ORIENTED_EDGE ( 'NONE', *, *, #358, .F. ) ;
#160 = DIRECTION ( 'NONE',  ( 1.000000000000000000, 4.202843067175789472E-17, 0.000000000000000000 ) ) ;
#161 = FACE_OUTER_BOUND ( 'NONE', #2055, .T. ) ;
#162 = DIRECTION ( 'NONE',  ( 1.000000000000000000, 0.000000000000000000, 0.000000000000000000 ) ) ;
#163 = VERTEX_POINT ( 'NONE', #2194 ) ;
#164 = LINE ( 'NONE', #1392, #788 ) ;
#165 = AXIS2_PLACEMENT_3D ( 'NONE', #201, #1997, #598 ) ;
#166 = CARTESIAN_POINT ( 'NONE',  ( -0.8875000000000002887, -0.4375000000000000555, 0.1250000000000000000 ) ) ;
#167 = CARTESIAN_POINT ( 'NONE',  ( -1.000000000000000444, 0.1499999999999996059, 0.2500000000000000000 ) ) ;
#168 = ADVANCED_FACE ( 'NONE', ( #972 ), #999, .F. ) ;
#169 = DIRECTION ( 'NONE',  ( -1.000000000000000000, 0.000000000000000000, 0.000000000000000000 ) ) ;
#170 = ORIENTED_EDGE ( 'NONE', *, *, #1792, .T. ) ;
#171 = ORIENTED_EDGE ( 'NONE', *, *, #1964, .T. ) ;
#172 = EDGE_CURVE ( 'NONE', #203, #206, #2000, .T. ) ;
#173 = CARTESIAN_POINT ( 'NONE',  ( 0.7374999999999997113, -0.7810000000000003606, 0.2500000000000000000 ) ) ;
#174 = EDGE_LOOP ( 'NONE', ( #1324, #1410, #2299, #132 ) ) ;
#175 = DIRECTION ( 'NONE',  ( 0.000000000000000000, -0.7071067811865474617, -0.7071067811865474617 ) ) ;
#176 = AXIS2_PLACEMENT_3D ( 'NONE', #1772, #15, #1250 ) ;
#177 = CARTESIAN_POINT ( 'NONE',  ( -1.156249999999999778, -0.5000000000000001110, -0.5500000000000000444 ) ) ;
#178 = FACE_OUTER_BOUND ( 'NONE', #567, .T. ) ;
#179 = ORIENTED_EDGE ( 'NONE', *, *, #1351, .T. ) ;
#180 = ORIENTED_EDGE ( 'NONE', *, *, #1904, .T. ) ;
#181 = ORIENTED_EDGE ( 'NONE', *, *, #1831, .F. ) ;
#182 = DIRECTION ( 'NONE',  ( 1.000000000000000000, 0.000000000000000000, 0.000000000000000000 ) ) ;
#183 = VECTOR ( 'NONE', #897, 39.37007874015748143 ) ;
#184 = DIRECTION ( 'NONE',  ( -0.000000000000000000, -0.000000000000000000, 1.000000000000000000 ) ) ;
#185 = EDGE_CURVE ( 'NONE', #1281, #1178, #420, .T. ) ;
#186 = AXIS2_PLACEMENT_3D ( 'NONE', #1558, #2258, #143 ) ;
#187 = VECTOR ( 'NONE', #1884, 39.37007874015748143 ) ;
#188 = CARTESIAN_POINT ( 'NONE',  ( 0.4049999999999999711, 0.4999999999999997780, 0.3890000000000002900 ) ) ;
#189 = VECTOR ( 'NONE', #1019, 39.37007874015748143 ) ;
#190 = EDGE_CURVE ( 'NONE', #437, #2197, #1367, .T. ) ;
#191 = DIRECTION ( 'NONE',  ( -1.000000000000000000, 0.000000000000000000, 0.000000000000000000 ) ) ;
#192 = AXIS2_PLACEMENT_3D ( 'NONE', #392, #750, #216 ) ;
#193 = VERTEX_POINT ( 'NONE', #2263 ) ;
#194 = CARTESIAN_POINT ( 'NONE',  ( -1.249999999999999778, 0.4999999999999998335, 0.2500000000000000000 ) ) ;
#195 = VERTEX_POINT ( 'NONE', #1184 ) ;
#196 = DIRECTION ( 'NONE',  ( -1.000000000000000000, -9.106159978880878627E-17, 0.000000000000000000 ) ) ;
#197 = CARTESIAN_POINT ( 'NONE',  ( -0.8875000000000002887, -0.4375000000000000555, 0.2500000000000000000 ) ) ;
#198 = CARTESIAN_POINT ( 'NONE',  ( 1.074999999999999956, -0.2750000000000001332, 0.2189999999999996949 ) ) ;
#199 = CIRCLE ( 'NONE', #829, 0.03150000000000026390 ) ;
#200 = ORIENTED_EDGE ( 'NONE', *, *, #1968, .F. ) ;
#201 = CARTESIAN_POINT ( 'NONE',  ( 1.074999999999999956, -0.7500000000000001110, 0.2189999999999996949 ) ) ;
#202 = DIRECTION ( 'NONE',  ( 0.000000000000000000, -0.000000000000000000, 1.000000000000000000 ) ) ;
#203 = VERTEX_POINT ( 'NONE', #2268 ) ;
#204 = ORIENTED_EDGE ( 'NONE', *, *, #717, .F. ) ;
#205 = EDGE_CURVE ( 'NONE', #2256, #1339, #1566, .T. ) ;
#206 = VERTEX_POINT ( 'NONE', #472 ) ;
#207 = LINE ( 'NONE', #1291, #297 ) ;
#208 = LINE ( 'NONE', #2043, #1179 ) ;
#209 = EDGE_CURVE ( 'NONE', #1173, #266, #494, .T. ) ;
#210 = CARTESIAN_POINT ( 'NONE',  ( -1.249999999999999778, -0.5000000000000001110, -0.5500000000000000444 ) ) ;
#211 = ORIENTED_EDGE ( 'NONE', *, *, #1300, .T. ) ;
#212 = VECTOR ( 'NONE', #1955, 39.37007874015748143 ) ;
#213 = ADVANCED_FACE ( 'NONE', ( #665 ), #115, .F. ) ;
#214 = DIRECTION ( 'NONE',  ( 1.000000000000000000, 4.202843067175788856E-17, 0.000000000000000000 ) ) ;
#215 = EDGE_LOOP ( 'NONE', ( #1023, #668, #171, #402 ) ) ;
#216 = DIRECTION ( 'NONE',  ( 1.000000000000000000, -1.092739197465705090E-15, 0.000000000000000000 ) ) ;
#217 = ADVANCED_FACE ( 'NONE', ( #2077 ), #1536, .T. ) ;
#218 = ORIENTED_EDGE ( 'NONE', *, *, #451, .T. ) ;
#219 = LINE ( 'NONE', #918, #2061 ) ;
#220 = CARTESIAN_POINT ( 'NONE',  ( -1.156249999999999778, -0.5000000000000001110, -0.5500000000000000444 ) ) ;
#221 = CARTESIAN_POINT ( 'NONE',  ( 1.074999999999999956, 0.6875000000000001110, 0.2189999999999996949 ) ) ;
#222 = AXIS2_PLACEMENT_3D ( 'NONE', #41, #1075, #1114 ) ;
#223 = ORIENTED_EDGE ( 'NONE', *, *, #1664, .T. ) ;
#224 = CARTESIAN_POINT ( 'NONE',  ( 1.012499999999999956, 0.6875000000000001110, -0.1500000000000000500 ) ) ;
#225 = CONICAL_SURFACE ( 'NONE', #1260, 0.03150000000000026390, 0.7853981633974479459 ) ;
#226 = DIRECTION ( 'NONE',  ( -1.000000000000000000, -0.000000000000000000, -0.000000000000000000 ) ) ;
#227 = EDGE_CURVE ( 'NONE', #2096, #1238, #294, .T. ) ;
#228 = ORIENTED_EDGE ( 'NONE', *, *, #1899, .T. ) ;
#229 = VECTOR ( 'NONE', #805, 39.37007874015748143 ) ;
#230 = LINE ( 'NONE', #1866, #2090 ) ;
#231 = CARTESIAN_POINT ( 'NONE',  ( 0.4049999999999999711, 0.4999999999999997780, 0.4200000000000000400 ) ) ;
#232 = DIRECTION ( 'NONE',  ( 0.000000000000000000, 0.7071067811865474617, 0.7071067811865474617 ) ) ;
#233 = ORIENTED_EDGE ( 'NONE', *, *, #1230, .T. ) ;
#234 = DIRECTION ( 'NONE',  ( -0.7071067811865475727, 0.000000000000000000, 0.7071067811865475727 ) ) ;
#235 = CYLINDRICAL_SURFACE ( 'NONE', #1568, 0.09374999999999991673 ) ;
#236 = DIRECTION ( 'NONE',  ( 0.7071067811865474617, 0.000000000000000000, 0.7071067811865474617 ) ) ;
#237 = LINE ( 'NONE', #1095, #54 ) ;
#238 = ADVANCED_FACE ( 'NONE', ( #139 ), #1732, .T. ) ;
#239 = ORIENTED_EDGE ( 'NONE', *, *, #2264, .T. ) ;
#240 = PLANE ( 'NONE',  #619 ) ;
#241 = LINE ( 'NONE', #1299, #1411 ) ;
#242 = VERTEX_POINT ( 'NONE', #1176 ) ;
#243 = DIRECTION ( 'NONE',  ( 0.000000000000000000, 0.000000000000000000, -1.000000000000000000 ) ) ;
#244 = LINE ( 'NONE', #1246, #1057 ) ;
#245 = CARTESIAN_POINT ( 'NONE',  ( -0.9500000000000002887, -0.4375000000000000555, 0.1250000000000000000 ) ) ;
#246 = ADVANCED_FACE ( 'NONE', ( #133 ), #1195, .F. ) ;
#247 = ORIENTED_EDGE ( 'NONE', *, *, #935, .F. ) ;
#248 = CARTESIAN_POINT ( 'NONE',  ( 0.6749999999999997113, -0.6875000000000001110, -0.1500000000000000500 ) ) ;
#249 = ADVANCED_FACE ( 'NONE', ( #1740 ), #980, .T. ) ;
#250 = DIRECTION ( 'NONE',  ( -0.000000000000000000, 0.000000000000000000, 1.000000000000000000 ) ) ;
#251 = VECTOR ( 'NONE', #2289, 39.37007874015748143 ) ;
#252 = DIRECTION ( 'NONE',  ( -1.000000000000000000, -1.606969408037802981E-16, 0.000000000000000000 ) ) ;
#253 = VERTEX_POINT ( 'NONE', #1896 ) ;
#254 = DIRECTION ( 'NONE',  ( -0.000000000000000000, -0.000000000000000000, -1.000000000000000000 ) ) ;
#255 = ORIENTED_EDGE ( 'NONE', *, *, #1899, .F. ) ;
#256 = LINE ( 'NONE', #1645, #2169 ) ;
#257 = DIRECTION ( 'NONE',  ( -0.000000000000000000, -0.000000000000000000, -1.000000000000000000 ) ) ;
#258 = VERTEX_POINT ( 'NONE', #1713 ) ;
#259 = DIRECTION ( 'NONE',  ( 0.000000000000000000, 0.000000000000000000, 1.000000000000000000 ) ) ;
#260 = ORIENTED_EDGE ( 'NONE', *, *, #625, .F. ) ;
#261 = LINE ( 'NONE', #430, #1946 ) ;
#262 = EDGE_LOOP ( 'NONE', ( #1731, #606, #584, #764 ) ) ;
#263 = DIRECTION ( 'NONE',  ( -1.000000000000000000, 1.606969408037801748E-16, 0.000000000000000000 ) ) ;
#264 = CARTESIAN_POINT ( 'NONE',  ( -0.8875000000000003997, 0.3749999999999997780, 0.2500000000000000000 ) ) ;
#265 = AXIS2_PLACEMENT_3D ( 'NONE', #210, #1980, #2018 ) ;
#266 = VERTEX_POINT ( 'NONE', #638 ) ;
#267 = DIRECTION ( 'NONE',  ( 0.000000000000000000, 0.000000000000000000, -1.000000000000000000 ) ) ;
#268 = LINE ( 'NONE', #975, #596 ) ;
#269 = VECTOR ( 'NONE', #160, 39.37007874015748143 ) ;
#270 = FACE_OUTER_BOUND ( 'NONE', #2270, .T. ) ;
#271 = VERTEX_POINT ( 'NONE', #1555 ) ;
#272 = DIRECTION ( 'NONE',  ( -1.000000000000000000, -1.460881280034365495E-16, 0.000000000000000000 ) ) ;
#273 = ORIENTED_EDGE ( 'NONE', *, *, #1351, .F. ) ;
#274 = DIRECTION ( 'NONE',  ( 0.000000000000000000, 0.000000000000000000, -1.000000000000000000 ) ) ;
#275 = COLOUR_RGB ( '',0.7921568627450980005, 0.8196078431372548767, 0.9333333333333333481 ) ;
#276 = ORIENTED_EDGE ( 'NONE', *, *, #1207, .T. ) ;
#277 = CARTESIAN_POINT ( 'NONE',  ( -0.4050000000000000266, 0.4999999999999997780, 0.4200000000000000400 ) ) ;
#278 = CARTESIAN_POINT ( 'NONE',  ( 0.4050000000000000266, 0.4999999999999999445, 0.4200000000000000400 ) ) ;
#279 = EDGE_CURVE ( 'NONE', #2096, #905, #106, .T. ) ;
#280 = AXIS2_PLACEMENT_3D ( 'NONE', #2127, #1615, #348 ) ;
#281 = LINE ( 'NONE', #1695, #1038 ) ;
#282 = EDGE_CURVE ( 'NONE', #1908, #1594, #2059, .T. ) ;
#283 = AXIS2_PLACEMENT_3D ( 'NONE', #231, #933, #1662 ) ;
#284 = EDGE_LOOP ( 'NONE', ( #1847, #1723, #1953, #2084 ) ) ;
#285 = EDGE_CURVE ( 'NONE', #624, #549, #2070, .T. ) ;
#286 = CARTESIAN_POINT ( 'NONE',  ( -1.500000000000000444, 1.000000000000000000, -0.5500000000000000444 ) ) ;
#287 = ORIENTED_EDGE ( 'NONE', *, *, #1117, .T. ) ;
#288 = ADVANCED_FACE ( 'NONE', ( #1337 ), #1193, .F. ) ;
#289 = ADVANCED_FACE ( 'NONE', ( #1524 ), #2242, .F. ) ;
#290 = CARTESIAN_POINT ( 'NONE',  ( 0.6749999999999997113, -0.4375000000000000000, 0.1250000000000000000 ) ) ;
#291 = EDGE_CURVE ( 'NONE', #1097, #1801, #1232, .T. ) ;
#292 = DIRECTION ( 'NONE',  ( 0.7071067811865475727, 0.000000000000000000, 0.7071067811865475727 ) ) ;
#293 = VERTEX_POINT ( 'NONE', #167 ) ;
#294 = LINE ( 'NONE', #998, #2065 ) ;
#295 = CARTESIAN_POINT ( 'NONE',  ( -1.125000000000000444, 0.2749999999999995781, 0.2500000000000000000 ) ) ;
#296 = EDGE_CURVE ( 'NONE', #2050, #1275, #1394, .T. ) ;
#297 = VECTOR ( 'NONE', #1479, 39.37007874015748143 ) ;
#298 = EDGE_CURVE ( 'NONE', #1803, #1821, #2103, .T. ) ;
#299 = VECTOR ( 'NONE', #1859, 39.37007874015748143 ) ;
#300 = VERTEX_POINT ( 'NONE', #722 ) ;
#301 = AXIS2_PLACEMENT_3D ( 'NONE', #2072, #467, #2237 ) ;
#302 = CARTESIAN_POINT ( 'NONE',  ( 1.074999999999999956, 0.2750000000000001332, -0.1500000000000000500 ) ) ;
#303 = EDGE_CURVE ( 'NONE', #960, #1641, #2003, .T. ) ;
#304 = VECTOR ( 'NONE', #385, 39.37007874015748143 ) ;
#305 = APPLICATION_CONTEXT ( 'automotive_design' ) ;
#306 = VECTOR ( 'NONE', #1292, 39.37007874015748143 ) ;
#307 = ORIENTED_EDGE ( 'NONE', *, *, #1404, .F. ) ;
#308 = DIRECTION ( 'NONE',  ( 1.000000000000000000, 2.048885995248197660E-16, -0.000000000000000000 ) ) ;
#309 = DIRECTION ( 'NONE',  ( -1.000000000000000000, -1.561055996379579228E-16, 0.000000000000000000 ) ) ;
#310 = ORIENTED_EDGE ( 'NONE', *, *, #205, .T. ) ;
#311 = FACE_OUTER_BOUND ( 'NONE', #138, .T. ) ;
#312 = CARTESIAN_POINT ( 'NONE',  ( -1.000000000000000444, -0.1500000000000001055, 0.2500000000000000000 ) ) ;
#313 = DIRECTION ( 'NONE',  ( 1.000000000000000000, -0.000000000000000000, -0.000000000000000000 ) ) ;
#314 = ORIENTED_EDGE ( 'NONE', *, *, #525, .F. ) ;
#315 = ADVANCED_FACE ( 'NONE', ( #2149 ), #688, .T. ) ;
#316 = CARTESIAN_POINT ( 'NONE',  ( 0.4050000000000000266, 0.4999999999999999445, 0.2500000000000000000 ) ) ;
#317 = DIRECTION ( 'NONE',  ( 1.000000000000000000, -1.606969408037801748E-16, 0.000000000000000000 ) ) ;
#318 = VECTOR ( 'NONE', #434, 39.37007874015748854 ) ;
#319 = CARTESIAN_POINT ( 'NONE',  ( -0.4049999999999999711, -0.5624999999999997780, 0.3890000000000002900 ) ) ;
#320 = ORIENTED_EDGE ( 'NONE', *, *, #2202, .T. ) ;
#321 = VERTEX_POINT ( 'NONE', #1070 ) ;
#322 = CARTESIAN_POINT ( 'NONE',  ( 1.012499999999999956, -0.6875000000000001110, -0.1500000000000000500 ) ) ;
#323 = VECTOR ( 'NONE', #184, 39.37007874015748143 ) ;
#324 = ORIENTED_EDGE ( 'NONE', *, *, #803, .T. ) ;
#325 = CARTESIAN_POINT ( 'NONE',  ( -0.4049999999999999711, -0.4999999999999997780, 0.4200000000000000400 ) ) ;
#326 = DIRECTION ( 'NONE',  ( -1.000000000000000000, 0.000000000000000000, 0.000000000000000000 ) ) ;
#327 = PLANE ( 'NONE',  #1374 ) ;
#328 = EDGE_LOOP ( 'NONE', ( #2298, #827, #702, #2214, #726, #926 ) ) ;
#329 = DIRECTION ( 'NONE',  ( 0.000000000000000000, 0.000000000000000000, 1.000000000000000000 ) ) ;
#330 = VECTOR ( 'NONE', #1199, 39.37007874015748854 ) ;
#331 = DIRECTION ( 'NONE',  ( 0.000000000000000000, 0.7071067811865474617, -0.7071067811865474617 ) ) ;
#332 = ORIENTED_EDGE ( 'NONE', *, *, #2206, .T. ) ;
#333 = DIRECTION ( 'NONE',  ( 0.000000000000000000, 1.000000000000000000, 0.000000000000000000 ) ) ;
#334 = CARTESIAN_POINT ( 'NONE',  ( -0.4049999999999999711, 0.4999999999999997780, 0.3890000000000002900 ) ) ;
#335 = DIRECTION ( 'NONE',  ( 1.000000000000000000, 0.000000000000000000, -0.000000000000000000 ) ) ;
#336 = AXIS2_PLACEMENT_3D ( 'NONE', #1872, #461, #2068 ) ;
#337 = ADVANCED_FACE ( 'NONE', ( #1255 ), #2280, .F. ) ;
#338 = CARTESIAN_POINT ( 'NONE',  ( -0.9500000000000002887, -0.3750000000000001110, 0.2500000000000000000 ) ) ;
#339 = CARTESIAN_POINT ( 'NONE',  ( 0.7999999999999998224, 0.1500000000000001887, -0.1500000000000000500 ) ) ;
#340 = ORIENTED_EDGE ( 'NONE', *, *, #695, .F. ) ;
#341 = EDGE_LOOP ( 'NONE', ( #679, #233, #320, #1089, #2047, #352, #223, #2078, #2044, #1211, #542, #247 ) ) ;
#342 = CARTESIAN_POINT ( 'NONE',  ( 1.074999999999999956, 0.7500000000000001110, -0.1500000000000000500 ) ) ;
#343 = DIRECTION ( 'NONE',  ( 0.000000000000000000, 0.000000000000000000, 1.000000000000000000 ) ) ;
#344 = ORIENTED_EDGE ( 'NONE', *, *, #711, .F. ) ;
#345 = CARTESIAN_POINT ( 'NONE',  ( -0.4049999999999999711, -0.5624999999999997780, 0.3890000000000002900 ) ) ;
#346 = EDGE_CURVE ( 'NONE', #1160, #1782, #1797, .T. ) ;
#347 = LINE ( 'NONE', #2112, #1022 ) ;
#348 = DIRECTION ( 'NONE',  ( 0.000000000000000000, -1.000000000000000000, 0.000000000000000000 ) ) ;
#349 = DIRECTION ( 'NONE',  ( -1.000000000000000000, 0.000000000000000000, -0.000000000000000000 ) ) ;
#350 = VECTOR ( 'NONE', #1676, 39.37007874015748854 ) ;
#351 = VERTEX_POINT ( 'NONE', #501 ) ;
#352 = ORIENTED_EDGE ( 'NONE', *, *, #890, .F. ) ;
#353 = EDGE_CURVE ( 'NONE', #110, #2235, #866, .T. ) ;
#354 = CARTESIAN_POINT ( 'NONE',  ( 1.074999999999999956, 0.6875000000000001110, -0.1500000000000000500 ) ) ;
#355 = ORIENTED_EDGE ( 'NONE', *, *, #814, .F. ) ;
#356 = DIRECTION ( 'NONE',  ( -0.000000000000000000, -0.000000000000000000, 1.000000000000000000 ) ) ;
#357 = CARTESIAN_POINT ( 'NONE',  ( -0.9500000000000003997, 0.4374999999999997780, 0.1250000000000000000 ) ) ;
#358 = EDGE_CURVE ( 'NONE', #271, #682, #1096, .T. ) ;
#359 = CARTESIAN_POINT ( 'NONE',  ( -1.125000000000000444, -0.2750000000000001332, -0.5500000000000000444 ) ) ;
#360 = DIRECTION ( 'NONE',  ( 1.606969408037801748E-16, 1.000000000000000000, 0.000000000000000000 ) ) ;
#361 = CARTESIAN_POINT ( 'NONE',  ( 0.6749999999999997113, 0.7500000000000001110, -0.1500000000000000500 ) ) ;
#362 = ORIENTED_EDGE ( 'NONE', *, *, #1976, .F. ) ;
#363 = EDGE_LOOP ( 'NONE', ( #362, #519, #1135, #822 ) ) ;
#364 = ORIENTED_EDGE ( 'NONE', *, *, #477, .T. ) ;
#365 = LINE ( 'NONE', #1079, #183 ) ;
#366 = VECTOR ( 'NONE', #1237, 39.37007874015748143 ) ;
#367 = DIRECTION ( 'NONE',  ( -1.000000000000000000, 0.000000000000000000, 0.000000000000000000 ) ) ;
#368 = DIRECTION ( 'NONE',  ( -0.000000000000000000, 0.000000000000000000, 1.000000000000000000 ) ) ;
#369 = CIRCLE ( 'NONE', #2246, 0.09350000000000024958 ) ;
#370 = CARTESIAN_POINT ( 'NONE',  ( -1.500000000000000444, -1.000000000000000222, -0.5500000000000000444 ) ) ;
#371 = AXIS2_PLACEMENT_3D ( 'NONE', #40, #1133, #565 ) ;
#372 = CIRCLE ( 'NONE', #969, 0.1250000000000000278 ) ;
#373 = VERTEX_POINT ( 'NONE', #1789 ) ;
#374 = FACE_OUTER_BOUND ( 'NONE', #1593, .T. ) ;
#375 = CARTESIAN_POINT ( 'NONE',  ( -0.4675000000000000266, 0.5624999999999997780, 0.3890000000000002900 ) ) ;
#376 = DIRECTION ( 'NONE',  ( 0.000000000000000000, 0.000000000000000000, -1.000000000000000000 ) ) ;
#377 = CIRCLE ( 'NONE', #1417, 0.06250000000000001388 ) ;
#378 = ORIENTED_EDGE ( 'NONE', *, *, #1660, .F. ) ;
#379 = VERTEX_POINT ( 'NONE', #18 ) ;
#380 = VERTEX_POINT ( 'NONE', #713 ) ;
#381 = CARTESIAN_POINT ( 'NONE',  ( -0.4050000000000000266, 0.4999999999999997780, 0.3890000000000002900 ) ) ;
#382 = CARTESIAN_POINT ( 'NONE',  ( -1.500000000000000444, 1.000000000000000000, 0.2500000000000000000 ) ) ;
#383 = DIRECTION ( 'NONE',  ( 0.000000000000000000, 0.000000000000000000, -1.000000000000000000 ) ) ;
#384 = EDGE_CURVE ( 'NONE', #266, #2042, #199, .T. ) ;
#385 = DIRECTION ( 'NONE',  ( 0.000000000000000000, -1.000000000000000000, 0.000000000000000000 ) ) ;
#386 = AXIS2_PLACEMENT_3D ( 'NONE', #1775, #700, #585 ) ;
#387 = ORIENTED_EDGE ( 'NONE', *, *, #2140, .T. ) ;
#388 = ADVANCED_FACE ( 'NONE', ( #178 ), #1242, .T. ) ;
#389 = CARTESIAN_POINT ( 'NONE',  ( 0.7374999999999997113, -0.6875000000000001110, 0.2500000000000000000 ) ) ;
#390 = DIRECTION ( 'NONE',  ( 1.000000000000000000, 0.000000000000000000, 0.000000000000000000 ) ) ;
#391 = VERTEX_POINT ( 'NONE', #359 ) ;
#392 = CARTESIAN_POINT ( 'NONE',  ( 0.4049999999999999711, -0.4999999999999999445, 0.2500000000000000000 ) ) ;
#393 = EDGE_LOOP ( 'NONE', ( #1951, #2071, #121, #496 ) ) ;
#394 = CARTESIAN_POINT ( 'NONE',  ( -1.500000000000000444, -1.000000000000000222, -0.5500000000000000444 ) ) ;
#395 = CARTESIAN_POINT ( 'NONE',  ( -1.125000000000000444, -0.1500000000000001055, -0.5500000000000000444 ) ) ;
#396 = DIRECTION ( 'NONE',  ( 1.561055996379579228E-16, -1.000000000000000000, 0.000000000000000000 ) ) ;
#397 = EDGE_CURVE ( 'NONE', #703, #539, #612, .T. ) ;
#398 = ORIENTED_EDGE ( 'NONE', *, *, #1773, .T. ) ;
#399 = CARTESIAN_POINT ( 'NONE',  ( 0.7374999999999997113, 0.7500000000000001110, 0.2189999999999996949 ) ) ;
#400 = DIRECTION ( 'NONE',  ( 1.000000000000000000, 0.000000000000000000, 0.000000000000000000 ) ) ;
#401 = EDGE_CURVE ( 'NONE', #195, #716, #147, .T. ) ;
#402 = ORIENTED_EDGE ( 'NONE', *, *, #1063, .F. ) ;
#403 = CARTESIAN_POINT ( 'NONE',  ( 1.074999999999999956, 0.6875000000000001110, 0.2189999999999996949 ) ) ;
#404 = CARTESIAN_POINT ( 'NONE',  ( 0.4050000000000000266, 0.4999999999999999445, 0.3890000000000002900 ) ) ;
#405 = ORIENTED_EDGE ( 'NONE', *, *, #1553, .T. ) ;
#406 = FACE_OUTER_BOUND ( 'NONE', #1733, .T. ) ;
#407 = CARTESIAN_POINT ( 'NONE',  ( -0.8875000000000003997, 0.3749999999999997780, 0.1250000000000000000 ) ) ;
#408 = LINE ( 'NONE', #921, #517 ) ;
#409 = DIRECTION ( 'NONE',  ( -1.000000000000000000, 0.000000000000000000, 0.000000000000000000 ) ) ;
#410 = EDGE_CURVE ( 'NONE', #2203, #1916, #1384, .T. ) ;
#411 = AXIS2_PLACEMENT_3D ( 'NONE', #394, #1105, #1828 ) ;
#412 = ORIENTED_EDGE ( 'NONE', *, *, #2051, .F. ) ;
#413 = DIRECTION ( 'NONE',  ( 1.000000000000000000, 2.048885995248197660E-16, -0.000000000000000000 ) ) ;
#414 = FACE_OUTER_BOUND ( 'NONE', #2245, .T. ) ;
#415 = DIRECTION ( 'NONE',  ( 1.000000000000000000, 9.106159978880877395E-17, 0.000000000000000000 ) ) ;
#416 = ADVANCED_FACE ( 'NONE', ( #1591 ), #1201, .T. ) ;
#417 = VECTOR ( 'NONE', #2253, 39.37007874015748143 ) ;
#418 = ORIENTED_EDGE ( 'NONE', *, *, #353, .F. ) ;
#419 = AXIS2_PLACEMENT_3D ( 'NONE', #1482, #1124, #409 ) ;
#420 = LINE ( 'NONE', #1852, #2277 ) ;
#421 = DIRECTION ( 'NONE',  ( -1.000000000000000000, 0.000000000000000000, 0.000000000000000000 ) ) ;
#422 = LINE ( 'NONE', #245, #2230 ) ;
#423 = CIRCLE ( 'NONE', #1730, 0.06250000000000001388 ) ;
#424 = ORIENTED_EDGE ( 'NONE', *, *, #698, .F. ) ;
#425 = PLANE ( 'NONE',  #1838 ) ;
#426 = CARTESIAN_POINT ( 'NONE',  ( -0.9500000000000003997, 0.3749999999999997780, 0.1250000000000000000 ) ) ;
#427 = LINE ( 'NONE', #198, #1567 ) ;
#428 = AXIS2_PLACEMENT_3D ( 'NONE', #1829, #2227, #1121 ) ;
#429 = EDGE_LOOP ( 'NONE', ( #412, #718 ) ) ;
#430 = CARTESIAN_POINT ( 'NONE',  ( 1.012499999999999956, -0.7500000000000001110, 0.2189999999999996949 ) ) ;
#431 = AXIS2_PLACEMENT_3D ( 'NONE', #889, #1795, #367 ) ;
#432 = VERTEX_POINT ( 'NONE', #338 ) ;
#433 = CARTESIAN_POINT ( 'NONE',  ( 0.4049999999999999156, -0.4375000000000000000, 0.3890000000000002900 ) ) ;
#434 = DIRECTION ( 'NONE',  ( 0.000000000000000000, -0.7071067811865474617, 0.7071067811865474617 ) ) ;
#435 = ORIENTED_EDGE ( 'NONE', *, *, #504, .F. ) ;
#436 = PLANE ( 'NONE',  #428 ) ;
#437 = VERTEX_POINT ( 'NONE', #1046 ) ;
#438 = CARTESIAN_POINT ( 'NONE',  ( -0.4675000000000000266, 0.4999999999999997780, 0.3890000000000002900 ) ) ;
#439 = ORIENTED_EDGE ( 'NONE', *, *, #2201, .T. ) ;
#440 = DIRECTION ( 'NONE',  ( 1.000000000000000000, 0.000000000000000000, 0.000000000000000000 ) ) ;
#441 = DIRECTION ( 'NONE',  ( 1.000000000000000000, 0.000000000000000000, 0.000000000000000000 ) ) ;
#442 = ORIENTED_EDGE ( 'NONE', *, *, #1553, .F. ) ;
#443 = DIRECTION ( 'NONE',  ( 1.000000000000000000, 0.000000000000000000, 0.000000000000000000 ) ) ;
#444 = DIRECTION ( 'NONE',  ( 0.000000000000000000, 0.000000000000000000, -1.000000000000000000 ) ) ;
#445 = ORIENTED_EDGE ( 'NONE', *, *, #1857, .T. ) ;
#446 = DIRECTION ( 'NONE',  ( 0.000000000000000000, -0.7071067811865474617, 0.7071067811865474617 ) ) ;
#447 = AXIS2_PLACEMENT_3D ( 'NONE', #1584, #2119, #541 ) ;
#448 = ORIENTED_EDGE ( 'NONE', *, *, #1483, .F. ) ;
#449 = CARTESIAN_POINT ( 'NONE',  ( -7.764584003382653964E-17, -0.5315000000000000835, 0.4200000000000000400 ) ) ;
#450 = CIRCLE ( 'NONE', #1759, 0.03150000000000026390 ) ;
#451 = EDGE_CURVE ( 'NONE', #621, #624, #497, .T. ) ;
#452 = CARTESIAN_POINT ( 'NONE',  ( 0.4049999999999999711, 0.4684999999999995279, 0.4200000000000000400 ) ) ;
#453 = AXIS2_PLACEMENT_3D ( 'NONE', #2218, #1809, #1820 ) ;
#454 = ORIENTED_EDGE ( 'NONE', *, *, #877, .F. ) ;
#455 = ADVANCED_FACE ( 'NONE', ( #1086 ), #1891, .F. ) ;
#456 = CARTESIAN_POINT ( 'NONE',  ( 1.012499999999999956, 0.7810000000000003606, 0.2500000000000000000 ) ) ;
#457 = CIRCLE ( 'NONE', #2133, 0.03150000000000026390 ) ;
#458 = DIRECTION ( 'NONE',  ( -0.000000000000000000, -0.000000000000000000, -1.000000000000000000 ) ) ;
#459 = EDGE_CURVE ( 'NONE', #1206, #664, #1355, .T. ) ;
#460 = ORIENTED_EDGE ( 'NONE', *, *, #1527, .F. ) ;
#461 = DIRECTION ( 'NONE',  ( -0.000000000000000000, -0.000000000000000000, 1.000000000000000000 ) ) ;
#462 = EDGE_CURVE ( 'NONE', #1571, #476, #77, .T. ) ;
#463 = VERTEX_POINT ( 'NONE', #1485 ) ;
#464 = CARTESIAN_POINT ( 'NONE',  ( 1.012499999999999956, 0.6875000000000001110, -0.1500000000000000500 ) ) ;
#465 =( GEOMETRIC_REPRESENTATION_CONTEXT ( 3 ) GLOBAL_UNCERTAINTY_ASSIGNED_CONTEXT ( ( #1039 ) ) GLOBAL_UNIT_ASSIGNED_CONTEXT ( ( #1441, #1298, #1457 ) ) REPRESENTATION_CONTEXT ( 'NONE', 'WORKASPACE' ) );
#466 = ORIENTED_EDGE ( 'NONE', *, *, #2186, .T. ) ;
#467 = DIRECTION ( 'NONE',  ( -0.000000000000000000, -0.000000000000000000, 1.000000000000000000 ) ) ;
#468 = CARTESIAN_POINT ( 'NONE',  ( -1.500000000000000444, -1.000000000000000222, -0.5500000000000000444 ) ) ;
#469 = ADVANCED_FACE ( 'NONE', ( #2204 ), #2037, .T. ) ;
#470 = ADVANCED_FACE ( 'NONE', ( #374 ), #902, .T. ) ;
#471 = ORIENTED_EDGE ( 'NONE', *, *, #1117, .F. ) ;
#472 = CARTESIAN_POINT ( 'NONE',  ( -1.500000000000000444, -0.2750000000000001887, -0.5500000000000000444 ) ) ;
#473 = SHAPE_DEFINITION_REPRESENTATION ( #1161, #2 ) ;
#474 = EDGE_CURVE ( 'NONE', #206, #391, #1627, .T. ) ;
#475 = MANIFOLD_SOLID_BREP ( 'Chamfer3', #2221 ) ;
#476 = VERTEX_POINT ( 'NONE', #1284 ) ;
#477 = EDGE_CURVE ( 'NONE', #705, #2256, #2009, .T. ) ;
#478 = LINE ( 'NONE', #985, #2125 ) ;
#479 = LINE ( 'NONE', #2251, #1880 ) ;
#480 = ORIENTED_EDGE ( 'NONE', *, *, #120, .T. ) ;
#481 = CARTESIAN_POINT ( 'NONE',  ( -0.8875000000000002887, -0.4375000000000000555, 0.2500000000000000000 ) ) ;
#482 = EDGE_CURVE ( 'NONE', #1935, #463, #2177, .T. ) ;
#483 = AXIS2_PLACEMENT_3D ( 'NONE', #556, #383, #1681 ) ;
#484 = DIRECTION ( 'NONE',  ( 0.000000000000000000, 0.000000000000000000, -1.000000000000000000 ) ) ;
#485 = EDGE_CURVE ( 'NONE', #2168, #258, #1957, .T. ) ;
#486 = CONICAL_SURFACE ( 'NONE', #17, 0.03150000000000026390, 0.7853981633974479459 ) ;
#487 = ORIENTED_EDGE ( 'NONE', *, *, #653, .T. ) ;
#488 = AXIS2_PLACEMENT_3D ( 'NONE', #2146, #1784, #1794 ) ;
#489 = DIRECTION ( 'NONE',  ( -0.000000000000000000, -0.000000000000000000, 1.000000000000000000 ) ) ;
#490 = DIRECTION ( 'NONE',  ( 1.460881280034365495E-16, 1.000000000000000000, -0.000000000000000000 ) ) ;
#491 = AXIS2_PLACEMENT_3D ( 'NONE', #2135, #843, #2276 ) ;
#492 = DIRECTION ( 'NONE',  ( 1.000000000000000000, 0.000000000000000000, 0.000000000000000000 ) ) ;
#493 = AXIS2_PLACEMENT_3D ( 'NONE', #1327, #1687, #1113 ) ;
#494 = LINE ( 'NONE', #1887, #1162 ) ;
#495 = DIRECTION ( 'NONE',  ( 1.000000000000000000, 0.000000000000000000, 0.000000000000000000 ) ) ;
#496 = ORIENTED_EDGE ( 'NONE', *, *, #1650, .F. ) ;
#497 = CIRCLE ( 'NONE', #386, 0.06249999999999995143 ) ;
#498 = ORIENTED_EDGE ( 'NONE', *, *, #2051, .T. ) ;
#499 = CARTESIAN_POINT ( 'NONE',  ( 1.074999999999999956, -0.2750000000000001332, -0.1500000000000000500 ) ) ;
#500 = VECTOR ( 'NONE', #973, 39.37007874015748143 ) ;
#501 = CARTESIAN_POINT ( 'NONE',  ( -1.343749999999999778, 0.4999999999999998335, 0.2500000000000000000 ) ) ;
#502 = ORIENTED_EDGE ( 'NONE', *, *, #634, .T. ) ;
#503 = ORIENTED_EDGE ( 'NONE', *, *, #504, .T. ) ;
#504 = EDGE_CURVE ( 'NONE', #2102, #76, #720, .T. ) ;
#505 = CARTESIAN_POINT ( 'NONE',  ( 0.7374999999999997113, -0.7810000000000003606, 0.2500000000000000000 ) ) ;
#506 = AXIS2_PLACEMENT_3D ( 'NONE', #407, #250, #1138 ) ;
#507 = LINE ( 'NONE', #1066, #366 ) ;
#508 = ORIENTED_EDGE ( 'NONE', *, *, #227, .F. ) ;
#509 = CARTESIAN_POINT ( 'NONE',  ( 1.074999999999999956, -0.2750000000000001332, -0.1500000000000000500 ) ) ;
#510 = DIRECTION ( 'NONE',  ( 0.000000000000000000, 0.000000000000000000, 1.000000000000000000 ) ) ;
#511 = ORIENTED_EDGE ( 'NONE', *, *, #1107, .T. ) ;
#512 = DIRECTION ( 'NONE',  ( 1.000000000000000000, -1.606969408037801748E-16, 0.000000000000000000 ) ) ;
#513 = CARTESIAN_POINT ( 'NONE',  ( -1.500000000000000444, 1.000000000000000000, 0.2500000000000000000 ) ) ;
#514 = EDGE_LOOP ( 'NONE', ( #1988, #2174, #645, #57, #1677, #1214, #1790 ) ) ;
#515 = ORIENTED_EDGE ( 'NONE', *, *, #2137, .T. ) ;
#516 = ADVANCED_FACE ( 'NONE', ( #3 ), #1588, .T. ) ;
#517 = VECTOR ( 'NONE', #1639, 39.37007874015748143 ) ;
#518 = FACE_BOUND ( 'NONE', #1804, .T. ) ;
#519 = ORIENTED_EDGE ( 'NONE', *, *, #1792, .F. ) ;
#520 = EDGE_CURVE ( 'NONE', #258, #1832, #1043, .T. ) ;
#521 = FACE_OUTER_BOUND ( 'NONE', #526, .T. ) ;
#522 = AXIS2_PLACEMENT_3D ( 'NONE', #1243, #2010, #214 ) ;
#523 = DIRECTION ( 'NONE',  ( 1.000000000000000000, 4.202843067175788856E-17, 0.000000000000000000 ) ) ;
#524 = CIRCLE ( 'NONE', #891, 0.06249999999999995143 ) ;
#525 = EDGE_CURVE ( 'NONE', #300, #253, #1430, .T. ) ;
#526 = EDGE_LOOP ( 'NONE', ( #1719, #1101, #1851, #2022 ) ) ;
#527 = CARTESIAN_POINT ( 'NONE',  ( 1.499999999999999778, 0.3060000000000003273, 0.2500000000000000000 ) ) ;
#528 = CARTESIAN_POINT ( 'NONE',  ( 0.000000000000000000, 0.000000000000000000, 0.4200000000000000400 ) ) ;
#529 = EDGE_CURVE ( 'NONE', #2155, #621, #1969, .T. ) ;
#530 = ORIENTED_EDGE ( 'NONE', *, *, #1635, .T. ) ;
#531 = ORIENTED_EDGE ( 'NONE', *, *, #1704, .F. ) ;
#532 = EDGE_CURVE ( 'NONE', #1803, #103, #555, .T. ) ;
#533 = ORIENTED_EDGE ( 'NONE', *, *, #2282, .T. ) ;
#534 = CARTESIAN_POINT ( 'NONE',  ( 0.7374999999999997113, 0.6875000000000001110, -0.1500000000000000500 ) ) ;
#535 = DIRECTION ( 'NONE',  ( -0.000000000000000000, -0.000000000000000000, -1.000000000000000000 ) ) ;
#536 = DIRECTION ( 'NONE',  ( -0.000000000000000000, -1.000000000000000000, -0.000000000000000000 ) ) ;
#537 = CARTESIAN_POINT ( 'NONE',  ( -1.125000000000000444, -0.1500000000000001055, -0.5500000000000000444 ) ) ;
#538 = AXIS2_PLACEMENT_3D ( 'NONE', #1647, #1689, #1134 ) ;
#539 = VERTEX_POINT ( 'NONE', #25 ) ;
#540 = ORIENTED_EDGE ( 'NONE', *, *, #1274, .F. ) ;
#541 = DIRECTION ( 'NONE',  ( -1.000000000000000000, -4.202843067175788856E-17, 0.000000000000000000 ) ) ;
#542 = ORIENTED_EDGE ( 'NONE', *, *, #1721, .F. ) ;
#543 = CARTESIAN_POINT ( 'NONE',  ( -1.156249999999999778, 0.4999999999999998335, 0.2500000000000000000 ) ) ;
#544 = FACE_OUTER_BOUND ( 'NONE', #673, .T. ) ;
#545 = ORIENTED_EDGE ( 'NONE', *, *, #770, .F. ) ;
#546 = CARTESIAN_POINT ( 'NONE',  ( -0.4049999999999999711, -0.4999999999999997780, 0.2500000000000000000 ) ) ;
#547 = DIRECTION ( 'NONE',  ( 0.7071067811865474617, 0.000000000000000000, -0.7071067811865474617 ) ) ;
#548 = ORIENTED_EDGE ( 'NONE', *, *, #640, .T. ) ;
#549 = VERTEX_POINT ( 'NONE', #197 ) ;
#550 = FACE_OUTER_BOUND ( 'NONE', #1883, .T. ) ;
#551 = EDGE_CURVE ( 'NONE', #1801, #2116, #1970, .T. ) ;
#552 = ORIENTED_EDGE ( 'NONE', *, *, #1773, .F. ) ;
#553 = PLANE ( 'NONE',  #1373 ) ;
#554 = AXIS2_PLACEMENT_3D ( 'NONE', #381, #579, #1492 ) ;
#555 = LINE ( 'NONE', #1993, #1333 ) ;
#556 = CARTESIAN_POINT ( 'NONE',  ( 0.4049999999999999156, -0.5000000000000000000, 0.1250000000000000000 ) ) ;
#557 = VECTOR ( 'NONE', #489, 39.37007874015748143 ) ;
#558 = CARTESIAN_POINT ( 'NONE',  ( 0.6749999999999997113, -0.7500000000000001110, -0.1500000000000000500 ) ) ;
#559 = DIMENSIONAL_EXPONENTS ( 1.000000000000000000, 0.000000000000000000, 0.000000000000000000, 0.000000000000000000, 0.000000000000000000, 0.000000000000000000, 0.000000000000000000 ) ;
#560 = VECTOR ( 'NONE', #2267, 39.37007874015748143 ) ;
#561 = ORIENTED_EDGE ( 'NONE', *, *, #61, .T. ) ;
#562 = LENGTH_MEASURE_WITH_UNIT ( LENGTH_MEASURE( 0.02539999999999999897 ), #573 );
#563 = CARTESIAN_POINT ( 'NONE',  ( 0.6749999999999997113, -0.4375000000000000000, 0.2189999999999996949 ) ) ;
#564 = ORIENTED_EDGE ( 'NONE', *, *, #1278, .F. ) ;
#565 = DIRECTION ( 'NONE',  ( 1.000000000000000000, 0.000000000000000000, 0.000000000000000000 ) ) ;
#566 = CARTESIAN_POINT ( 'NONE',  ( 0.7999999999999998224, 0.1500000000000001887, -0.1500000000000000500 ) ) ;
#567 = EDGE_LOOP ( 'NONE', ( #735, #1607, #2099, #1564 ) ) ;
#568 = CARTESIAN_POINT ( 'NONE',  ( 1.012499999999999956, -0.7810000000000003606, 0.2500000000000000000 ) ) ;
#569 = DIRECTION ( 'NONE',  ( 1.000000000000000000, 0.000000000000000000, 0.000000000000000000 ) ) ;
#570 = LINE ( 'NONE', #88, #602 ) ;
#571 = STYLED_ITEM ( 'NONE', ( #1811 ), #475 ) ;
#572 = ORIENTED_EDGE ( 'NONE', *, *, #1777, .F. ) ;
#573 =( LENGTH_UNIT ( ) NAMED_UNIT ( * ) SI_UNIT ( $, .METRE. ) );
#574 = LINE ( 'NONE', #773, #1878 ) ;
#575 = VERTEX_POINT ( 'NONE', #898 ) ;
#576 = DIRECTION ( 'NONE',  ( 1.000000000000000000, 1.606969408037802981E-16, 0.000000000000000000 ) ) ;
#577 = VECTOR ( 'NONE', #232, 39.37007874015748854 ) ;
#578 = ORIENTED_EDGE ( 'NONE', *, *, #580, .T. ) ;
#579 = DIRECTION ( 'NONE',  ( 0.000000000000000000, 0.000000000000000000, -1.000000000000000000 ) ) ;
#580 = EDGE_CURVE ( 'NONE', #1058, #1018, #1623, .T. ) ;
#581 = CARTESIAN_POINT ( 'NONE',  ( 0.6749999999999997113, 0.7500000000000001110, -0.1500000000000000500 ) ) ;
#582 = DIRECTION ( 'NONE',  ( 0.000000000000000000, 0.000000000000000000, -1.000000000000000000 ) ) ;
#583 = EDGE_CURVE ( 'NONE', #1297, #1935, #2147, .T. ) ;
#584 = ORIENTED_EDGE ( 'NONE', *, *, #90, .T. ) ;
#585 = DIRECTION ( 'NONE',  ( 1.000000000000000000, 0.000000000000000000, 0.000000000000000000 ) ) ;
#586 = DIRECTION ( 'NONE',  ( -0.000000000000000000, 1.000000000000000000, 0.000000000000000000 ) ) ;
#587 = ORIENTED_EDGE ( 'NONE', *, *, #1540, .F. ) ;
#588 = CARTESIAN_POINT ( 'NONE',  ( -1.500000000000000444, -1.000000000000000222, -0.5500000000000000444 ) ) ;
#589 = PLANE ( 'NONE',  #538 ) ;
#590 = EDGE_LOOP ( 'NONE', ( #1304, #1656, #1621, #613 ) ) ;
#591 = LINE ( 'NONE', #753, #1941 ) ;
#592 = DIRECTION ( 'NONE',  ( 1.000000000000000000, 0.000000000000000000, 0.000000000000000000 ) ) ;
#593 = DIRECTION ( 'NONE',  ( -1.000000000000000000, 0.000000000000000000, 0.000000000000000000 ) ) ;
#594 = VECTOR ( 'NONE', #1624, 39.37007874015748143 ) ;
#595 = CARTESIAN_POINT ( 'NONE',  ( 1.233333333333333171, 0.4333333333333334036, 0.3773333333333329653 ) ) ;
#596 = VECTOR ( 'NONE', #1516, 39.37007874015748143 ) ;
#597 = ORIENTED_EDGE ( 'NONE', *, *, #2300, .T. ) ;
#598 = DIRECTION ( 'NONE',  ( -1.000000000000000000, 0.000000000000000000, 0.000000000000000000 ) ) ;
#599 = CARTESIAN_POINT ( 'NONE',  ( -0.4049999999999999711, 0.5315000000000000835, 0.4200000000000000400 ) ) ;
#600 = VECTOR ( 'NONE', #1511, 39.37007874015748143 ) ;
#601 = ORIENTED_EDGE ( 'NONE', *, *, #410, .T. ) ;
#602 = VECTOR ( 'NONE', #396, 39.37007874015748143 ) ;
#603 = PLANE ( 'NONE',  #493 ) ;
#604 = ADVANCED_FACE ( 'NONE', ( #544 ), #1229, .F. ) ;
#605 = CARTESIAN_POINT ( 'NONE',  ( 0.4365000000000002212, -0.4999999999999999445, 0.4200000000000000400 ) ) ;
#606 = ORIENTED_EDGE ( 'NONE', *, *, #1532, .T. ) ;
#607 = DIRECTION ( 'NONE',  ( 0.000000000000000000, 0.000000000000000000, -1.000000000000000000 ) ) ;
#608 = EDGE_CURVE ( 'NONE', #39, #1166, #1598, .T. ) ;
#609 = DIRECTION ( 'NONE',  ( 1.000000000000000000, 0.000000000000000000, 0.000000000000000000 ) ) ;
#610 = ORIENTED_EDGE ( 'NONE', *, *, #1885, .T. ) ;
#611 = DIRECTION ( 'NONE',  ( -1.000000000000000000, -1.606969408037802981E-16, 0.000000000000000000 ) ) ;
#612 = CIRCLE ( 'NONE', #1620, 0.06250000000000001388 ) ;
#613 = ORIENTED_EDGE ( 'NONE', *, *, #2075, .F. ) ;
#614 = DIRECTION ( 'NONE',  ( 1.000000000000000000, 0.000000000000000000, 0.000000000000000000 ) ) ;
#615 = CARTESIAN_POINT ( 'NONE',  ( -0.9500000000000002887, -0.4375000000000000555, 0.2500000000000000000 ) ) ;
#616 = EDGE_LOOP ( 'NONE', ( #1143, #228, #1434, #22 ) ) ;
#617 = DIRECTION ( 'NONE',  ( -0.000000000000000000, -0.000000000000000000, 1.000000000000000000 ) ) ;
#618 = CARTESIAN_POINT ( 'NONE',  ( 0.7374999999999997113, -0.7500000000000001110, 0.2189999999999996949 ) ) ;
#619 = AXIS2_PLACEMENT_3D ( 'NONE', #1601, #360, #1628 ) ;
#620 = CARTESIAN_POINT ( 'NONE',  ( 1.106000000000000094, -0.6875000000000001110, 0.2500000000000000000 ) ) ;
#621 = VERTEX_POINT ( 'NONE', #1577 ) ;
#622 = CARTESIAN_POINT ( 'NONE',  ( 1.138269997360110137E-17, -0.2750000000000001332, -0.1500000000000000500 ) ) ;
#623 = AXIS2_PLACEMENT_3D ( 'NONE', #1277, #1494, #609 ) ;
#624 = VERTEX_POINT ( 'NONE', #166 ) ;
#625 = EDGE_CURVE ( 'NONE', #716, #1484, #1869, .T. ) ;
#626 = DIRECTION ( 'NONE',  ( 1.000000000000000000, 0.000000000000000000, 0.000000000000000000 ) ) ;
#627 = DIRECTION ( 'NONE',  ( 1.000000000000000000, 0.000000000000000000, 0.000000000000000000 ) ) ;
#628 = ORIENTED_EDGE ( 'NONE', *, *, #634, .F. ) ;
#629 = DIRECTION ( 'NONE',  ( -1.000000000000000000, 0.000000000000000000, 0.000000000000000000 ) ) ;
#630 = EDGE_CURVE ( 'NONE', #242, #195, #1240, .T. ) ;
#631 = CARTESIAN_POINT ( 'NONE',  ( 0.6749999999999996003, 0.4375000000000001110, 0.2189999999999996949 ) ) ;
#632 = LINE ( 'NONE', #2019, #1496 ) ;
#633 = DIRECTION ( 'NONE',  ( -1.460881280034365495E-16, 1.000000000000000000, 0.000000000000000000 ) ) ;
#634 = EDGE_CURVE ( 'NONE', #379, #163, #709, .T. ) ;
#635 = ORIENTED_EDGE ( 'NONE', *, *, #644, .T. ) ;
#636 = CARTESIAN_POINT ( 'NONE',  ( 1.012499999999999956, 0.7500000000000001110, 0.2500000000000000000 ) ) ;
#637 = CIRCLE ( 'NONE', #1562, 0.09374999999999991673 ) ;
#638 = CARTESIAN_POINT ( 'NONE',  ( 0.4050000000000000266, -0.5315000000000001945, 0.4200000000000000400 ) ) ;
#639 = EDGE_LOOP ( 'NONE', ( #1925, #552, #2219, #2001 ) ) ;
#640 = EDGE_CURVE ( 'NONE', #1836, #849, #347, .T. ) ;
#641 = LINE ( 'NONE', #456, #119 ) ;
#642 = CARTESIAN_POINT ( 'NONE',  ( 1.499999999999999778, -0.9999999999999996669, -0.5500000000000000444 ) ) ;
#643 = VECTOR ( 'NONE', #1638, 39.37007874015748143 ) ;
#644 = EDGE_CURVE ( 'NONE', #745, #1995, #1785, .T. ) ;
#645 = ORIENTED_EDGE ( 'NONE', *, *, #2004, .T. ) ;
#646 = DIRECTION ( 'NONE',  ( -1.000000000000000000, 0.000000000000000000, 0.000000000000000000 ) ) ;
#647 = EDGE_CURVE ( 'NONE', #1178, #300, #1518, .T. ) ;
#648 = AXIS2_PLACEMENT_3D ( 'NONE', #389, #1642, #1657 ) ;
#649 = DIRECTION ( 'NONE',  ( 0.000000000000000000, 0.000000000000000000, 1.000000000000000000 ) ) ;
#650 = ORIENTED_EDGE ( 'NONE', *, *, #1777, .T. ) ;
#651 = DIRECTION ( 'NONE',  ( -1.000000000000000000, -2.101421533587894859E-16, -0.000000000000000000 ) ) ;
#652 = CARTESIAN_POINT ( 'NONE',  ( -0.9500000000000003997, 0.4374999999999997780, 0.2500000000000000000 ) ) ;
#653 = EDGE_CURVE ( 'NONE', #1594, #1644, #1466, .T. ) ;
#654 = EDGE_CURVE ( 'NONE', #549, #432, #808, .T. ) ;
#655 = VERTEX_POINT ( 'NONE', #2171 ) ;
#656 = CARTESIAN_POINT ( 'NONE',  ( 0.4675000000000000266, 0.4374999999999997780, 0.3890000000000002900 ) ) ;
#657 = APPLICATION_PROTOCOL_DEFINITION ( 'draft international standard', 'automotive_design', 1998, #305 ) ;
#658 = ORIENTED_EDGE ( 'NONE', *, *, #964, .F. ) ;
#659 = DIRECTION ( 'NONE',  ( -1.000000000000000000, 0.000000000000000000, 0.000000000000000000 ) ) ;
#660 = PRODUCT_RELATED_PRODUCT_CATEGORY ( 'part', '', ( #2247 ) ) ;
#661 = DIRECTION ( 'NONE',  ( -1.000000000000000000, 0.000000000000000000, 0.000000000000000000 ) ) ;
#662 = LINE ( 'NONE', #1754, #151 ) ;
#663 = DIRECTION ( 'NONE',  ( -1.000000000000000000, -8.278327253528069575E-17, 0.000000000000000000 ) ) ;
#664 = VERTEX_POINT ( 'NONE', #1106 ) ;
#665 = FACE_OUTER_BOUND ( 'NONE', #639, .T. ) ;
#666 = VECTOR ( 'NONE', #951, 39.37007874015748143 ) ;
#667 = CIRCLE ( 'NONE', #186, 0.03150000000000026390 ) ;
#668 = ORIENTED_EDGE ( 'NONE', *, *, #1252, .F. ) ;
#669 = CARTESIAN_POINT ( 'NONE',  ( 0.6749999999999997113, -0.1500000000000001887, -0.5500000000000000444 ) ) ;
#670 = FACE_BOUND ( 'NONE', #1257, .T. ) ;
#671 = DIRECTION ( 'NONE',  ( 0.000000000000000000, 0.000000000000000000, -1.000000000000000000 ) ) ;
#672 = CARTESIAN_POINT ( 'NONE',  ( -2.276539994720217192E-17, 0.2749999999999998002, -0.1500000000000000500 ) ) ;
#673 = EDGE_LOOP ( 'NONE', ( #1500, #1535, #2153, #1425 ) ) ;
#674 = AXIS2_PLACEMENT_3D ( 'NONE', #449, #1917, #810 ) ;
#675 = DIRECTION ( 'NONE',  ( 0.000000000000000000, -0.000000000000000000, 1.000000000000000000 ) ) ;
#676 = EDGE_LOOP ( 'NONE', ( #548, #1045, #1816, #134 ) ) ;
#677 = CARTESIAN_POINT ( 'NONE',  ( -0.4049999999999999711, -0.4375000000000000555, 0.3890000000000002900 ) ) ;
#678 = CARTESIAN_POINT ( 'NONE',  ( -1.500000000000000444, 0.2749999999999995781, 0.2500000000000000000 ) ) ;
#679 = ORIENTED_EDGE ( 'NONE', *, *, #821, .T. ) ;
#680 = ORIENTED_EDGE ( 'NONE', *, *, #68, .T. ) ;
#681 = DIRECTION ( 'NONE',  ( 0.000000000000000000, 0.000000000000000000, -1.000000000000000000 ) ) ;
#682 = VERTEX_POINT ( 'NONE', #2184 ) ;
#683 = LINE ( 'NONE', #1807, #1586 ) ;
#684 = CARTESIAN_POINT ( 'NONE',  ( 1.106000000000000094, 0.6875000000000001110, 0.2500000000000000000 ) ) ;
#685 = DIRECTION ( 'NONE',  ( -0.000000000000000000, -0.000000000000000000, 1.000000000000000000 ) ) ;
#686 = CIRCLE ( 'NONE', #1282, 0.09374999999999991673 ) ;
#687 = EDGE_CURVE ( 'NONE', #1152, #2155, #1931, .T. ) ;
#688 = PLANE ( 'NONE',  #280 ) ;
#689 = PLANE ( 'NONE',  #50 ) ;
#690 = EDGE_CURVE ( 'NONE', #1929, #293, #1818, .T. ) ;
#691 = ORIENTED_EDGE ( 'NONE', *, *, #1427, .F. ) ;
#692 = EDGE_LOOP ( 'NONE', ( #1356, #896, #1699, #1671 ) ) ;
#693 = CARTESIAN_POINT ( 'NONE',  ( -0.4675000000000000266, -0.5624999999999997780, 0.4200000000000000400 ) ) ;
#694 = ORIENTED_EDGE ( 'NONE', *, *, #358, .T. ) ;
#695 = EDGE_CURVE ( 'NONE', #266, #664, #208, .T. ) ;
#696 = CYLINDRICAL_SURFACE ( 'NONE', #488, 0.06250000000000001388 ) ;
#697 = DIRECTION ( 'NONE',  ( 0.000000000000000000, -1.000000000000000000, 0.000000000000000000 ) ) ;
#698 = EDGE_CURVE ( 'NONE', #664, #1554, #1307, .T. ) ;
#699 = EDGE_CURVE ( 'NONE', #1582, #351, #686, .T. ) ;
#700 = DIRECTION ( 'NONE',  ( -0.000000000000000000, 0.000000000000000000, 1.000000000000000000 ) ) ;
#701 = CARTESIAN_POINT ( 'NONE',  ( 0.4049999999999999711, 0.4999999999999997780, 0.2500000000000000000 ) ) ;
#702 = ORIENTED_EDGE ( 'NONE', *, *, #854, .T. ) ;
#703 = VERTEX_POINT ( 'NONE', #2005 ) ;
#704 = VECTOR ( 'NONE', #1744, 39.37007874015748143 ) ;
#705 = VERTEX_POINT ( 'NONE', #1322 ) ;
#706 = FACE_OUTER_BOUND ( 'NONE', #1519, .T. ) ;
#707 = CIRCLE ( 'NONE', #884, 0.06250000000000001388 ) ;
#708 = EDGE_CURVE ( 'NONE', #391, #2117, #1318, .T. ) ;
#709 = LINE ( 'NONE', #1419, #212 ) ;
#710 = AXIS2_PLACEMENT_3D ( 'NONE', #464, #123, #646 ) ;
#711 = EDGE_CURVE ( 'NONE', #1522, #1935, #1844, .T. ) ;
#712 = CIRCLE ( 'NONE', #98, 0.1250000000000000278 ) ;
#713 = CARTESIAN_POINT ( 'NONE',  ( -0.4050000000000000266, 0.4374999999999998890, 0.2500000000000000000 ) ) ;
#714 = LINE ( 'NONE', #319, #1692 ) ;
#715 = EDGE_LOOP ( 'NONE', ( #881, #1241, #2134, #159 ) ) ;
#716 = VERTEX_POINT ( 'NONE', #1870 ) ;
#717 = EDGE_CURVE ( 'NONE', #463, #2164, #44, .T. ) ;
#718 = ORIENTED_EDGE ( 'NONE', *, *, #2286, .F. ) ;
#719 = DIRECTION ( 'NONE',  ( 1.000000000000000000, 0.000000000000000000, 0.000000000000000000 ) ) ;
#720 = LINE ( 'NONE', #1220, #1465 ) ;
#721 = ORIENTED_EDGE ( 'NONE', *, *, #644, .F. ) ;
#722 = CARTESIAN_POINT ( 'NONE',  ( -0.4049999999999999711, 0.5624999999999997780, 0.2500000000000000000 ) ) ;
#723 = ADVANCED_FACE ( 'NONE', ( #754 ), #436, .F. ) ;
#724 = CARTESIAN_POINT ( 'NONE',  ( 1.012499999999999956, 0.6875000000000001110, 0.2189999999999996949 ) ) ;
#725 = ORIENTED_EDGE ( 'NONE', *, *, #1532, .F. ) ;
#726 = ORIENTED_EDGE ( 'NONE', *, *, #209, .T. ) ;
#727 = ORIENTED_EDGE ( 'NONE', *, *, #1103, .T. ) ;
#728 = FACE_OUTER_BOUND ( 'NONE', #936, .T. ) ;
#729 = VECTOR ( 'NONE', #1393, 39.37007874015748854 ) ;
#730 = DIRECTION ( 'NONE',  ( -0.5773502691896257311, 0.5773502691896256200, -0.5773502691896257311 ) ) ;
#731 = LINE ( 'NONE', #36, #1609 ) ;
#732 = ORIENTED_EDGE ( 'NONE', *, *, #1115, .F. ) ;
#733 = PLANE ( 'NONE',  #1308 ) ;
#734 = DIMENSIONAL_EXPONENTS ( 1.000000000000000000, 0.000000000000000000, 0.000000000000000000, 0.000000000000000000, 0.000000000000000000, 0.000000000000000000, 0.000000000000000000 ) ;
#735 = ORIENTED_EDGE ( 'NONE', *, *, #112, .T. ) ;
#736 = LINE ( 'NONE', #2040, #130 ) ;
#737 = ORIENTED_EDGE ( 'NONE', *, *, #1737, .T. ) ;
#738 = DIRECTION ( 'NONE',  ( -0.000000000000000000, -0.000000000000000000, 1.000000000000000000 ) ) ;
#739 = VECTOR ( 'NONE', #1008, 39.37007874015748143 ) ;
#740 = FACE_OUTER_BOUND ( 'NONE', #363, .T. ) ;
#741 = VECTOR ( 'NONE', #1762, 39.37007874015748143 ) ;
#742 = DIRECTION ( 'NONE',  ( 0.000000000000000000, 0.000000000000000000, -1.000000000000000000 ) ) ;
#743 = AXIS2_PLACEMENT_3D ( 'NONE', #2094, #274, #1347 ) ;
#744 = AXIS2_PLACEMENT_3D ( 'NONE', #1529, #292, #1364 ) ;
#745 = VERTEX_POINT ( 'NONE', #220 ) ;
#746 = CARTESIAN_POINT ( 'NONE',  ( -1.000000000000000444, -0.2750000000000000777, -0.5500000000000000444 ) ) ;
#747 = DIRECTION ( 'NONE',  ( 1.000000000000000000, 0.000000000000000000, 0.000000000000000000 ) ) ;
#748 = ORIENTED_EDGE ( 'NONE', *, *, #401, .T. ) ;
#749 = ADVANCED_FACE ( 'NONE', ( #740 ), #235, .F. ) ;
#750 = DIRECTION ( 'NONE',  ( -0.000000000000000000, -0.000000000000000000, -1.000000000000000000 ) ) ;
#751 = DIRECTION ( 'NONE',  ( -1.000000000000000000, 0.000000000000000000, 0.000000000000000000 ) ) ;
#752 = EDGE_LOOP ( 'NONE', ( #503, #53, #2145, #1141 ) ) ;
#753 = CARTESIAN_POINT ( 'NONE',  ( 0.6749999999999996003, 0.4375000000000001110, 0.1250000000000000000 ) ) ;
#754 = FACE_OUTER_BOUND ( 'NONE', #328, .T. ) ;
#755 = DIRECTION ( 'NONE',  ( 0.000000000000000000, 0.000000000000000000, -1.000000000000000000 ) ) ;
#756 = VERTEX_POINT ( 'NONE', #766 ) ;
#757 = DIRECTION ( 'NONE',  ( -0.000000000000000000, 0.000000000000000000, 1.000000000000000000 ) ) ;
#758 = LINE ( 'NONE', #1812, #1563 ) ;
#759 = EDGE_CURVE ( 'NONE', #1895, #379, #1454, .T. ) ;
#760 = ORIENTED_EDGE ( 'NONE', *, *, #2101, .T. ) ;
#761 = DIRECTION ( 'NONE',  ( 0.000000000000000000, 0.000000000000000000, 1.000000000000000000 ) ) ;
#762 = FACE_OUTER_BOUND ( 'NONE', #215, .T. ) ;
#763 = DIRECTION ( 'NONE',  ( 0.000000000000000000, 0.000000000000000000, -1.000000000000000000 ) ) ;
#764 = ORIENTED_EDGE ( 'NONE', *, *, #75, .F. ) ;
#765 = DIRECTION ( 'NONE',  ( 1.000000000000000000, 0.000000000000000000, 0.000000000000000000 ) ) ;
#766 = CARTESIAN_POINT ( 'NONE',  ( 0.4675000000000000266, -0.5000000000000000000, 0.2500000000000000000 ) ) ;
#767 = DIRECTION ( 'NONE',  ( -1.000000000000000000, 0.000000000000000000, 0.000000000000000000 ) ) ;
#768 = CARTESIAN_POINT ( 'NONE',  ( -1.156249999999999778, 0.4999999999999998335, -0.5500000000000000444 ) ) ;
#769 = VECTOR ( 'NONE', #1069, 39.37007874015748143 ) ;
#770 = EDGE_CURVE ( 'NONE', #2155, #193, #2199, .T. ) ;
#771 = ORIENTED_EDGE ( 'NONE', *, *, #711, .T. ) ;
#772 = DIRECTION ( 'NONE',  ( 0.000000000000000000, -0.000000000000000000, -1.000000000000000000 ) ) ;
#773 = CARTESIAN_POINT ( 'NONE',  ( -1.500000000000000444, 0.2749999999999995781, -0.5500000000000000444 ) ) ;
#774 = ORIENTED_EDGE ( 'NONE', *, *, #2054, .T. ) ;
#775 = CARTESIAN_POINT ( 'NONE',  ( 0.6749999999999997113, 0.6875000000000001110, 0.2189999999999996949 ) ) ;
#776 = ADVANCED_FACE ( 'NONE', ( #1680 ), #86, .T. ) ;
#777 = DIRECTION ( 'NONE',  ( -0.7071067811865474617, 0.000000000000000000, -0.7071067811865474617 ) ) ;
#778 = ORIENTED_EDGE ( 'NONE', *, *, #1956, .T. ) ;
#779 = DIRECTION ( 'NONE',  ( 1.000000000000000000, 0.000000000000000000, 0.000000000000000000 ) ) ;
#780 = CARTESIAN_POINT ( 'NONE',  ( 0.4050000000000000266, 0.4999999999999999445, 0.4200000000000000400 ) ) ;
#781 = CARTESIAN_POINT ( 'NONE',  ( 1.499999999999999778, -0.9999999999999996669, -0.5500000000000000444 ) ) ;
#782 = DIRECTION ( 'NONE',  ( 0.000000000000000000, 1.000000000000000000, 0.000000000000000000 ) ) ;
#783 = ORIENTED_EDGE ( 'NONE', *, *, #625, .T. ) ;
#784 = AXIS2_PLACEMENT_3D ( 'NONE', #1488, #1874, #576 ) ;
#785 = VECTOR ( 'NONE', #1335, 39.37007874015748143 ) ;
#786 = CARTESIAN_POINT ( 'NONE',  ( 1.499999999999999778, -0.2530000000000000027, 0.1969999999999996199 ) ) ;
#787 = ORIENTED_EDGE ( 'NONE', *, *, #296, .T. ) ;
#788 = VECTOR ( 'NONE', #675, 39.37007874015748143 ) ;
#789 = CARTESIAN_POINT ( 'NONE',  ( -1.125000000000000444, 0.1499999999999996059, -0.5500000000000000444 ) ) ;
#790 = CARTESIAN_POINT ( 'NONE',  ( 1.106000000000000094, -0.6875000000000001110, 0.2500000000000000000 ) ) ;
#791 = ORIENTED_EDGE ( 'NONE', *, *, #1808, .T. ) ;
#792 = CARTESIAN_POINT ( 'NONE',  ( 0.7374999999999997113, -0.7500000000000001110, 0.2500000000000000000 ) ) ;
#793 = DIRECTION ( 'NONE',  ( 1.000000000000000000, 0.000000000000000000, 0.000000000000000000 ) ) ;
#794 = ORIENTED_EDGE ( 'NONE', *, *, #1635, .F. ) ;
#795 = AXIS2_PLACEMENT_3D ( 'NONE', #194, #329, #8 ) ;
#796 = MECHANICAL_DESIGN_GEOMETRIC_PRESENTATION_REPRESENTATION (  '', ( #571 ), #465 ) ;
#797 = CARTESIAN_POINT ( 'NONE',  ( -1.125000000000000444, -0.2750000000000001332, 0.2500000000000000000 ) ) ;
#798 = ORIENTED_EDGE ( 'NONE', *, *, #1901, .F. ) ;
#799 = EDGE_CURVE ( 'NONE', #2116, #802, #1693, .T. ) ;
#800 = CARTESIAN_POINT ( 'NONE',  ( -1.500000000000000444, 1.000000000000000000, 0.2500000000000000000 ) ) ;
#801 = CARTESIAN_POINT ( 'NONE',  ( 1.074999999999999956, -0.6875000000000000000, -0.1500000000000000500 ) ) ;
#802 = VERTEX_POINT ( 'NONE', #618 ) ;
#803 = EDGE_CURVE ( 'NONE', #149, #960, #641, .T. ) ;
#804 = CARTESIAN_POINT ( 'NONE',  ( -1.500000000000000444, -1.000000000000000222, 0.2500000000000000000 ) ) ;
#805 = DIRECTION ( 'NONE',  ( 0.000000000000000000, -1.000000000000000000, 0.000000000000000000 ) ) ;
#806 = EDGE_LOOP ( 'NONE', ( #1049, #561, #2058, #721 ) ) ;
#807 = DIRECTION ( 'NONE',  ( -0.000000000000000000, 0.000000000000000000, -1.000000000000000000 ) ) ;
#808 = CIRCLE ( 'NONE', #623, 0.06249999999999995143 ) ;
#809 = ORIENTED_EDGE ( 'NONE', *, *, #821, .F. ) ;
#810 = DIRECTION ( 'NONE',  ( 1.000000000000000000, -1.460881280034365495E-16, 0.000000000000000000 ) ) ;
#811 = EDGE_CURVE ( 'NONE', #1522, #1233, #1340, .T. ) ;
#812 = EDGE_LOOP ( 'NONE', ( #540, #310, #1508, #2193 ) ) ;
#813 = CARTESIAN_POINT ( 'NONE',  ( 0.6439999999999994618, -0.4375000000000000000, 0.2500000000000000000 ) ) ;
#814 = EDGE_CURVE ( 'NONE', #1944, #539, #1919, .T. ) ;
#815 = PLANE ( 'NONE',  #744 ) ;
#816 = VECTOR ( 'NONE', #368, 39.37007874015748143 ) ;
#817 = ORIENTED_EDGE ( 'NONE', *, *, #2223, .F. ) ;
#818 = CARTESIAN_POINT ( 'NONE',  ( 0.6439999999999994618, 0.6874999999999995559, 0.2500000000000000000 ) ) ;
#819 = VECTOR ( 'NONE', #547, 39.37007874015748854 ) ;
#820 = AXIS2_PLACEMENT_3D ( 'NONE', #2238, #633, #976 ) ;
#821 = EDGE_CURVE ( 'NONE', #1605, #1166, #839, .T. ) ;
#822 = ORIENTED_EDGE ( 'NONE', *, *, #699, .T. ) ;
#823 = DIRECTION ( 'NONE',  ( -1.561055996379578735E-16, 1.000000000000000000, 0.000000000000000000 ) ) ;
#824 = ADVANCED_FACE ( 'NONE', ( #311 ), #2089, .T. ) ;
#825 = DIRECTION ( 'NONE',  ( 1.000000000000000000, 0.000000000000000000, 0.000000000000000000 ) ) ;
#826 = CARTESIAN_POINT ( 'NONE',  ( 0.4049999999999999156, -0.5000000000000000000, 0.3890000000000002900 ) ) ;
#827 = ORIENTED_EDGE ( 'NONE', *, *, #877, .T. ) ;
#828 = DIRECTION ( 'NONE',  ( -1.000000000000000000, 0.000000000000000000, 0.000000000000000000 ) ) ;
#829 = AXIS2_PLACEMENT_3D ( 'NONE', #1750, #1761, #1971 ) ;
#830 = ORIENTED_EDGE ( 'NONE', *, *, #1716, .F. ) ;
#831 = CARTESIAN_POINT ( 'NONE',  ( 0.7999999999999998224, -0.1500000000000001610, -0.1500000000000000500 ) ) ;
#832 = PLANE ( 'NONE',  #1913 ) ;
#833 = ORIENTED_EDGE ( 'NONE', *, *, #878, .F. ) ;
#834 = CARTESIAN_POINT ( 'NONE',  ( 1.074999999999999956, 0.2750000000000001332, 0.2189999999999996949 ) ) ;
#835 = DIRECTION ( 'NONE',  ( -1.000000000000000000, -0.000000000000000000, -0.000000000000000000 ) ) ;
#836 = AXIS2_PLACEMENT_3D ( 'NONE', #2291, #685, #2136 ) ;
#837 = EDGE_CURVE ( 'NONE', #1449, #39, #1170, .T. ) ;
#838 = ORIENTED_EDGE ( 'NONE', *, *, #2137, .F. ) ;
#839 = LINE ( 'NONE', #290, #557 ) ;
#840 = CARTESIAN_POINT ( 'NONE',  ( -1.500000000000000444, 1.000000000000000000, -0.5500000000000000444 ) ) ;
#841 = CYLINDRICAL_SURFACE ( 'NONE', #1646, 0.1249999999999999029 ) ;
#842 = ORIENTED_EDGE ( 'NONE', *, *, #1483, .T. ) ;
#843 = DIRECTION ( 'NONE',  ( -0.000000000000000000, -0.000000000000000000, 1.000000000000000000 ) ) ;
#844 = DIRECTION ( 'NONE',  ( 1.000000000000000000, 0.000000000000000000, 0.000000000000000000 ) ) ;
#845 = CIRCLE ( 'NONE', #2244, 0.09374999999999991673 ) ;
#846 = CARTESIAN_POINT ( 'NONE',  ( -0.9500000000000003997, 0.4374999999999997780, 0.1250000000000000000 ) ) ;
#847 = ORIENTED_EDGE ( 'NONE', *, *, #1706, .F. ) ;
#848 = AXIS2_PLACEMENT_3D ( 'NONE', #1616, #1823, #415 ) ;
#849 = VERTEX_POINT ( 'NONE', #1528 ) ;
#850 = VECTOR ( 'NONE', #807, 39.37007874015748143 ) ;
#851 = DIRECTION ( 'NONE',  ( -1.000000000000000000, -8.278327253528069575E-17, 0.000000000000000000 ) ) ;
#852 = EDGE_LOOP ( 'NONE', ( #680, #1711, #21, #471 ) ) ;
#853 = DIRECTION ( 'NONE',  ( 2.048885995248197660E-16, -1.000000000000000000, 0.000000000000000000 ) ) ;
#854 = EDGE_CURVE ( 'NONE', #1821, #1197, #667, .T. ) ;
#855 = CARTESIAN_POINT ( 'NONE',  ( 0.6749999999999997113, -0.4375000000000000000, 0.2189999999999996949 ) ) ;
#856 = EDGE_CURVE ( 'NONE', #380, #1146, #478, .T. ) ;
#857 = CARTESIAN_POINT ( 'NONE',  ( 0.6749999999999997113, -0.7500000000000001110, -0.1500000000000000500 ) ) ;
#858 = ADVANCED_FACE ( 'NONE', ( #136 ), #127, .F. ) ;
#859 = VERTEX_POINT ( 'NONE', #2079 ) ;
#860 = VERTEX_POINT ( 'NONE', #1717 ) ;
#861 = DIRECTION ( 'NONE',  ( -1.000000000000000000, 0.000000000000000000, -0.000000000000000000 ) ) ;
#862 = ADVANCED_FACE ( 'NONE', ( #993 ), #2248, .F. ) ;
#863 = EDGE_LOOP ( 'NONE', ( #1271, #1543, #1175, #794 ) ) ;
#864 = DIRECTION ( 'NONE',  ( -1.000000000000000000, 0.000000000000000000, 0.000000000000000000 ) ) ;
#865 = CARTESIAN_POINT ( 'NONE',  ( -0.4050000000000000266, 0.4374999999999997780, 0.3890000000000002900 ) ) ;
#866 = LINE ( 'NONE', #1600, #1280 ) ;
#867 = FACE_OUTER_BOUND ( 'NONE', #1474, .T. ) ;
#868 = ORIENTED_EDGE ( 'NONE', *, *, #9, .F. ) ;
#869 = ORIENTED_EDGE ( 'NONE', *, *, #1660, .T. ) ;
#870 = ADVANCED_FACE ( 'NONE', ( #1187, #670, #1180 ), #832, .T. ) ;
#871 = EDGE_CURVE ( 'NONE', #1895, #1832, #1549, .T. ) ;
#872 = DIRECTION ( 'NONE',  ( 0.000000000000000000, 0.000000000000000000, -1.000000000000000000 ) ) ;
#873 = CARTESIAN_POINT ( 'NONE',  ( -1.343749999999999778, -0.5000000000000001110, 0.2500000000000000000 ) ) ;
#874 = ORIENTED_EDGE ( 'NONE', *, *, #56, .T. ) ;
#875 = CARTESIAN_POINT ( 'NONE',  ( 1.499999999999999778, 1.000000000000000222, -0.5500000000000000444 ) ) ;
#876 = CARTESIAN_POINT ( 'NONE',  ( -0.4049999999999999711, 0.4999999999999997780, 0.2500000000000000000 ) ) ;
#877 = EDGE_CURVE ( 'NONE', #1991, #1821, #2266, .T. ) ;
#878 = EDGE_CURVE ( 'NONE', #2042, #1991, #126, .T. ) ;
#879 = EDGE_LOOP ( 'NONE', ( #445, #181, #2279, #1585 ) ) ;
#880 = DIRECTION ( 'NONE',  ( 1.000000000000000000, 0.000000000000000000, 0.000000000000000000 ) ) ;
#881 = ORIENTED_EDGE ( 'NONE', *, *, #1956, .F. ) ;
#882 = CARTESIAN_POINT ( 'NONE',  ( 0.6439999999999994618, -0.4375000000000000000, 0.2500000000000000000 ) ) ;
#883 = VECTOR ( 'NONE', #1928, 39.37007874015748143 ) ;
#884 = AXIS2_PLACEMENT_3D ( 'NONE', #701, #1213, #495 ) ;
#885 = ORIENTED_EDGE ( 'NONE', *, *, #2254, .T. ) ;
#886 = DIRECTION ( 'NONE',  ( -0.000000000000000000, -0.000000000000000000, 1.000000000000000000 ) ) ;
#887 = AXIS2_PLACEMENT_3D ( 'NONE', #1670, #923, #1139 ) ;
#888 = ADVANCED_FACE ( 'NONE', ( #1371 ), #109, .F. ) ;
#889 = CARTESIAN_POINT ( 'NONE',  ( 0.7999999999999998224, -0.1500000000000001610, -0.5500000000000000444 ) ) ;
#890 = EDGE_CURVE ( 'NONE', #2011, #2168, #268, .T. ) ;
#891 = AXIS2_PLACEMENT_3D ( 'NONE', #1625, #1266, #1439 ) ;
#892 = DIRECTION ( 'NONE',  ( 0.000000000000000000, 0.000000000000000000, -1.000000000000000000 ) ) ;
#893 = LINE ( 'NONE', #1799, #819 ) ;
#894 = EDGE_LOOP ( 'NONE', ( #180, #1387, #466, #1502, #1636, #809, #817, #1398, #533 ) ) ;
#895 = LINE ( 'NONE', #1036, #269 ) ;
#896 = ORIENTED_EDGE ( 'NONE', *, *, #459, .T. ) ;
#897 = DIRECTION ( 'NONE',  ( 1.000000000000000000, 1.821231995776175725E-16, 0.000000000000000000 ) ) ;
#898 = CARTESIAN_POINT ( 'NONE',  ( -0.4049999999999999711, 0.5315000000000000835, 0.4200000000000000400 ) ) ;
#899 = CARTESIAN_POINT ( 'NONE',  ( 1.499999999999999778, -0.9999999999999996669, -0.5500000000000000444 ) ) ;
#900 = CARTESIAN_POINT ( 'NONE',  ( 0.6749999999999996003, 0.4375000000000001110, 0.1250000000000000000 ) ) ;
#901 = ORIENTED_EDGE ( 'NONE', *, *, #279, .T. ) ;
#902 = PLANE ( 'NONE',  #2138 ) ;
#903 = PLANE ( 'NONE',  #522 ) ;
#904 = AXIS2_PLACEMENT_3D ( 'NONE', #566, #1273, #421 ) ;
#905 = VERTEX_POINT ( 'NONE', #804 ) ;
#906 = EDGE_LOOP ( 'NONE', ( #912, #1397, #2222, #332 ) ) ;
#907 = CARTESIAN_POINT ( 'NONE',  ( 0.7374999999999997113, -0.7810000000000003606, 0.2500000000000000000 ) ) ;
#908 = ORIENTED_EDGE ( 'NONE', *, *, #477, .F. ) ;
#909 = CARTESIAN_POINT ( 'NONE',  ( -0.4049999999999999711, -0.4684999999999998055, 0.4200000000000000400 ) ) ;
#910 = CARTESIAN_POINT ( 'NONE',  ( 1.074999999999999956, 0.7500000000000001110, -0.1500000000000000500 ) ) ;
#911 = FACE_OUTER_BOUND ( 'NONE', #906, .T. ) ;
#912 = ORIENTED_EDGE ( 'NONE', *, *, #759, .T. ) ;
#913 = CARTESIAN_POINT ( 'NONE',  ( -0.4049999999999999711, -0.5315000000000000835, 0.4200000000000000400 ) ) ;
#914 = ORIENTED_EDGE ( 'NONE', *, *, #525, .T. ) ;
#915 = FACE_OUTER_BOUND ( 'NONE', #2207, .T. ) ;
#916 = CARTESIAN_POINT ( 'NONE',  ( -1.500000000000000444, -1.000000000000000222, -0.5500000000000000444 ) ) ;
#917 = VERTEX_POINT ( 'NONE', #631 ) ;
#918 = CARTESIAN_POINT ( 'NONE',  ( -0.4675000000000000266, -0.5000000000000001110, 0.4200000000000000400 ) ) ;
#919 = VECTOR ( 'NONE', #751, 39.37007874015748143 ) ;
#920 = DIRECTION ( 'NONE',  ( -0.000000000000000000, 1.000000000000000000, -0.000000000000000000 ) ) ;
#921 = CARTESIAN_POINT ( 'NONE',  ( -1.500000000000000444, 1.000000000000000000, -0.5500000000000000444 ) ) ;
#922 = VECTOR ( 'NONE', #1910, 39.37007874015748143 ) ;
#923 = DIRECTION ( 'NONE',  ( -0.000000000000000000, 1.000000000000000000, 0.000000000000000000 ) ) ;
#924 = ADVANCED_FACE ( 'NONE', ( #992 ), #1077, .T. ) ;
#925 = CIRCLE ( 'NONE', #265, 0.09374999999999991673 ) ;
#926 = ORIENTED_EDGE ( 'NONE', *, *, #384, .T. ) ;
#927 = SURFACE_SIDE_STYLE ('',( #1822 ) ) ;
#928 = PLANE ( 'NONE',  #1714 ) ;
#929 = EDGE_CURVE ( 'NONE', #373, #195, #450, .T. ) ;
#930 = FACE_OUTER_BOUND ( 'NONE', #1739, .T. ) ;
#931 = ORIENTED_EDGE ( 'NONE', *, *, #1370, .F. ) ;
#932 = LINE ( 'NONE', #403, #1765 ) ;
#933 = DIRECTION ( 'NONE',  ( 0.000000000000000000, 0.000000000000000000, -1.000000000000000000 ) ) ;
#934 = LINE ( 'NONE', #916, #73 ) ;
#935 = EDGE_CURVE ( 'NONE', #1605, #1424, #983, .T. ) ;
#936 = EDGE_LOOP ( 'NONE', ( #1686, #515, #1088, #114, #26, #572, #48, #239, #1109 ) ) ;
#937 = CARTESIAN_POINT ( 'NONE',  ( -1.125000000000000444, 0.2749999999999995781, -0.5500000000000000444 ) ) ;
#938 = DIRECTION ( 'NONE',  ( 0.000000000000000000, 0.000000000000000000, 1.000000000000000000 ) ) ;
#939 = FACE_OUTER_BOUND ( 'NONE', #174, .T. ) ;
#940 = ADVANCED_FACE ( 'NONE', ( #2257 ), #1361, .F. ) ;
#941 = PLANE ( 'NONE',  #453 ) ;
#942 = VECTOR ( 'NONE', #772, 39.37007874015748143 ) ;
#943 = EDGE_CURVE ( 'NONE', #1233, #2050, #961, .T. ) ;
#944 = ORIENTED_EDGE ( 'NONE', *, *, #529, .F. ) ;
#945 = CARTESIAN_POINT ( 'NONE',  ( 0.000000000000000000, 0.000000000000000000, 0.1250000000000000000 ) ) ;
#946 = FACE_OUTER_BOUND ( 'NONE', #894, .T. ) ;
#947 = ORIENTED_EDGE ( 'NONE', *, *, #9, .T. ) ;
#948 = DIRECTION ( 'NONE',  ( -0.000000000000000000, -0.000000000000000000, -1.000000000000000000 ) ) ;
#949 = CARTESIAN_POINT ( 'NONE',  ( -1.500000000000000444, 0.2749999999999995781, -0.5500000000000000444 ) ) ;
#950 = ORIENTED_EDGE ( 'NONE', *, *, #770, .T. ) ;
#951 = DIRECTION ( 'NONE',  ( 0.000000000000000000, 0.000000000000000000, -1.000000000000000000 ) ) ;
#952 = DIRECTION ( 'NONE',  ( 0.000000000000000000, 0.000000000000000000, 1.000000000000000000 ) ) ;
#953 = FACE_OUTER_BOUND ( 'NONE', #1814, .T. ) ;
#954 = ORIENTED_EDGE ( 'NONE', *, *, #1531, .F. ) ;
#955 = CARTESIAN_POINT ( 'NONE',  ( 1.106000000000000094, 0.2750000000000001332, 0.2500000000000000000 ) ) ;
#956 = EDGE_CURVE ( 'NONE', #1554, #859, #1606, .T. ) ;
#957 = ORIENTED_EDGE ( 'NONE', *, *, #583, .F. ) ;
#958 = DIRECTION ( 'NONE',  ( 1.000000000000000000, 1.606969408037802981E-16, 0.000000000000000000 ) ) ;
#959 = DIRECTION ( 'NONE',  ( -0.000000000000000000, 0.000000000000000000, -1.000000000000000000 ) ) ;
#960 = VERTEX_POINT ( 'NONE', #1604 ) ;
#961 = LINE ( 'NONE', #595, #96 ) ;
#962 = DIRECTION ( 'NONE',  ( -1.000000000000000000, 0.000000000000000000, 0.000000000000000000 ) ) ;
#963 = CIRCLE ( 'NONE', #554, 0.06250000000000001388 ) ;
#964 = EDGE_CURVE ( 'NONE', #1491, #1836, #369, .T. ) ;
#965 = CIRCLE ( 'NONE', #1912, 0.1250000000000000278 ) ;
#966 = PLANE ( 'NONE',  #447 ) ;
#967 = EDGE_LOOP ( 'NONE', ( #1626, #1862, #778, #1764 ) ) ;
#968 = CIRCLE ( 'NONE', #1800, 0.09374999999999991673 ) ;
#969 = AXIS2_PLACEMENT_3D ( 'NONE', #1864, #254, #2038 ) ;
#970 = DIRECTION ( 'NONE',  ( 1.000000000000000000, 0.000000000000000000, 0.000000000000000000 ) ) ;
#971 = ORIENTED_EDGE ( 'NONE', *, *, #2032, .F. ) ;
#972 = FACE_OUTER_BOUND ( 'NONE', #852, .T. ) ;
#973 = DIRECTION ( 'NONE',  ( -0.000000000000000000, -0.000000000000000000, 1.000000000000000000 ) ) ;
#974 = VERTEX_POINT ( 'NONE', #2269 ) ;
#975 = CARTESIAN_POINT ( 'NONE',  ( 0.6749999999999997113, 0.2749999999999998557, -0.5500000000000000444 ) ) ;
#976 = DIRECTION ( 'NONE',  ( -1.000000000000000000, -1.460881280034365495E-16, 0.000000000000000000 ) ) ;
#977 = ORIENTED_EDGE ( 'NONE', *, *, #482, .F. ) ;
#978 = LINE ( 'NONE', #786, #128 ) ;
#979 = EDGE_LOOP ( 'NONE', ( #2232, #1205, #1463, #200 ) ) ;
#980 = CYLINDRICAL_SURFACE ( 'NONE', #2252, 0.06250000000000001388 ) ;
#981 = AXIS2_PLACEMENT_3D ( 'NONE', #1421, #1958, #844 ) ;
#982 = ORIENTED_EDGE ( 'NONE', *, *, #1901, .T. ) ;
#983 = LINE ( 'NONE', #1724, #1943 ) ;
#984 = CIRCLE ( 'NONE', #2297, 0.06250000000000001388 ) ;
#985 = CARTESIAN_POINT ( 'NONE',  ( -0.9500000000000003997, 0.4374999999999997780, 0.2500000000000000000 ) ) ;
#986 = CARTESIAN_POINT ( 'NONE',  ( 0.4365000000000002212, 0.4999999999999998335, 0.4200000000000000400 ) ) ;
#987 = ADVANCED_FACE ( 'NONE', ( #1751 ), #327, .F. ) ;
#988 = ORIENTED_EDGE ( 'NONE', *, *, #647, .T. ) ;
#989 = DIRECTION ( 'NONE',  ( 0.000000000000000000, 0.000000000000000000, -1.000000000000000000 ) ) ;
#990 = EDGE_CURVE ( 'NONE', #2152, #1018, #1592, .T. ) ;
#991 = EDGE_LOOP ( 'NONE', ( #1779, #1868, #314, #1614 ) ) ;
#992 = FACE_OUTER_BOUND ( 'NONE', #1477, .T. ) ;
#993 = FACE_OUTER_BOUND ( 'NONE', #806, .T. ) ;
#994 = LINE ( 'NONE', #2053, #1915 ) ;
#995 = EDGE_CURVE ( 'NONE', #1554, #1173, #714, .T. ) ;
#996 = AXIS2_PLACEMENT_3D ( 'NONE', #85, #2183, #765 ) ;
#997 = EDGE_LOOP ( 'NONE', ( #874, #1227, #869, #1346, #748, #783 ) ) ;
#998 = CARTESIAN_POINT ( 'NONE',  ( -1.000000000000000444, -0.2750000000000000777, 0.2500000000000000000 ) ) ;
#999 = CONICAL_SURFACE ( 'NONE', #371, 0.09350000000000024958, 0.7853981633974473908 ) ;
#1000 = AXIS2_PLACEMENT_3D ( 'NONE', #537, #1286, #191 ) ;
#1001 = LENGTH_MEASURE_WITH_UNIT ( LENGTH_MEASURE( 0.02539999999999999897 ), #1461 );
#1002 = VECTOR ( 'NONE', #1157, 39.37007874015748143 ) ;
#1003 = ORIENTED_EDGE ( 'NONE', *, *, #1354, .T. ) ;
#1004 = VECTOR ( 'NONE', #82, 39.37007874015748143 ) ;
#1005 = CARTESIAN_POINT ( 'NONE',  ( 0.4049999999999999156, -0.5000000000000000000, 0.4200000000000000400 ) ) ;
#1006 = FACE_OUTER_BOUND ( 'NONE', #1343, .T. ) ;
#1007 = EDGE_CURVE ( 'NONE', #1697, #76, #1923, .T. ) ;
#1008 = DIRECTION ( 'NONE',  ( -0.000000000000000000, -0.000000000000000000, -1.000000000000000000 ) ) ;
#1009 = EDGE_CURVE ( 'NONE', #2152, #293, #965, .T. ) ;
#1010 = VECTOR ( 'NONE', #2064, 39.37007874015748143 ) ;
#1011 = EDGE_LOOP ( 'NONE', ( #2148, #847, #1763, #1674 ) ) ;
#1012 = DIRECTION ( 'NONE',  ( 1.000000000000000000, 0.000000000000000000, 0.000000000000000000 ) ) ;
#1013 = CARTESIAN_POINT ( 'NONE',  ( 0.7374999999999997113, 0.7500000000000001110, -0.1500000000000000500 ) ) ;
#1014 = DIRECTION ( 'NONE',  ( 1.000000000000000000, 0.000000000000000000, 0.000000000000000000 ) ) ;
#1015 = ORIENTED_EDGE ( 'NONE', *, *, #56, .F. ) ;
#1016 = DIRECTION ( 'NONE',  ( -1.000000000000000000, 0.000000000000000000, 0.000000000000000000 ) ) ;
#1017 = FACE_OUTER_BOUND ( 'NONE', #1011, .T. ) ;
#1018 = VERTEX_POINT ( 'NONE', #678 ) ;
#1019 = DIRECTION ( 'NONE',  ( 0.000000000000000000, 0.000000000000000000, 1.000000000000000000 ) ) ;
#1020 = DIRECTION ( 'NONE',  ( 1.000000000000000000, 0.000000000000000000, 0.000000000000000000 ) ) ;
#1021 = DIRECTION ( 'NONE',  ( -1.000000000000000000, 0.000000000000000000, 0.000000000000000000 ) ) ;
#1022 = VECTOR ( 'NONE', #1056, 39.37007874015748854 ) ;
#1023 = ORIENTED_EDGE ( 'NONE', *, *, #2261, .T. ) ;
#1024 = ORIENTED_EDGE ( 'NONE', *, *, #2126, .T. ) ;
#1025 = DIRECTION ( 'NONE',  ( -1.000000000000000000, 0.000000000000000000, 0.000000000000000000 ) ) ;
#1026 = LINE ( 'NONE', #1595, #2024 ) ;
#1027 = ORIENTED_EDGE ( 'NONE', *, *, #1034, .T. ) ;
#1028 = CARTESIAN_POINT ( 'NONE',  ( 1.499999999999999778, -0.7469999999999996643, -0.8030000000000001581 ) ) ;
#1029 = ADVANCED_FACE ( 'NONE', ( #1385 ), #225, .T. ) ;
#1030 = ORIENTED_EDGE ( 'NONE', *, *, #384, .F. ) ;
#1031 = DIRECTION ( 'NONE',  ( 0.000000000000000000, -0.7071067811865474617, 0.7071067811865474617 ) ) ;
#1032 = AXIS2_PLACEMENT_3D ( 'NONE', #342, #2118, #1052 ) ;
#1033 = FACE_OUTER_BOUND ( 'NONE', #997, .T. ) ;
#1034 = EDGE_CURVE ( 'NONE', #655, #1944, #707, .T. ) ;
#1035 = ORIENTED_EDGE ( 'NONE', *, *, #1185, .T. ) ;
#1036 = CARTESIAN_POINT ( 'NONE',  ( -0.9500000000000002887, -0.4375000000000000555, 0.2500000000000000000 ) ) ;
#1037 = AXIS2_PLACEMENT_3D ( 'NONE', #834, #2082, #317 ) ;
#1038 = VECTOR ( 'NONE', #663, 39.37007874015748143 ) ;
#1039 = UNCERTAINTY_MEASURE_WITH_UNIT (LENGTH_MEASURE( 1.000000000000000082E-05 ), #1441, 'distance_accuracy_value', 'NONE');
#1040 = CARTESIAN_POINT ( 'NONE',  ( -1.249999999999999778, 0.4999999999999998335, -0.5500000000000000444 ) ) ;
#1041 = EDGE_LOOP ( 'NONE', ( #2081, #737, #1443, #1768 ) ) ;
#1042 = DIRECTION ( 'NONE',  ( 0.000000000000000000, 0.000000000000000000, -1.000000000000000000 ) ) ;
#1043 = LINE ( 'NONE', #1806, #1748 ) ;
#1044 = EDGE_CURVE ( 'NONE', #1146, #1152, #1580, .T. ) ;
#1045 = ORIENTED_EDGE ( 'NONE', *, *, #1283, .F. ) ;
#1046 = CARTESIAN_POINT ( 'NONE',  ( 0.6439999999999995728, 0.4375000000000001110, 0.2500000000000000000 ) ) ;
#1047 = DIRECTION ( 'NONE',  ( -0.000000000000000000, -0.000000000000000000, -1.000000000000000000 ) ) ;
#1048 = EDGE_LOOP ( 'NONE', ( #1336, #1024, #1092, #344 ) ) ;
#1049 = ORIENTED_EDGE ( 'NONE', *, *, #1300, .F. ) ;
#1050 = AXIS2_PLACEMENT_3D ( 'NONE', #6, #2139, #1221 ) ;
#1051 = ADVANCED_FACE ( 'NONE', ( #867 ), #486, .T. ) ;
#1052 = DIRECTION ( 'NONE',  ( 0.000000000000000000, 0.000000000000000000, -1.000000000000000000 ) ) ;
#1053 = ORIENTED_EDGE ( 'NONE', *, *, #146, .T. ) ;
#1054 = CARTESIAN_POINT ( 'NONE',  ( 1.074999999999999956, 0.7500000000000001110, 0.2189999999999996949 ) ) ;
#1055 = ADVANCED_FACE ( 'NONE', ( #1033 ), #689, .F. ) ;
#1056 = DIRECTION ( 'NONE',  ( 0.000000000000000000, 0.7071067811865474617, -0.7071067811865474617 ) ) ;
#1057 = VECTOR ( 'NONE', #31, 39.37007874015748143 ) ;
#1058 = VERTEX_POINT ( 'NONE', #513 ) ;
#1059 = DIRECTION ( 'NONE',  ( 0.000000000000000000, 0.000000000000000000, -1.000000000000000000 ) ) ;
#1060 = EDGE_CURVE ( 'NONE', #1572, #1571, #2027, .T. ) ;
#1061 = ORIENTED_EDGE ( 'NONE', *, *, #695, .T. ) ;
#1062 = DIRECTION ( 'NONE',  ( 1.000000000000000000, 0.000000000000000000, 0.000000000000000000 ) ) ;
#1063 = EDGE_CURVE ( 'NONE', #253, #110, #758, .T. ) ;
#1064 = VECTOR ( 'NONE', #697, 39.37007874015748143 ) ;
#1065 = FACE_BOUND ( 'NONE', #1149, .T. ) ;
#1066 = CARTESIAN_POINT ( 'NONE',  ( -1.343749999999999778, 0.4999999999999998335, -0.5500000000000000444 ) ) ;
#1067 = EDGE_LOOP ( 'NONE', ( #418, #597, #1666, #2131 ) ) ;
#1068 = CARTESIAN_POINT ( 'NONE',  ( -1.343749999999999778, -0.5000000000000001110, -0.5500000000000000444 ) ) ;
#1069 = DIRECTION ( 'NONE',  ( 1.561055996379579228E-16, -1.000000000000000000, 0.000000000000000000 ) ) ;
#1070 = CARTESIAN_POINT ( 'NONE',  ( -1.000000000000000444, 0.1499999999999996059, -0.5500000000000000444 ) ) ;
#1071 = LINE ( 'NONE', #1551, #1927 ) ;
#1072 = DIRECTION ( 'NONE',  ( 0.000000000000000000, -0.000000000000000000, 1.000000000000000000 ) ) ;
#1073 = ORIENTED_EDGE ( 'NONE', *, *, #227, .T. ) ;
#1074 = VERTEX_POINT ( 'NONE', #1673 ) ;
#1075 = DIRECTION ( 'NONE',  ( -0.000000000000000000, -0.000000000000000000, -1.000000000000000000 ) ) ;
#1076 = VECTOR ( 'NONE', #851, 39.37007874015748143 ) ;
#1077 = CONICAL_SURFACE ( 'NONE', #1493, 0.03150000000000026390, 0.7853981633974479459 ) ;
#1078 = ORIENTED_EDGE ( 'NONE', *, *, #1230, .F. ) ;
#1079 = CARTESIAN_POINT ( 'NONE',  ( -1.500000000000000444, -1.000000000000000222, 0.2500000000000000000 ) ) ;
#1080 = VECTOR ( 'NONE', #252, 39.37007874015748143 ) ;
#1081 = DIRECTION ( 'NONE',  ( 1.000000000000000000, 0.000000000000000000, 0.000000000000000000 ) ) ;
#1082 = LINE ( 'NONE', #899, #594 ) ;
#1083 = AXIS2_PLACEMENT_3D ( 'NONE', #325, #356, #154 ) ;
#1084 = CARTESIAN_POINT ( 'NONE',  ( -0.4049999999999999711, -0.5000000000000001110, 0.4200000000000000400 ) ) ;
#1085 = EDGE_LOOP ( 'NONE', ( #610, #1684, #23, #307 ) ) ;
#1086 = FACE_OUTER_BOUND ( 'NONE', #590, .T. ) ;
#1087 = DIRECTION ( 'NONE',  ( -0.000000000000000000, -0.000000000000000000, 1.000000000000000000 ) ) ;
#1088 = ORIENTED_EDGE ( 'NONE', *, *, #1771, .T. ) ;
#1089 = ORIENTED_EDGE ( 'NONE', *, *, #291, .F. ) ;
#1090 = LINE ( 'NONE', #907, #919 ) ;
#1091 = VECTOR ( 'NONE', #1212, 39.37007874015748143 ) ;
#1092 = ORIENTED_EDGE ( 'NONE', *, *, #583, .T. ) ;
#1093 = DIRECTION ( 'NONE',  ( 0.000000000000000000, 0.000000000000000000, -1.000000000000000000 ) ) ;
#1094 = CARTESIAN_POINT ( 'NONE',  ( -0.4049999999999999711, 0.5624999999999997780, 0.4200000000000000400 ) ) ;
#1095 = CARTESIAN_POINT ( 'NONE',  ( 0.4049999999999999156, -0.4684999999999997500, 0.4200000000000000400 ) ) ;
#1096 = CIRCLE ( 'NONE', #1388, 0.06250000000000001388 ) ;
#1097 = VERTEX_POINT ( 'NONE', #78 ) ;
#1098 = CARTESIAN_POINT ( 'NONE',  ( 0.7999999999999998224, 0.2750000000000001332, -0.5500000000000000444 ) ) ;
#1099 = VECTOR ( 'NONE', #763, 39.37007874015748143 ) ;
#1100 = CARTESIAN_POINT ( 'NONE',  ( -0.4675000000000000266, 0.4999999999999997780, 0.2500000000000000000 ) ) ;
#1101 = ORIENTED_EDGE ( 'NONE', *, *, #1295, .F. ) ;
#1102 = CARTESIAN_POINT ( 'NONE',  ( 0.4675000000000000266, -0.4999999999999999445, 0.4200000000000000400 ) ) ;
#1103 = EDGE_CURVE ( 'NONE', #1756, #2152, #241, .T. ) ;
#1104 = ORIENTED_EDGE ( 'NONE', *, *, #2004, .F. ) ;
#1105 = DIRECTION ( 'NONE',  ( 1.000000000000000000, 0.000000000000000000, 0.000000000000000000 ) ) ;
#1106 = CARTESIAN_POINT ( 'NONE',  ( 0.4050000000000000266, -0.5624999999999998890, 0.3890000000000002900 ) ) ;
#1107 = EDGE_CURVE ( 'NONE', #1756, #1702, #574, .T. ) ;
#1108 = LINE ( 'NONE', #370, #2216 ) ;
#1109 = ORIENTED_EDGE ( 'NONE', *, *, #1520, .T. ) ;
#1110 = ADVANCED_FACE ( 'NONE', ( #1256 ), #1433, .F. ) ;
#1111 = DIRECTION ( 'NONE',  ( 1.000000000000000000, 1.460881280034365495E-16, 0.000000000000000000 ) ) ;
#1112 = ORIENTED_EDGE ( 'NONE', *, *, #1520, .F. ) ;
#1113 = DIRECTION ( 'NONE',  ( 0.000000000000000000, 0.000000000000000000, -1.000000000000000000 ) ) ;
#1114 = DIRECTION ( 'NONE',  ( 1.000000000000000000, 0.000000000000000000, 0.000000000000000000 ) ) ;
#1115 = EDGE_CURVE ( 'NONE', #1832, #2189, #1834, .T. ) ;
#1116 = LINE ( 'NONE', #605, #1548 ) ;
#1117 = EDGE_CURVE ( 'NONE', #1297, #705, #155, .T. ) ;
#1118 = VERTEX_POINT ( 'NONE', #2192 ) ;
#1119 = CARTESIAN_POINT ( 'NONE',  ( 1.499999999999999778, -0.9999999999999996669, -0.5500000000000000444 ) ) ;
#1120 = VECTOR ( 'NONE', #313, 39.37007874015748143 ) ;
#1121 = DIRECTION ( 'NONE',  ( -1.000000000000000000, -0.000000000000000000, 0.000000000000000000 ) ) ;
#1122 = CARTESIAN_POINT ( 'NONE',  ( -0.4675000000000000266, -0.5000000000000001110, 0.3890000000000002900 ) ) ;
#1123 = AXIS2_PLACEMENT_3D ( 'NONE', #278, #1743, #1879 ) ;
#1124 = DIRECTION ( 'NONE',  ( 0.000000000000000000, 0.000000000000000000, -1.000000000000000000 ) ) ;
#1125 = VECTOR ( 'NONE', #1720, 39.37007874015748143 ) ;
#1126 = ORIENTED_EDGE ( 'NONE', *, *, #708, .F. ) ;
#1127 = CARTESIAN_POINT ( 'NONE',  ( 0.4049999999999999711, -0.4999999999999999445, 0.3890000000000002900 ) ) ;
#1128 = DIRECTION ( 'NONE',  ( -0.000000000000000000, -0.000000000000000000, -1.000000000000000000 ) ) ;
#1129 = ADVANCED_FACE ( 'NONE', ( #930 ), #1850, .F. ) ;
#1130 = VECTOR ( 'NONE', #2048, 39.37007874015748143 ) ;
#1131 = ORIENTED_EDGE ( 'NONE', *, *, #2195, .F. ) ;
#1132 = EDGE_CURVE ( 'NONE', #974, #1339, #2151, .T. ) ;
#1133 = DIRECTION ( 'NONE',  ( -0.000000000000000000, -0.000000000000000000, 1.000000000000000000 ) ) ;
#1134 = DIRECTION ( 'NONE',  ( 1.000000000000000000, 0.000000000000000000, -0.000000000000000000 ) ) ;
#1135 = ORIENTED_EDGE ( 'NONE', *, *, #1650, .T. ) ;
#1136 = ADVANCED_FACE ( 'NONE', ( #946 ), #903, .F. ) ;
#1137 = LINE ( 'NONE', #1856, #1690 ) ;
#1138 = DIRECTION ( 'NONE',  ( 1.000000000000000000, 0.000000000000000000, 0.000000000000000000 ) ) ;
#1139 = DIRECTION ( 'NONE',  ( 0.000000000000000000, -0.000000000000000000, 1.000000000000000000 ) ) ;
#1140 = ADVANCED_FACE ( 'NONE', ( #1973 ), #64, .F. ) ;
#1141 = ORIENTED_EDGE ( 'NONE', *, *, #2140, .F. ) ;
#1142 = PLANE ( 'NONE',  #1653 ) ;
#1143 = ORIENTED_EDGE ( 'NONE', *, *, #71, .F. ) ;
#1144 = PLANE ( 'NONE',  #784 ) ;
#1145 = DIRECTION ( 'NONE',  ( -0.7071067811865474617, 0.000000000000000000, 0.7071067811865474617 ) ) ;
#1146 = VERTEX_POINT ( 'NONE', #2021 ) ;
#1147 = EDGE_CURVE ( 'NONE', #1449, #860, #893, .T. ) ;
#1148 = DIRECTION ( 'NONE',  ( -0.000000000000000000, -0.000000000000000000, 1.000000000000000000 ) ) ;
#1149 = EDGE_LOOP ( 'NONE', ( #170, #774 ) ) ;
#1150 = FACE_OUTER_BOUND ( 'NONE', #1873, .T. ) ;
#1151 = ADVANCED_FACE ( 'NONE', ( #28 ), #733, .F. ) ;
#1152 = VERTEX_POINT ( 'NONE', #1630 ) ;
#1153 = DIRECTION ( 'NONE',  ( -0.000000000000000000, -0.000000000000000000, -1.000000000000000000 ) ) ;
#1154 = DIRECTION ( 'NONE',  ( 0.000000000000000000, 0.000000000000000000, -1.000000000000000000 ) ) ;
#1155 = ORIENTED_EDGE ( 'NONE', *, *, #580, .F. ) ;
#1156 = DIRECTION ( 'NONE',  ( 0.000000000000000000, 0.000000000000000000, -1.000000000000000000 ) ) ;
#1157 = DIRECTION ( 'NONE',  ( -0.000000000000000000, -0.000000000000000000, 1.000000000000000000 ) ) ;
#1158 = CIRCLE ( 'NONE', #2124, 0.06250000000000001388 ) ;
#1159 = AXIS2_PLACEMENT_3D ( 'NONE', #831, #1547, #659 ) ;
#1160 = VERTEX_POINT ( 'NONE', #1442 ) ;
#1161 = PRODUCT_DEFINITION_SHAPE ( 'NONE', 'NONE',  #1914 ) ;
#1162 = VECTOR ( 'NONE', #1167, 39.37007874015748143 ) ;
#1163 = AXIS2_PLACEMENT_3D ( 'NONE', #826, #137, #1372 ) ;
#1164 = FACE_OUTER_BOUND ( 'NONE', #341, .T. ) ;
#1165 = VECTOR ( 'NONE', #259, 39.37007874015748143 ) ;
#1166 = VERTEX_POINT ( 'NONE', #563 ) ;
#1167 = DIRECTION ( 'NONE',  ( 1.000000000000000000, -1.460881280034365495E-16, 0.000000000000000000 ) ) ;
#1168 = CARTESIAN_POINT ( 'NONE',  ( -0.4049999999999999711, 0.5624999999999997780, 0.3890000000000002900 ) ) ;
#1169 = ORIENTED_EDGE ( 'NONE', *, *, #346, .F. ) ;
#1170 = LINE ( 'NONE', #813, #1191 ) ;
#1171 = EDGE_CURVE ( 'NONE', #1261, #1097, #712, .T. ) ;
#1172 = DIRECTION ( 'NONE',  ( 0.7071067811865474617, -1.557829227008774790E-15, -0.7071067811865474617 ) ) ;
#1173 = VERTEX_POINT ( 'NONE', #913 ) ;
#1174 = CARTESIAN_POINT ( 'NONE',  ( 1.499999999999999556, -0.2750000000000000222, 0.2189999999999996949 ) ) ;
#1175 = ORIENTED_EDGE ( 'NONE', *, *, #1171, .F. ) ;
#1176 = CARTESIAN_POINT ( 'NONE',  ( -0.4050000000000000266, 0.4374999999999997780, 0.3890000000000002900 ) ) ;
#1177 = APPLICATION_PROTOCOL_DEFINITION ( 'draft international standard', 'automotive_design', 1998, #2292 ) ;
#1178 = VERTEX_POINT ( 'NONE', #1100 ) ;
#1179 = VECTOR ( 'NONE', #1331, 39.37007874015748854 ) ;
#1180 = FACE_BOUND ( 'NONE', #429, .T. ) ;
#1181 = EDGE_CURVE ( 'NONE', #703, #655, #1643, .T. ) ;
#1182 = PLANE ( 'NONE',  #1729 ) ;
#1183 = VERTEX_POINT ( 'NONE', #2175 ) ;
#1184 = CARTESIAN_POINT ( 'NONE',  ( -0.4050000000000000266, 0.4684999999999995279, 0.4200000000000000400 ) ) ;
#1185 = EDGE_CURVE ( 'NONE', #2189, #163, #978, .T. ) ;
#1186 = ORIENTED_EDGE ( 'NONE', *, *, #474, .F. ) ;
#1187 = FACE_OUTER_BOUND ( 'NONE', #1412, .T. ) ;
#1188 = ADVANCED_FACE ( 'NONE', ( #1150 ), #1345, .T. ) ;
#1189 = LINE ( 'NONE', #1911, #1452 ) ;
#1190 = AXIS2_PLACEMENT_3D ( 'NONE', #322, #872, #1025 ) ;
#1191 = VECTOR ( 'NONE', #1539, 39.37007874015748143 ) ;
#1192 = ORIENTED_EDGE ( 'NONE', *, *, #1207, .F. ) ;
#1193 = PLANE ( 'NONE',  #674 ) ;
#1194 = VECTOR ( 'NONE', #175, 39.37007874015748854 ) ;
#1195 = CONICAL_SURFACE ( 'NONE', #1498, 0.09350000000000024958, 0.7853981633974473908 ) ;
#1196 = AXIS2_PLACEMENT_3D ( 'NONE', #12, #2100, #1429 ) ;
#1197 = VERTEX_POINT ( 'NONE', #92 ) ;
#1198 = CARTESIAN_POINT ( 'NONE',  ( 0.7374999999999997113, 0.6875000000000001110, -0.1500000000000000500 ) ) ;
#1199 = DIRECTION ( 'NONE',  ( 0.000000000000000000, 0.7071067811865474617, -0.7071067811865474617 ) ) ;
#1200 = DIRECTION ( 'NONE',  ( 1.000000000000000000, -1.460881280034365495E-16, 0.000000000000000000 ) ) ;
#1201 = CONICAL_SURFACE ( 'NONE', #1665, 0.03150000000000026390, 0.7853981633974479459 ) ;
#1202 = DIRECTION ( 'NONE',  ( 0.000000000000000000, -0.7071067811865475727, 0.7071067811865475727 ) ) ;
#1203 = DIRECTION ( 'NONE',  ( -1.000000000000000000, 0.000000000000000000, 0.000000000000000000 ) ) ;
#1204 =( NAMED_UNIT ( * ) PLANE_ANGLE_UNIT ( ) SI_UNIT ( $, .RADIAN. ) );
#1205 = ORIENTED_EDGE ( 'NONE', *, *, #2213, .T. ) ;
#1206 = VERTEX_POINT ( 'NONE', #1698 ) ;
#1207 = EDGE_CURVE ( 'NONE', #476, #2011, #1344, .T. ) ;
#1208 = DIRECTION ( 'NONE',  ( 1.000000000000000000, 0.000000000000000000, 0.000000000000000000 ) ) ;
#1209 = VECTOR ( 'NONE', #777, 39.37007874015748854 ) ;
#1210 = ADVANCED_FACE ( 'NONE', ( #1164 ), #1142, .F. ) ;
#1211 = ORIENTED_EDGE ( 'NONE', *, *, #1447, .T. ) ;
#1212 = DIRECTION ( 'NONE',  ( 1.000000000000000000, 0.000000000000000000, 0.000000000000000000 ) ) ;
#1213 = DIRECTION ( 'NONE',  ( -0.000000000000000000, -0.000000000000000000, -1.000000000000000000 ) ) ;
#1214 = ORIENTED_EDGE ( 'NONE', *, *, #1231, .F. ) ;
#1215 = ORIENTED_EDGE ( 'NONE', *, *, #687, .F. ) ;
#1216 = CARTESIAN_POINT ( 'NONE',  ( 0.000000000000000000, 0.000000000000000000, -0.5500000000000000444 ) ) ;
#1217 = DIRECTION ( 'NONE',  ( 1.000000000000000000, 0.000000000000000000, 0.000000000000000000 ) ) ;
#1218 = ORIENTED_EDGE ( 'NONE', *, *, #1296, .F. ) ;
#1219 = DIRECTION ( 'NONE',  ( 0.000000000000000000, 0.000000000000000000, 1.000000000000000000 ) ) ;
#1220 = CARTESIAN_POINT ( 'NONE',  ( 1.074999999999999956, -0.2750000000000001332, 0.2189999999999996949 ) ) ;
#1221 = DIRECTION ( 'NONE',  ( 0.000000000000000000, 1.000000000000000000, -0.000000000000000000 ) ) ;
#1222 = CIRCLE ( 'NONE', #222, 0.09350000000000024958 ) ;
#1223 = ORIENTED_EDGE ( 'NONE', *, *, #4, .F. ) ;
#1224 = VECTOR ( 'NONE', #1047, 39.37007874015748143 ) ;
#1225 = ORIENTED_EDGE ( 'NONE', *, *, #1904, .F. ) ;
#1226 = AXIS2_PLACEMENT_3D ( 'NONE', #1845, #45, #2200 ) ;
#1227 = ORIENTED_EDGE ( 'NONE', *, *, #1252, .T. ) ;
#1228 = PLANE ( 'NONE',  #1981 ) ;
#1229 = CYLINDRICAL_SURFACE ( 'NONE', #176, 0.06249999999999995143 ) ;
#1230 = EDGE_CURVE ( 'NONE', #1166, #860, #1501, .T. ) ;
#1231 = EDGE_CURVE ( 'NONE', #1261, #1697, #2231, .T. ) ;
#1232 = LINE ( 'NONE', #857, #1728 ) ;
#1233 = VERTEX_POINT ( 'NONE', #2057 ) ;
#1234 = CARTESIAN_POINT ( 'NONE',  ( -0.4049999999999999711, -0.5000000000000001110, 0.2500000000000000000 ) ) ;
#1235 = VECTOR ( 'NONE', #413, 39.37007874015748143 ) ;
#1236 = CARTESIAN_POINT ( 'NONE',  ( -0.4049999999999999711, -0.5624999999999997780, 0.4200000000000000400 ) ) ;
#1237 = DIRECTION ( 'NONE',  ( -0.000000000000000000, -0.000000000000000000, 1.000000000000000000 ) ) ;
#1238 = VERTEX_POINT ( 'NONE', #797 ) ;
#1239 = CARTESIAN_POINT ( 'NONE',  ( 0.6749999999999997113, 0.1499999999999999112, -0.1500000000000000500 ) ) ;
#1240 = LINE ( 'NONE', #865, #729 ) ;
#1241 = ORIENTED_EDGE ( 'NONE', *, *, #956, .T. ) ;
#1242 = PLANE ( 'NONE',  #1050 ) ;
#1243 = CARTESIAN_POINT ( 'NONE',  ( -0.9500000000000002887, -0.4375000000000000555, 0.1250000000000000000 ) ) ;
#1244 = ORIENTED_EDGE ( 'NONE', *, *, #49, .F. ) ;
#1245 = ORIENTED_EDGE ( 'NONE', *, *, #1370, .T. ) ;
#1246 = CARTESIAN_POINT ( 'NONE',  ( 1.499999999999999778, -0.9999999999999996669, 0.2500000000000000000 ) ) ;
#1247 = DIRECTION ( 'NONE',  ( 1.000000000000000000, 0.000000000000000000, 0.000000000000000000 ) ) ;
#1248 = EDGE_LOOP ( 'NONE', ( #81, #1560, #144, #1749 ) ) ;
#1249 = CARTESIAN_POINT ( 'NONE',  ( 1.012499999999999956, -0.6875000000000001110, 0.2500000000000000000 ) ) ;
#1250 = DIRECTION ( 'NONE',  ( -1.000000000000000000, 0.000000000000000000, 0.000000000000000000 ) ) ;
#1251 = CARTESIAN_POINT ( 'NONE',  ( -1.000000000000000444, -0.1500000000000001055, 0.2500000000000000000 ) ) ;
#1252 = EDGE_CURVE ( 'NONE', #1183, #575, #1509, .T. ) ;
#1253 = CARTESIAN_POINT ( 'NONE',  ( 0.4049999999999999711, -0.4999999999999999445, 0.4200000000000000400 ) ) ;
#1254 = ORIENTED_EDGE ( 'NONE', *, *, #690, .F. ) ;
#1255 = FACE_OUTER_BOUND ( 'NONE', #1632, .T. ) ;
#1256 = FACE_OUTER_BOUND ( 'NONE', #879, .T. ) ;
#1257 = EDGE_LOOP ( 'NONE', ( #42, #1223 ) ) ;
#1258 = ORIENTED_EDGE ( 'NONE', *, *, #990, .T. ) ;
#1259 = CIRCLE ( 'NONE', #1758, 0.06249999999999995143 ) ;
#1260 = AXIS2_PLACEMENT_3D ( 'NONE', #2115, #484, #1021 ) ;
#1261 = VERTEX_POINT ( 'NONE', #1709 ) ;
#1262 = VECTOR ( 'NONE', #2233, 39.37007874015748143 ) ;
#1263 = CARTESIAN_POINT ( 'NONE',  ( 0.4675000000000000266, 0.4374999999999997780, 0.4200000000000000400 ) ) ;
#1264 = VECTOR ( 'NONE', #272, 39.37007874015748143 ) ;
#1265 = DIRECTION ( 'NONE',  ( 0.000000000000000000, 0.000000000000000000, 1.000000000000000000 ) ) ;
#1266 = DIRECTION ( 'NONE',  ( -0.000000000000000000, -0.000000000000000000, 1.000000000000000000 ) ) ;
#1267 = ORIENTED_EDGE ( 'NONE', *, *, #608, .F. ) ;
#1268 = FILL_AREA_STYLE ('',( #1848 ) ) ;
#1269 = DIRECTION ( 'NONE',  ( -0.000000000000000000, -0.000000000000000000, -1.000000000000000000 ) ) ;
#1270 = EDGE_CURVE ( 'NONE', #463, #705, #1313, .T. ) ;
#1271 = ORIENTED_EDGE ( 'NONE', *, *, #485, .F. ) ;
#1272 = CARTESIAN_POINT ( 'NONE',  ( 1.012499999999999956, -0.7500000000000001110, -0.1500000000000000500 ) ) ;
#1273 = DIRECTION ( 'NONE',  ( 0.000000000000000000, 0.000000000000000000, -1.000000000000000000 ) ) ;
#1274 = EDGE_CURVE ( 'NONE', #2256, #2164, #2046, .T. ) ;
#1275 = VERTEX_POINT ( 'NONE', #2240 ) ;
#1276 = FACE_OUTER_BOUND ( 'NONE', #1715, .T. ) ;
#1277 = CARTESIAN_POINT ( 'NONE',  ( -0.8875000000000002887, -0.3750000000000000555, 0.2500000000000000000 ) ) ;
#1278 = EDGE_CURVE ( 'NONE', #1929, #1238, #372, .T. ) ;
#1279 = DIRECTION ( 'NONE',  ( 0.000000000000000000, 0.7071067811865474617, -0.7071067811865474617 ) ) ;
#1280 = VECTOR ( 'NONE', #1059, 39.37007874015748143 ) ;
#1281 = VERTEX_POINT ( 'NONE', #438 ) ;
#1282 = AXIS2_PLACEMENT_3D ( 'NONE', #1668, #72, #569 ) ;
#1283 = EDGE_CURVE ( 'NONE', #802, #849, #261, .T. ) ;
#1284 = CARTESIAN_POINT ( 'NONE',  ( 0.7999999999999998224, 0.2749999999999998557, -0.5500000000000000444 ) ) ;
#1285 =( GEOMETRIC_REPRESENTATION_CONTEXT ( 3 ) GLOBAL_UNCERTAINTY_ASSIGNED_CONTEXT ( ( #2097 ) ) GLOBAL_UNIT_ASSIGNED_CONTEXT ( ( #1570, #1204, #1898 ) ) REPRESENTATION_CONTEXT ( 'NONE', 'WORKASPACE' ) );
#1286 = DIRECTION ( 'NONE',  ( 0.000000000000000000, 0.000000000000000000, -1.000000000000000000 ) ) ;
#1287 = ORIENTED_EDGE ( 'NONE', *, *, #79, .T. ) ;
#1288 = CARTESIAN_POINT ( 'NONE',  ( 0.4050000000000000266, 0.4999999999999999445, 0.4200000000000000400 ) ) ;
#1289 = CARTESIAN_POINT ( 'NONE',  ( 1.012499999999999956, -0.6875000000000001110, 0.2189999999999996949 ) ) ;
#1290 = ORIENTED_EDGE ( 'NONE', *, *, #459, .F. ) ;
#1291 = CARTESIAN_POINT ( 'NONE',  ( -0.9500000000000002887, -0.3750000000000000555, 0.1250000000000000000 ) ) ;
#1292 = DIRECTION ( 'NONE',  ( -1.000000000000000000, -0.000000000000000000, -0.000000000000000000 ) ) ;
#1293 = LINE ( 'NONE', #1122, #2271 ) ;
#1294 = LINE ( 'NONE', #558, #1377 ) ;
#1295 = EDGE_CURVE ( 'NONE', #1641, #2050, #104, .T. ) ;
#1296 = EDGE_CURVE ( 'NONE', #1991, #103, #237, .T. ) ;
#1297 = VERTEX_POINT ( 'NONE', #221 ) ;
#1298 =( NAMED_UNIT ( * ) PLANE_ANGLE_UNIT ( ) SI_UNIT ( $, .RADIAN. ) );
#1299 = CARTESIAN_POINT ( 'NONE',  ( -1.125000000000000444, 0.2749999999999995781, 0.2500000000000000000 ) ) ;
#1300 = EDGE_CURVE ( 'NONE', #1596, #745, #925, .T. ) ;
#1301 = ORIENTED_EDGE ( 'NONE', *, *, #1296, .T. ) ;
#1302 = DIRECTION ( 'NONE',  ( 0.000000000000000000, 1.000000000000000000, 0.000000000000000000 ) ) ;
#1303 = CARTESIAN_POINT ( 'NONE',  ( 0.7374999999999997113, 0.7500000000000001110, 0.2189999999999996949 ) ) ;
#1304 = ORIENTED_EDGE ( 'NONE', *, *, #1948, .T. ) ;
#1305 = DIRECTION ( 'NONE',  ( -1.000000000000000000, -2.101421533587894859E-16, -0.000000000000000000 ) ) ;
#1306 = AXIS2_PLACEMENT_3D ( 'NONE', #499, #1208, #2111 ) ;
#1307 = LINE ( 'NONE', #2052, #1710 ) ;
#1308 = AXIS2_PLACEMENT_3D ( 'NONE', #1985, #747, #376 ) ;
#1309 = CARTESIAN_POINT ( 'NONE',  ( 0.4049999999999998046, -0.5624999999999998890, 0.2500000000000000000 ) ) ;
#1310 = VECTOR ( 'NONE', #1903, 39.37007874015748143 ) ;
#1311 = ORIENTED_EDGE ( 'NONE', *, *, #303, .T. ) ;
#1312 = DIRECTION ( 'NONE',  ( 1.000000000000000000, 0.000000000000000000, 0.000000000000000000 ) ) ;
#1313 = LINE ( 'NONE', #636, #2091 ) ;
#1314 = EDGE_CURVE ( 'NONE', #1097, #2168, #731, .T. ) ;
#1315 = EDGE_LOOP ( 'NONE', ( #1824, #1975, #635, #498 ) ) ;
#1316 = EDGE_CURVE ( 'NONE', #860, #802, #524, .T. ) ;
#1317 = CARTESIAN_POINT ( 'NONE',  ( -1.343749999999999778, -0.5000000000000001110, -0.5500000000000000444 ) ) ;
#1318 = CIRCLE ( 'NONE', #1849, 0.1249999999999999029 ) ;
#1319 = LINE ( 'NONE', #2041, #140 ) ;
#1320 = ORIENTED_EDGE ( 'NONE', *, *, #1283, .T. ) ;
#1321 = CARTESIAN_POINT ( 'NONE',  ( -1.249999999999999778, 0.4999999999999998335, -0.5500000000000000444 ) ) ;
#1322 = CARTESIAN_POINT ( 'NONE',  ( 1.012499999999999956, 0.7500000000000001110, 0.2189999999999996949 ) ) ;
#1323 = AXIS2_PLACEMENT_3D ( 'NONE', #224, #510, #1081 ) ;
#1324 = ORIENTED_EDGE ( 'NONE', *, *, #995, .T. ) ;
#1325 = CARTESIAN_POINT ( 'NONE',  ( 0.6749999999999997113, -0.6875000000000001110, 0.2189999999999996949 ) ) ;
#1326 = ORIENTED_EDGE ( 'NONE', *, *, #1060, .T. ) ;
#1327 = CARTESIAN_POINT ( 'NONE',  ( 1.074999999999999956, -0.7500000000000001110, -0.1500000000000000500 ) ) ;
#1328 = CARTESIAN_POINT ( 'NONE',  ( -1.249999999999999778, -0.5000000000000001110, 0.2500000000000000000 ) ) ;
#1329 = AXIS2_PLACEMENT_3D ( 'NONE', #1328, #2049, #441 ) ;
#1330 = ORIENTED_EDGE ( 'NONE', *, *, #209, .F. ) ;
#1331 = DIRECTION ( 'NONE',  ( 0.000000000000000000, -0.7071067811865474617, -0.7071067811865474617 ) ) ;
#1332 = FACE_OUTER_BOUND ( 'NONE', #1041, .T. ) ;
#1333 = VECTOR ( 'NONE', #523, 39.37007874015748143 ) ;
#1334 = ORIENTED_EDGE ( 'NONE', *, *, #2101, .F. ) ;
#1335 = DIRECTION ( 'NONE',  ( 1.000000000000000000, 4.139163626764034787E-17, -0.000000000000000000 ) ) ;
#1336 = ORIENTED_EDGE ( 'NONE', *, *, #811, .T. ) ;
#1337 = FACE_OUTER_BOUND ( 'NONE', #1659, .T. ) ;
#1338 = DIRECTION ( 'NONE',  ( 1.000000000000000000, 1.821231995776175725E-16, 0.000000000000000000 ) ) ;
#1339 = VERTEX_POINT ( 'NONE', #2158 ) ;
#1340 = LINE ( 'NONE', #302, #1608 ) ;
#1341 = CONICAL_SURFACE ( 'NONE', #93, 0.03150000000000026390, 0.7853981633974479459 ) ;
#1342 = AXIS2_PLACEMENT_3D ( 'NONE', #1198, #1156, #1016 ) ;
#1343 = EDGE_LOOP ( 'NONE', ( #1334, #405, #1169, #982, #487 ) ) ;
#1344 = CIRCLE ( 'NONE', #336, 0.1250000000000000278 ) ;
#1345 = PLANE ( 'NONE',  #2250 ) ;
#1346 = ORIENTED_EDGE ( 'NONE', *, *, #929, .T. ) ;
#1347 = DIRECTION ( 'NONE',  ( -1.000000000000000000, 0.000000000000000000, 0.000000000000000000 ) ) ;
#1348 = ADVANCED_FACE ( 'NONE', ( #911 ), #941, .T. ) ;
#1349 = ORIENTED_EDGE ( 'NONE', *, *, #1147, .T. ) ;
#1350 = DIRECTION ( 'NONE',  ( -1.000000000000000000, 0.000000000000000000, 0.000000000000000000 ) ) ;
#1351 = EDGE_CURVE ( 'NONE', #163, #2102, #2007, .T. ) ;
#1352 = DIRECTION ( 'NONE',  ( 0.000000000000000000, -1.000000000000000000, 0.000000000000000000 ) ) ;
#1353 = DIRECTION ( 'NONE',  ( 1.000000000000000000, 0.000000000000000000, 0.000000000000000000 ) ) ;
#1354 = EDGE_CURVE ( 'NONE', #974, #1572, #1294, .T. ) ;
#1355 = CIRCLE ( 'NONE', #1813, 0.06250000000000001388 ) ;
#1356 = ORIENTED_EDGE ( 'NONE', *, *, #90, .F. ) ;
#1357 = ADVANCED_FACE ( 'NONE', ( #1640 ), #1694, .T. ) ;
#1358 = DIRECTION ( 'NONE',  ( 1.000000000000000000, 0.000000000000000000, 0.000000000000000000 ) ) ;
#1359 = ADVANCED_FACE ( 'NONE', ( #953 ), #1534, .T. ) ;
#1360 = EDGE_LOOP ( 'NONE', ( #2288, #2241, #1131, #908 ) ) ;
#1361 = CYLINDRICAL_SURFACE ( 'NONE', #1159, 0.1250000000000000278 ) ;
#1362 = PRODUCT_DEFINITION_FORMATION_WITH_SPECIFIED_SOURCE ( 'ANY', '', #2247, .NOT_KNOWN. ) ;
#1363 = DIRECTION ( 'NONE',  ( -0.000000000000000000, -0.000000000000000000, 1.000000000000000000 ) ) ;
#1364 = DIRECTION ( 'NONE',  ( 0.000000000000000000, 1.000000000000000000, -0.000000000000000000 ) ) ;
#1365 = EDGE_CURVE ( 'NONE', #193, #432, #570, .T. ) ;
#1366 = ORIENTED_EDGE ( 'NONE', *, *, #654, .T. ) ;
#1367 = LINE ( 'NONE', #818, #1262 ) ;
#1368 = FACE_OUTER_BOUND ( 'NONE', #1631, .T. ) ;
#1369 = ORIENTED_EDGE ( 'NONE', *, *, #462, .T. ) ;
#1370 = EDGE_CURVE ( 'NONE', #1702, #1908, #1108, .T. ) ;
#1371 = FACE_OUTER_BOUND ( 'NONE', #812, .T. ) ;
#1372 = DIRECTION ( 'NONE',  ( -1.000000000000000000, 0.000000000000000000, 0.000000000000000000 ) ) ;
#1373 = AXIS2_PLACEMENT_3D ( 'NONE', #1263, #1451, #2170 ) ;
#1374 = AXIS2_PLACEMENT_3D ( 'NONE', #846, #309, #1409 ) ;
#1375 = DIRECTION ( 'NONE',  ( -0.000000000000000000, -0.000000000000000000, 1.000000000000000000 ) ) ;
#1376 = VECTOR ( 'NONE', #1302, 39.37007874015748143 ) ;
#1377 = VECTOR ( 'NONE', #1994, 39.37007874015748143 ) ;
#1378 = ADVANCED_FACE ( 'NONE', ( #1682 ), #1830, .F. ) ;
#1379 = AXIS2_PLACEMENT_3D ( 'NONE', #1249, #1757, #182 ) ;
#1380 = ORIENTED_EDGE ( 'NONE', *, *, #1107, .F. ) ;
#1381 = CARTESIAN_POINT ( 'NONE',  ( 0.000000000000000000, 0.000000000000000000, 0.2500000000000000000 ) ) ;
#1382 = ORIENTED_EDGE ( 'NONE', *, *, #799, .T. ) ;
#1383 = FACE_OUTER_BOUND ( 'NONE', #2008, .T. ) ;
#1384 = LINE ( 'NONE', #1407, #2259 ) ;
#1385 = FACE_OUTER_BOUND ( 'NONE', #1248, .T. ) ;
#1386 = ORIENTED_EDGE ( 'NONE', *, *, #397, .T. ) ;
#1387 = ORIENTED_EDGE ( 'NONE', *, *, #532, .T. ) ;
#1388 = AXIS2_PLACEMENT_3D ( 'NONE', #546, #1432, #1020 ) ;
#1389 = CARTESIAN_POINT ( 'NONE',  ( -1.249999999999999778, -0.5000000000000001110, 0.2500000000000000000 ) ) ;
#1390 = VERTEX_POINT ( 'NONE', #768 ) ;
#1391 = CIRCLE ( 'NONE', #1819, 0.06249999999999995143 ) ;
#1392 = CARTESIAN_POINT ( 'NONE',  ( 0.6749999999999997113, 0.1500000000000001887, -0.1500000000000000500 ) ) ;
#1393 = DIRECTION ( 'NONE',  ( 0.000000000000000000, 0.7071067811865474617, 0.7071067811865474617 ) ) ;
#1394 = LINE ( 'NONE', #527, #2029 ) ;
#1395 = DIRECTION ( 'NONE',  ( 0.5773502691896257311, 0.5773502691896256200, 0.5773502691896257311 ) ) ;
#1396 = VECTOR ( 'NONE', #34, 39.37007874015748143 ) ;
#1397 = ORIENTED_EDGE ( 'NONE', *, *, #1808, .F. ) ;
#1398 = ORIENTED_EDGE ( 'NONE', *, *, #285, .T. ) ;
#1399 = ADVANCED_FACE ( 'NONE', ( #1655 ), #62, .T. ) ;
#1400 = CYLINDRICAL_SURFACE ( 'NONE', #1190, 0.06249999999999995143 ) ;
#1401 = CARTESIAN_POINT ( 'NONE',  ( -1.156249999999999778, -0.5000000000000001110, 0.2500000000000000000 ) ) ;
#1402 = ORIENTED_EDGE ( 'NONE', *, *, #717, .T. ) ;
#1403 = CYLINDRICAL_SURFACE ( 'NONE', #1196, 0.06250000000000001388 ) ;
#1404 = EDGE_CURVE ( 'NONE', #859, #1803, #1414, .T. ) ;
#1405 = DIRECTION ( 'NONE',  ( 0.000000000000000000, 0.000000000000000000, 1.000000000000000000 ) ) ;
#1406 = ORIENTED_EDGE ( 'NONE', *, *, #14, .F. ) ;
#1407 = CARTESIAN_POINT ( 'NONE',  ( 1.074999999999999956, -0.6875000000000001110, 0.2500000000000000000 ) ) ;
#1408 = AXIS2_PLACEMENT_3D ( 'NONE', #1321, #2156, #33 ) ;
#1409 = DIRECTION ( 'NONE',  ( 1.561055996379579228E-16, -1.000000000000000000, 0.000000000000000000 ) ) ;
#1410 = ORIENTED_EDGE ( 'NONE', *, *, #1579, .F. ) ;
#1411 = VECTOR ( 'NONE', #202, 39.37007874015748143 ) ;
#1412 = EDGE_LOOP ( 'NONE', ( #99, #1611, #1406, #2028, #1287, #587, #694, #947, #2036, #1366, #1815, #439, #1618, #1515, #988, #2284, #1982, #1027, #1112, #2062, #1435, #324, #1311, #2182, #787, #760, #63, #578, #1871, #1986, #1254, #1752, #508, #901, #791, #502, #179, #387, #1966, #1793 ) ) ;
#1413 = ADVANCED_FACE ( 'NONE', ( #1467 ), #2188, .T. ) ;
#1414 = CIRCLE ( 'NONE', #419, 0.06250000000000001388 ) ;
#1415 = LINE ( 'NONE', #1236, #704 ) ;
#1416 = ORIENTED_EDGE ( 'NONE', *, *, #2243, .F. ) ;
#1417 = AXIS2_PLACEMENT_3D ( 'NONE', #1619, #948, #614 ) ;
#1418 = LINE ( 'NONE', #145, #2093 ) ;
#1419 = CARTESIAN_POINT ( 'NONE',  ( 1.499999999999999778, -0.9999999999999996669, 0.2500000000000000000 ) ) ;
#1420 = VERTEX_POINT ( 'NONE', #1309 ) ;
#1421 = CARTESIAN_POINT ( 'NONE',  ( 1.012499999999999956, 0.6875000000000001110, 0.2500000000000000000 ) ) ;
#1422 = EDGE_CURVE ( 'NONE', #1916, #76, #427, .T. ) ;
#1423 = DIRECTION ( 'NONE',  ( -0.000000000000000000, -0.000000000000000000, -1.000000000000000000 ) ) ;
#1424 = VERTEX_POINT ( 'NONE', #900 ) ;
#1425 = ORIENTED_EDGE ( 'NONE', *, *, #551, .F. ) ;
#1426 = VECTOR ( 'NONE', #1833, 39.37007874015748143 ) ;
#1427 = EDGE_CURVE ( 'NONE', #1484, #703, #632, .T. ) ;
#1428 = ORIENTED_EDGE ( 'NONE', *, *, #520, .T. ) ;
#1429 = DIRECTION ( 'NONE',  ( -1.000000000000000000, 0.000000000000000000, 0.000000000000000000 ) ) ;
#1430 = LINE ( 'NONE', #1094, #1678 ) ;
#1431 = EDGE_LOOP ( 'NONE', ( #885, #1649, #1950, #658 ) ) ;
#1432 = DIRECTION ( 'NONE',  ( -0.000000000000000000, -0.000000000000000000, -1.000000000000000000 ) ) ;
#1433 = PLANE ( 'NONE',  #848 ) ;
#1434 = ORIENTED_EDGE ( 'NONE', *, *, #690, .T. ) ;
#1435 = ORIENTED_EDGE ( 'NONE', *, *, #2087, .T. ) ;
#1436 = ORIENTED_EDGE ( 'NONE', *, *, #1936, .T. ) ;
#1437 = DIRECTION ( 'NONE',  ( -0.000000000000000000, -0.000000000000000000, 1.000000000000000000 ) ) ;
#1438 = CARTESIAN_POINT ( 'NONE',  ( 0.000000000000000000, 0.000000000000000000, -0.1500000000000000500 ) ) ;
#1439 = DIRECTION ( 'NONE',  ( 1.000000000000000000, 0.000000000000000000, 0.000000000000000000 ) ) ;
#1440 = ORIENTED_EDGE ( 'NONE', *, *, #532, .F. ) ;
#1441 =( CONVERSION_BASED_UNIT ( 'INCH', #562 ) LENGTH_UNIT ( ) NAMED_UNIT ( #559 ) );
#1442 = CARTESIAN_POINT ( 'NONE',  ( 1.499999999999999778, 0.2749999999999999112, -0.5500000000000000444 ) ) ;
#1443 = ORIENTED_EDGE ( 'NONE', *, *, #185, .T. ) ;
#1444 = DIRECTION ( 'NONE',  ( 1.000000000000000000, 0.000000000000000000, 0.000000000000000000 ) ) ;
#1445 = CYLINDRICAL_SURFACE ( 'NONE', #904, 0.1250000000000000278 ) ;
#1446 = CIRCLE ( 'NONE', #1408, 0.09374999999999991673 ) ;
#1447 = EDGE_CURVE ( 'NONE', #1339, #917, #2228, .T. ) ;
#1448 = AXIS2_PLACEMENT_3D ( 'NONE', #1736, #1353, #1890 ) ;
#1449 = VERTEX_POINT ( 'NONE', #1718 ) ;
#1450 = AXIS2_PLACEMENT_3D ( 'NONE', #656, #1202, #1012 ) ;
#1451 = DIRECTION ( 'NONE',  ( 0.000000000000000000, -1.000000000000000000, 0.000000000000000000 ) ) ;
#1452 = VECTOR ( 'NONE', #1200, 39.37007874015748143 ) ;
#1453 = ADVANCED_FACE ( 'NONE', ( #1517 ), #1892, .T. ) ;
#1454 = LINE ( 'NONE', #1481, #1165 ) ;
#1455 = CARTESIAN_POINT ( 'NONE',  ( 0.4049999999999999156, -0.5000000000000000000, 0.4200000000000000400 ) ) ;
#1456 = ORIENTED_EDGE ( 'NONE', *, *, #1231, .T. ) ;
#1457 =( NAMED_UNIT ( * ) SI_UNIT ( $, .STERADIAN. ) SOLID_ANGLE_UNIT ( ) );
#1458 = DIRECTION ( 'NONE',  ( 0.000000000000000000, 0.000000000000000000, -1.000000000000000000 ) ) ;
#1459 = ORIENTED_EDGE ( 'NONE', *, *, #871, .F. ) ;
#1460 = CARTESIAN_POINT ( 'NONE',  ( 0.4050000000000000266, 0.5624999999999998890, 0.3890000000000002900 ) ) ;
#1461 =( LENGTH_UNIT ( ) NAMED_UNIT ( * ) SI_UNIT ( $, .METRE. ) );
#1462 = EDGE_CURVE ( 'NONE', #849, #69, #2066, .T. ) ;
#1463 = ORIENTED_EDGE ( 'NONE', *, *, #410, .F. ) ;
#1464 = CYLINDRICAL_SURFACE ( 'NONE', #1909, 0.09374999999999991673 ) ;
#1465 = VECTOR ( 'NONE', #730, 39.37007874015748854 ) ;
#1466 = LINE ( 'NONE', #2033, #1788 ) ;
#1467 = FACE_OUTER_BOUND ( 'NONE', #2303, .T. ) ;
#1468 = ADVANCED_FACE ( 'NONE', ( #1006 ), #1182, .T. ) ;
#1469 = ORIENTED_EDGE ( 'NONE', *, *, #2243, .T. ) ;
#1470 = DIRECTION ( 'NONE',  ( -1.000000000000000000, 0.000000000000000000, 0.000000000000000000 ) ) ;
#1471 = DIRECTION ( 'NONE',  ( -1.000000000000000000, -1.460881280034365495E-16, 0.000000000000000000 ) ) ;
#1472 = DIRECTION ( 'NONE',  ( 1.000000000000000000, 1.775701195881770796E-15, 0.000000000000000000 ) ) ;
#1473 = EDGE_CURVE ( 'NONE', #1420, #664, #1881, .T. ) ;
#1474 = EDGE_LOOP ( 'NONE', ( #1061, #1290, #1505, #1030 ) ) ;
#1475 = DIRECTION ( 'NONE',  ( 0.7071067811865474617, 0.000000000000000000, 0.7071067811865474617 ) ) ;
#1476 = LINE ( 'NONE', #452, #350 ) ;
#1477 = EDGE_LOOP ( 'NONE', ( #1469, #1889, #691, #260 ) ) ;
#1478 = AXIS2_PLACEMENT_3D ( 'NONE', #1613, #1265, #1940 ) ;
#1479 = DIRECTION ( 'NONE',  ( -0.000000000000000000, -0.000000000000000000, -1.000000000000000000 ) ) ;
#1480 = EDGE_CURVE ( 'NONE', #203, #905, #1921, .T. ) ;
#1481 = CARTESIAN_POINT ( 'NONE',  ( 1.499999999999999778, -0.9999999999999996669, -0.5500000000000000444 ) ) ;
#1482 = CARTESIAN_POINT ( 'NONE',  ( -0.4049999999999999711, -0.5000000000000001110, 0.3890000000000002900 ) ) ;
#1483 = EDGE_CURVE ( 'NONE', #1160, #476, #281, .T. ) ;
#1484 = VERTEX_POINT ( 'NONE', #986 ) ;
#1485 = CARTESIAN_POINT ( 'NONE',  ( 1.012499999999999956, 0.7500000000000001110, -0.1500000000000000500 ) ) ;
#1486 = DIRECTION ( 'NONE',  ( -1.136298965582862781E-16, 0.7071067811865475727, 0.7071067811865475727 ) ) ;
#1487 = ORIENTED_EDGE ( 'NONE', *, *, #890, .T. ) ;
#1488 = CARTESIAN_POINT ( 'NONE',  ( 1.499999999999999556, -0.2750000000000000222, -0.1500000000000000500 ) ) ;
#1489 = FACE_OUTER_BOUND ( 'NONE', #514, .T. ) ;
#1490 = VECTOR ( 'NONE', #2121, 39.37007874015748143 ) ;
#1491 = VERTEX_POINT ( 'NONE', #620 ) ;
#1492 = DIRECTION ( 'NONE',  ( -1.000000000000000000, 0.000000000000000000, 0.000000000000000000 ) ) ;
#1493 = AXIS2_PLACEMENT_3D ( 'NONE', #135, #267, #629 ) ;
#1494 = DIRECTION ( 'NONE',  ( -0.000000000000000000, -0.000000000000000000, -1.000000000000000000 ) ) ;
#1495 = LINE ( 'NONE', #1251, #816 ) ;
#1496 = VECTOR ( 'NONE', #1172, 39.37007874015748854 ) ;
#1497 = DIRECTION ( 'NONE',  ( 0.000000000000000000, 1.000000000000000000, 0.000000000000000000 ) ) ;
#1498 = AXIS2_PLACEMENT_3D ( 'NONE', #1922, #1544, #1358 ) ;
#1499 = CIRCLE ( 'NONE', #491, 0.03150000000000026390 ) ;
#1500 = ORIENTED_EDGE ( 'NONE', *, *, #2202, .F. ) ;
#1501 = LINE ( 'NONE', #1325, #187 ) ;
#1502 = ORIENTED_EDGE ( 'NONE', *, *, #14, .T. ) ;
#1503 = DIRECTION ( 'NONE',  ( -1.000000000000000000, 0.000000000000000000, 0.000000000000000000 ) ) ;
#1504 = CARTESIAN_POINT ( 'NONE',  ( 0.6749999999999997113, -0.6875000000000001110, -0.1500000000000000500 ) ) ;
#1505 = ORIENTED_EDGE ( 'NONE', *, *, #2176, .F. ) ;
#1506 = DIRECTION ( 'NONE',  ( 0.000000000000000000, 0.000000000000000000, 1.000000000000000000 ) ) ;
#1507 = DIRECTION ( 'NONE',  ( 1.000000000000000000, 1.460881280034365495E-16, 0.000000000000000000 ) ) ;
#1508 = ORIENTED_EDGE ( 'NONE', *, *, #1132, .F. ) ;
#1509 = LINE ( 'NONE', #599, #1264 ) ;
#1510 = ORIENTED_EDGE ( 'NONE', *, *, #1857, .F. ) ;
#1511 = DIRECTION ( 'NONE',  ( 1.000000000000000000, 9.106159978880878627E-17, 0.000000000000000000 ) ) ;
#1512 = CIRCLE ( 'NONE', #1863, 0.06249999999999995143 ) ;
#1513 = DIRECTION ( 'NONE',  ( 1.000000000000000000, 0.000000000000000000, 0.000000000000000000 ) ) ;
#1514 = ORIENTED_EDGE ( 'NONE', *, *, #759, .F. ) ;
#1515 = ORIENTED_EDGE ( 'NONE', *, *, #46, .T. ) ;
#1516 = DIRECTION ( 'NONE',  ( 0.000000000000000000, -1.000000000000000000, 0.000000000000000000 ) ) ;
#1517 = FACE_OUTER_BOUND ( 'NONE', #1841, .T. ) ;
#1518 = CIRCLE ( 'NONE', #1634, 0.06250000000000001388 ) ;
#1519 = EDGE_LOOP ( 'NONE', ( #1073, #1691, #1186, #1827 ) ) ;
#1520 = EDGE_CURVE ( 'NONE', #437, #1944, #118, .T. ) ;
#1521 = DIRECTION ( 'NONE',  ( 0.000000000000000000, -0.000000000000000000, 1.000000000000000000 ) ) ;
#1522 = VERTEX_POINT ( 'NONE', #1738 ) ;
#1523 = ADVANCED_FACE ( 'NONE', ( #270 ), #815, .T. ) ;
#1524 = FACE_OUTER_BOUND ( 'NONE', #1865, .T. ) ;
#1525 = CARTESIAN_POINT ( 'NONE',  ( -0.9500000000000003997, 0.3749999999999997780, 0.1250000000000000000 ) ) ;
#1526 = ORIENTED_EDGE ( 'NONE', *, *, #2206, .F. ) ;
#1527 = EDGE_CURVE ( 'NONE', #300, #2235, #479, .T. ) ;
#1528 = CARTESIAN_POINT ( 'NONE',  ( 1.012499999999999956, -0.7500000000000001110, 0.2189999999999996949 ) ) ;
#1529 = CARTESIAN_POINT ( 'NONE',  ( 0.6749999999999997113, -0.7500000000000001110, 0.2189999999999996949 ) ) ;
#1530 = VECTOR ( 'NONE', #196, 39.37007874015748143 ) ;
#1531 = EDGE_CURVE ( 'NONE', #2203, #1697, #994, .T. ) ;
#1532 = EDGE_CURVE ( 'NONE', #103, #1206, #2165, .T. ) ;
#1533 = VECTOR ( 'NONE', #38, 39.37007874015748143 ) ;
#1534 = CONICAL_SURFACE ( 'NONE', #1987, 0.03150000000000026390, 0.7853981633974479459 ) ;
#1535 = ORIENTED_EDGE ( 'NONE', *, *, #1316, .T. ) ;
#1536 = PLANE ( 'NONE',  #1450 ) ;
#1537 = ORIENTED_EDGE ( 'NONE', *, *, #2201, .F. ) ;
#1538 = ADVANCED_FACE ( 'NONE', ( #1552 ), #1541, .T. ) ;
#1539 = DIRECTION ( 'NONE',  ( 0.000000000000000000, 1.000000000000000000, 0.000000000000000000 ) ) ;
#1540 = EDGE_CURVE ( 'NONE', #271, #1420, #1189, .T. ) ;
#1541 = PLANE ( 'NONE',  #157 ) ;
#1542 = EDGE_CURVE ( 'NONE', #2235, #655, #2128, .T. ) ;
#1543 = ORIENTED_EDGE ( 'NONE', *, *, #1314, .F. ) ;
#1544 = DIRECTION ( 'NONE',  ( -0.000000000000000000, -0.000000000000000000, 1.000000000000000000 ) ) ;
#1545 = ADVANCED_FACE ( 'NONE', ( #1332 ), #696, .T. ) ;
#1546 = ORIENTED_EDGE ( 'NONE', *, *, #1007, .F. ) ;
#1547 = DIRECTION ( 'NONE',  ( 0.000000000000000000, 0.000000000000000000, -1.000000000000000000 ) ) ;
#1548 = VECTOR ( 'NONE', #1839, 39.37007874015748854 ) ;
#1549 = LINE ( 'NONE', #1725, #922 ) ;
#1550 = CARTESIAN_POINT ( 'NONE',  ( 1.074999999999999956, -0.6875000000000001110, 0.2189999999999996949 ) ) ;
#1551 = CARTESIAN_POINT ( 'NONE',  ( 1.074999999999999956, 0.6875000000000001110, 0.2189999999999996949 ) ) ;
#1552 = FACE_OUTER_BOUND ( 'NONE', #1360, .T. ) ;
#1553 = EDGE_CURVE ( 'NONE', #1275, #1782, #1930, .T. ) ;
#1554 = VERTEX_POINT ( 'NONE', #345 ) ;
#1555 = CARTESIAN_POINT ( 'NONE',  ( -0.4049999999999999711, -0.5624999999999997780, 0.2500000000000000000 ) ) ;
#1556 = CARTESIAN_POINT ( 'NONE',  ( -0.4049999999999999711, -0.4999999999999997780, 0.3890000000000002900 ) ) ;
#1557 = ORIENTED_EDGE ( 'NONE', *, *, #630, .F. ) ;
#1558 = CARTESIAN_POINT ( 'NONE',  ( -0.4049999999999999711, -0.5000000000000001110, 0.4200000000000000400 ) ) ;
#1559 = CARTESIAN_POINT ( 'NONE',  ( -1.125000000000000444, 0.1499999999999996059, -0.5500000000000000444 ) ) ;
#1560 = ORIENTED_EDGE ( 'NONE', *, *, #929, .F. ) ;
#1561 = DIRECTION ( 'NONE',  ( 1.000000000000000000, 2.048885995248197660E-16, 0.000000000000000000 ) ) ;
#1562 = AXIS2_PLACEMENT_3D ( 'NONE', #1389, #2108, #1217 ) ;
#1563 = VECTOR ( 'NONE', #1111, 39.37007874015748143 ) ;
#1564 = ORIENTED_EDGE ( 'NONE', *, *, #1447, .F. ) ;
#1565 = CARTESIAN_POINT ( 'NONE',  ( 0.4049999999999999711, 0.4684999999999995279, 0.4200000000000000400 ) ) ;
#1566 = CIRCLE ( 'NONE', #2163, 0.06249999999999995143 ) ;
#1567 = VECTOR ( 'NONE', #782, 39.37007874015748143 ) ;
#1568 = AXIS2_PLACEMENT_3D ( 'NONE', #1858, #1148, #592 ) ;
#1569 = CARTESIAN_POINT ( 'NONE',  ( -1.500000000000000444, 0.2749999999999995781, 0.2500000000000000000 ) ) ;
#1570 =( CONVERSION_BASED_UNIT ( 'INCH', #1001 ) LENGTH_UNIT ( ) NAMED_UNIT ( #734 ) );
#1571 = VERTEX_POINT ( 'NONE', #2290 ) ;
#1572 = VERTEX_POINT ( 'NONE', #1239 ) ;
#1573 = DIRECTION ( 'NONE',  ( -1.000000000000000000, 1.460881280034365495E-16, 0.000000000000000000 ) ) ;
#1574 = CARTESIAN_POINT ( 'NONE',  ( 0.4365000000000002212, -0.4999999999999999445, 0.4200000000000000400 ) ) ;
#1575 = ORIENTED_EDGE ( 'NONE', *, *, #529, .T. ) ;
#1576 = CARTESIAN_POINT ( 'NONE',  ( 0.7999999999999998224, -0.2750000000000001332, -0.1500000000000000500 ) ) ;
#1577 = CARTESIAN_POINT ( 'NONE',  ( -0.9500000000000002887, -0.3750000000000001110, 0.1250000000000000000 ) ) ;
#1578 = CARTESIAN_POINT ( 'NONE',  ( -0.4049999999999999711, -0.5000000000000001110, 0.4200000000000000400 ) ) ;
#1579 = EDGE_CURVE ( 'NONE', #1197, #1173, #1802, .T. ) ;
#1580 = LINE ( 'NONE', #1933, #1224 ) ;
#1581 = ORIENTED_EDGE ( 'NONE', *, *, #282, .T. ) ;
#1582 = VERTEX_POINT ( 'NONE', #543 ) ;
#1583 = FACE_OUTER_BOUND ( 'NONE', #1048, .T. ) ;
#1584 = CARTESIAN_POINT ( 'NONE',  ( 1.969031976971855968E-17, -0.4684999999999997500, 0.4200000000000000400 ) ) ;
#1585 = ORIENTED_EDGE ( 'NONE', *, *, #282, .F. ) ;
#1586 = VECTOR ( 'NONE', #1352, 39.37007874015748143 ) ;
#1587 = LINE ( 'NONE', #1, #1490 ) ;
#1588 = PLANE ( 'NONE',  #1960 ) ;
#1589 = ADVANCED_FACE ( 'NONE', ( #1954 ), #1403, .T. ) ;
#1590 = ORIENTED_EDGE ( 'NONE', *, *, #2176, .T. ) ;
#1591 = FACE_OUTER_BOUND ( 'NONE', #1085, .T. ) ;
#1592 = LINE ( 'NONE', #1569, #1984 ) ;
#1593 = EDGE_LOOP ( 'NONE', ( #1575, #218, #2020, #1877, #650, #1977 ) ) ;
#1594 = VERTEX_POINT ( 'NONE', #875 ) ;
#1595 = CARTESIAN_POINT ( 'NONE',  ( 0.4050000000000000266, 0.5315000000000001945, 0.4200000000000000400 ) ) ;
#1596 = VERTEX_POINT ( 'NONE', #1068 ) ;
#1597 = CARTESIAN_POINT ( 'NONE',  ( 0.6749999999999997113, -0.4375000000000000000, 0.1250000000000000000 ) ) ;
#1598 = LINE ( 'NONE', #855, #80 ) ;
#1599 = CIRCLE ( 'NONE', #1603, 0.06249999999999995143 ) ;
#1600 = CARTESIAN_POINT ( 'NONE',  ( 0.4050000000000000266, 0.5624999999999998890, 0.4200000000000000400 ) ) ;
#1601 = CARTESIAN_POINT ( 'NONE',  ( 1.074999999999999956, 0.2750000000000001332, -0.1500000000000000500 ) ) ;
#1602 = ADVANCED_FACE ( 'NONE', ( #1978 ), #100, .F. ) ;
#1603 = AXIS2_PLACEMENT_3D ( 'NONE', #534, #1219, #719 ) ;
#1604 = CARTESIAN_POINT ( 'NONE',  ( 1.012499999999999956, 0.7810000000000003606, 0.2500000000000000000 ) ) ;
#1605 = VERTEX_POINT ( 'NONE', #1597 ) ;
#1606 = CIRCLE ( 'NONE', #1727, 0.06250000000000001388 ) ;
#1607 = ORIENTED_EDGE ( 'NONE', *, *, #190, .F. ) ;
#1608 = VECTOR ( 'NONE', #1363, 39.37007874015748143 ) ;
#1609 = VECTOR ( 'NONE', #74, 39.37007874015748143 ) ;
#1610 = LINE ( 'NONE', #2144, #1120 ) ;
#1611 = ORIENTED_EDGE ( 'NONE', *, *, #837, .T. ) ;
#1612 = PLANE ( 'NONE',  #1696 ) ;
#1613 = CARTESIAN_POINT ( 'NONE',  ( 0.7374999999999997113, -0.6875000000000001110, -0.1500000000000000500 ) ) ;
#1614 = ORIENTED_EDGE ( 'NONE', *, *, #647, .F. ) ;
#1615 = DIRECTION ( 'NONE',  ( -0.7071067811865475727, 0.000000000000000000, 0.7071067811865475727 ) ) ;
#1616 = CARTESIAN_POINT ( 'NONE',  ( -1.500000000000000444, 1.000000000000000000, -0.5500000000000000444 ) ) ;
#1617 = CIRCLE ( 'NONE', #2130, 0.06250000000000001388 ) ;
#1618 = ORIENTED_EDGE ( 'NONE', *, *, #856, .F. ) ;
#1619 = CARTESIAN_POINT ( 'NONE',  ( -0.4050000000000000266, 0.4999999999999997780, 0.2500000000000000000 ) ) ;
#1620 = AXIS2_PLACEMENT_3D ( 'NONE', #188, #892, #27 ) ;
#1621 = ORIENTED_EDGE ( 'NONE', *, *, #1147, .F. ) ;
#1622 = CARTESIAN_POINT ( 'NONE',  ( 1.499999999999999778, -0.2750000000000000777, -0.5500000000000000444 ) ) ;
#1623 = LINE ( 'NONE', #382, #1064 ) ;
#1624 = DIRECTION ( 'NONE',  ( 0.000000000000000000, 1.000000000000000000, 0.000000000000000000 ) ) ;
#1625 = CARTESIAN_POINT ( 'NONE',  ( 0.7374999999999997113, -0.6875000000000001110, 0.2189999999999996949 ) ) ;
#1626 = ORIENTED_EDGE ( 'NONE', *, *, #1473, .T. ) ;
#1627 = LINE ( 'NONE', #746, #1235 ) ;
#1628 = DIRECTION ( 'NONE',  ( -1.000000000000000000, 1.606969408037801748E-16, 0.000000000000000000 ) ) ;
#1629 = ADVANCED_FACE ( 'NONE', ( #706 ), #1612, .F. ) ;
#1630 = CARTESIAN_POINT ( 'NONE',  ( -0.8875000000000003997, 0.4374999999999997780, 0.1250000000000000000 ) ) ;
#1631 = EDGE_LOOP ( 'NONE', ( #1301, #1440, #1886, #454 ) ) ;
#1632 = EDGE_LOOP ( 'NONE', ( #1215, #7, #1537, #545 ) ) ;
#1633 = DIRECTION ( 'NONE',  ( -0.000000000000000000, -0.000000000000000000, -1.000000000000000000 ) ) ;
#1634 = AXIS2_PLACEMENT_3D ( 'NONE', #876, #535, #443 ) ;
#1635 = EDGE_CURVE ( 'NONE', #258, #1261, #1770, .T. ) ;
#1636 = ORIENTED_EDGE ( 'NONE', *, *, #608, .T. ) ;
#1637 = LINE ( 'NONE', #1805, #1530 ) ;
#1638 = DIRECTION ( 'NONE',  ( -0.000000000000000000, 1.000000000000000000, -0.000000000000000000 ) ) ;
#1639 = DIRECTION ( 'NONE',  ( 0.000000000000000000, 0.000000000000000000, 1.000000000000000000 ) ) ;
#1640 = FACE_OUTER_BOUND ( 'NONE', #2120, .T. ) ;
#1641 = VERTEX_POINT ( 'NONE', #684 ) ;
#1642 = DIRECTION ( 'NONE',  ( -0.000000000000000000, -0.000000000000000000, 1.000000000000000000 ) ) ;
#1643 = LINE ( 'NONE', #51, #19 ) ;
#1644 = VERTEX_POINT ( 'NONE', #1967 ) ;
#1645 = CARTESIAN_POINT ( 'NONE',  ( 1.499999999999999556, -0.2750000000000000222, 0.2189999999999996949 ) ) ;
#1646 = AXIS2_PLACEMENT_3D ( 'NONE', #1559, #681, #152 ) ;
#1647 = CARTESIAN_POINT ( 'NONE',  ( 0.000000000000000000, 0.000000000000000000, -0.1500000000000000500 ) ) ;
#1648 = VECTOR ( 'NONE', #2272, 39.37007874015748143 ) ;
#1649 = ORIENTED_EDGE ( 'NONE', *, *, #2213, .F. ) ;
#1650 = EDGE_CURVE ( 'NONE', #1390, #1582, #1418, .T. ) ;
#1651 = CIRCLE ( 'NONE', #2026, 0.1249999999999999029 ) ;
#1652 = DIRECTION ( 'NONE',  ( 0.000000000000000000, 0.7071067811865474617, 0.7071067811865474617 ) ) ;
#1653 = AXIS2_PLACEMENT_3D ( 'NONE', #2205, #2220, #1685 ) ;
#1654 = DIRECTION ( 'NONE',  ( -1.000000000000000000, 1.460881280034365495E-16, 0.000000000000000000 ) ) ;
#1655 = FACE_OUTER_BOUND ( 'NONE', #692, .T. ) ;
#1656 = ORIENTED_EDGE ( 'NONE', *, *, #1316, .F. ) ;
#1657 = DIRECTION ( 'NONE',  ( 1.000000000000000000, 0.000000000000000000, 0.000000000000000000 ) ) ;
#1658 = CARTESIAN_POINT ( 'NONE',  ( 0.6749999999999997113, 0.6875000000000001110, 0.2500000000000000000 ) ) ;
#1659 = EDGE_LOOP ( 'NONE', ( #2239, #424, #340, #1330 ) ) ;
#1660 = EDGE_CURVE ( 'NONE', #575, #373, #1499, .T. ) ;
#1661 = FACE_OUTER_BOUND ( 'NONE', #2067, .T. ) ;
#1662 = DIRECTION ( 'NONE',  ( -1.000000000000000000, 0.000000000000000000, 0.000000000000000000 ) ) ;
#1663 = LINE ( 'NONE', #1504, #2187 ) ;
#1664 = EDGE_CURVE ( 'NONE', #2011, #1572, #164, .T. ) ;
#1665 = AXIS2_PLACEMENT_3D ( 'NONE', #1578, #1945, #326 ) ;
#1666 = ORIENTED_EDGE ( 'NONE', *, *, #1181, .T. ) ;
#1667 = CARTESIAN_POINT ( 'NONE',  ( -1.249999999999999778, -0.5000000000000001110, -0.5500000000000000444 ) ) ;
#1668 = CARTESIAN_POINT ( 'NONE',  ( -1.249999999999999778, 0.4999999999999998335, 0.2500000000000000000 ) ) ;
#1669 = DIRECTION ( 'NONE',  ( 0.000000000000000000, 0.000000000000000000, -1.000000000000000000 ) ) ;
#1670 = CARTESIAN_POINT ( 'NONE',  ( -1.500000000000000444, 0.2749999999999995781, -0.5500000000000000444 ) ) ;
#1671 = ORIENTED_EDGE ( 'NONE', *, *, #79, .F. ) ;
#1672 = SURFACE_STYLE_USAGE ( .BOTH. , #927 ) ;
#1673 = CARTESIAN_POINT ( 'NONE',  ( -0.4049999999999999711, -0.4375000000000000555, 0.2500000000000000000 ) ) ;
#1674 = ORIENTED_EDGE ( 'NONE', *, *, #1103, .F. ) ;
#1675 = DIRECTION ( 'NONE',  ( -1.000000000000000000, 0.000000000000000000, 0.000000000000000000 ) ) ;
#1676 = DIRECTION ( 'NONE',  ( 0.000000000000000000, -0.7071067811865474617, -0.7071067811865474617 ) ) ;
#1677 = ORIENTED_EDGE ( 'NONE', *, *, #1531, .T. ) ;
#1678 = VECTOR ( 'NONE', #2123, 39.37007874015748143 ) ;
#1679 = CARTESIAN_POINT ( 'NONE',  ( -0.4049999999999999711, -0.4375000000000000555, 0.3890000000000002900 ) ) ;
#1680 = FACE_OUTER_BOUND ( 'NONE', #1067, .T. ) ;
#1681 = DIRECTION ( 'NONE',  ( -1.000000000000000000, 0.000000000000000000, 0.000000000000000000 ) ) ;
#1682 = FACE_OUTER_BOUND ( 'NONE', #2039, .T. ) ;
#1683 = EDGE_CURVE ( 'NONE', #2164, #974, #1599, .T. ) ;
#1684 = ORIENTED_EDGE ( 'NONE', *, *, #854, .F. ) ;
#1685 = DIRECTION ( 'NONE',  ( 0.000000000000000000, 0.000000000000000000, 1.000000000000000000 ) ) ;
#1686 = ORIENTED_EDGE ( 'NONE', *, *, #814, .T. ) ;
#1687 = DIRECTION ( 'NONE',  ( 0.000000000000000000, -1.000000000000000000, -0.000000000000000000 ) ) ;
#1688 = ADVANCED_FACE ( 'NONE', ( #1383 ), #24, .F. ) ;
#1689 = DIRECTION ( 'NONE',  ( 0.000000000000000000, 0.000000000000000000, 1.000000000000000000 ) ) ;
#1690 = VECTOR ( 'NONE', #1652, 39.37007874015748854 ) ;
#1691 = ORIENTED_EDGE ( 'NONE', *, *, #2073, .T. ) ;
#1692 = VECTOR ( 'NONE', #1776, 39.37007874015748854 ) ;
#1693 = LINE ( 'NONE', #792, #1734 ) ;
#1694 = CONICAL_SURFACE ( 'NONE', #1226, 0.03150000000000026390, 0.7853981633974479459 ) ;
#1695 = CARTESIAN_POINT ( 'NONE',  ( 1.499999999999999778, 0.2749999999999999112, -0.5500000000000000444 ) ) ;
#1696 = AXIS2_PLACEMENT_3D ( 'NONE', #1747, #853, #1561 ) ;
#1697 = VERTEX_POINT ( 'NONE', #509 ) ;
#1698 = CARTESIAN_POINT ( 'NONE',  ( 0.4675000000000000266, -0.4999999999999999445, 0.3890000000000002900 ) ) ;
#1699 = ORIENTED_EDGE ( 'NONE', *, *, #1473, .F. ) ;
#1700 = CARTESIAN_POINT ( 'NONE',  ( -0.4049999999999999711, 0.4999999999999997780, 0.4200000000000000400 ) ) ;
#1701 = LINE ( 'NONE', #1303, #577 ) ;
#1702 = VERTEX_POINT ( 'NONE', #1939 ) ;
#1703 = DIRECTION ( 'NONE',  ( 1.000000000000000000, 0.000000000000000000, -0.000000000000000000 ) ) ;
#1704 = EDGE_CURVE ( 'NONE', #1281, #253, #1158, .T. ) ;
#1705 = CARTESIAN_POINT ( 'NONE',  ( 1.012499999999999956, -0.7500000000000001110, -0.1500000000000000500 ) ) ;
#1706 = EDGE_CURVE ( 'NONE', #293, #321, #1587, .T. ) ;
#1707 = ORIENTED_EDGE ( 'NONE', *, *, #1274, .T. ) ;
#1708 = VECTOR ( 'NONE', #1932, 39.37007874015748143 ) ;
#1709 = CARTESIAN_POINT ( 'NONE',  ( 0.7999999999999998224, -0.2750000000000001332, -0.1500000000000000500 ) ) ;
#1710 = VECTOR ( 'NONE', #1654, 39.37007874015748143 ) ;
#1711 = ORIENTED_EDGE ( 'NONE', *, *, #303, .F. ) ;
#1712 = ADVANCED_FACE ( 'NONE', ( #521 ), #1228, .T. ) ;
#1713 = CARTESIAN_POINT ( 'NONE',  ( 0.7999999999999998224, -0.2750000000000001332, -0.5500000000000000444 ) ) ;
#1714 = AXIS2_PLACEMENT_3D ( 'NONE', #375, #1972, #1471 ) ;
#1715 = EDGE_LOOP ( 'NONE', ( #931, #2132, #1155, #1510 ) ) ;
#1716 = EDGE_CURVE ( 'NONE', #859, #682, #219, .T. ) ;
#1717 = CARTESIAN_POINT ( 'NONE',  ( 0.6749999999999997113, -0.6875000000000001110, 0.2189999999999996949 ) ) ;
#1718 = CARTESIAN_POINT ( 'NONE',  ( 0.6439999999999994618, -0.6875000000000001110, 0.2500000000000000000 ) ) ;
#1719 = ORIENTED_EDGE ( 'NONE', *, *, #943, .T. ) ;
#1720 = DIRECTION ( 'NONE',  ( 0.000000000000000000, 0.000000000000000000, 1.000000000000000000 ) ) ;
#1721 = EDGE_CURVE ( 'NONE', #1424, #917, #591, .T. ) ;
#1722 = ADVANCED_FACE ( 'NONE', ( #1842 ), #1464, .F. ) ;
#1723 = ORIENTED_EDGE ( 'NONE', *, *, #2087, .F. ) ;
#1724 = CARTESIAN_POINT ( 'NONE',  ( 0.6749999999999997113, -0.4375000000000000000, 0.1250000000000000000 ) ) ;
#1725 = CARTESIAN_POINT ( 'NONE',  ( 1.499999999999999778, -0.9999999999999996669, -0.5500000000000000444 ) ) ;
#1726 = DIRECTION ( 'NONE',  ( -0.000000000000000000, 1.000000000000000000, -0.000000000000000000 ) ) ;
#1727 = AXIS2_PLACEMENT_3D ( 'NONE', #1556, #141, #169 ) ;
#1728 = VECTOR ( 'NONE', #536, 39.37007874015748143 ) ;
#1729 = AXIS2_PLACEMENT_3D ( 'NONE', #642, #492, #444 ) ;
#1730 = AXIS2_PLACEMENT_3D ( 'NONE', #2208, #1153, #440 ) ;
#1731 = ORIENTED_EDGE ( 'NONE', *, *, #2186, .F. ) ;
#1732 = PLANE ( 'NONE',  #1037 ) ;
#1733 = EDGE_LOOP ( 'NONE', ( #1753, #1035, #628, #1514, #2076 ) ) ;
#1734 = VECTOR ( 'NONE', #1506, 39.37007874015748143 ) ;
#1735 = ADVANCED_FACE ( 'NONE', ( #1817 ), #2016, .F. ) ;
#1736 = CARTESIAN_POINT ( 'NONE',  ( -1.500000000000000444, -1.000000000000000222, -0.5500000000000000444 ) ) ;
#1737 = EDGE_CURVE ( 'NONE', #242, #1281, #963, .T. ) ;
#1738 = CARTESIAN_POINT ( 'NONE',  ( 1.074999999999999956, 0.2750000000000001332, -0.1500000000000000500 ) ) ;
#1739 = EDGE_LOOP ( 'NONE', ( #1126, #1918, #564, #255 ) ) ;
#1740 = FACE_OUTER_BOUND ( 'NONE', #991, .T. ) ;
#1741 = ORIENTED_EDGE ( 'NONE', *, *, #1861, .F. ) ;
#1742 = VECTOR ( 'NONE', #920, 39.37007874015748143 ) ;
#1743 = DIRECTION ( 'NONE',  ( 0.000000000000000000, 0.000000000000000000, -1.000000000000000000 ) ) ;
#1744 = DIRECTION ( 'NONE',  ( 0.000000000000000000, 0.000000000000000000, -1.000000000000000000 ) ) ;
#1745 = CARTESIAN_POINT ( 'NONE',  ( 0.6749999999999997113, 0.1500000000000001887, -0.5500000000000000444 ) ) ;
#1746 = EDGE_LOOP ( 'NONE', ( #1402, #2106, #1003, #1326, #971, #771, #1787 ) ) ;
#1747 = CARTESIAN_POINT ( 'NONE',  ( -1.000000000000000444, -0.2750000000000000777, -0.5500000000000000444 ) ) ;
#1748 = VECTOR ( 'NONE', #2157, 39.37007874015748143 ) ;
#1749 = ORIENTED_EDGE ( 'NONE', *, *, #1737, .F. ) ;
#1750 = CARTESIAN_POINT ( 'NONE',  ( 0.4049999999999999711, -0.4999999999999999445, 0.4200000000000000400 ) ) ;
#1751 = FACE_OUTER_BOUND ( 'NONE', #65, .T. ) ;
#1752 = ORIENTED_EDGE ( 'NONE', *, *, #1278, .T. ) ;
#1753 = ORIENTED_EDGE ( 'NONE', *, *, #1115, .T. ) ;
#1754 = CARTESIAN_POINT ( 'NONE',  ( -0.4675000000000000822, 0.4999999999999997780, 0.3890000000000002900 ) ) ;
#1755 = CARTESIAN_POINT ( 'NONE',  ( 0.4049999999999999156, -0.4684999999999997500, 0.4200000000000000400 ) ) ;
#1756 = VERTEX_POINT ( 'NONE', #937 ) ;
#1757 = DIRECTION ( 'NONE',  ( -0.000000000000000000, -0.000000000000000000, 1.000000000000000000 ) ) ;
#1758 = AXIS2_PLACEMENT_3D ( 'NONE', #2302, #343, #1247 ) ;
#1759 = AXIS2_PLACEMENT_3D ( 'NONE', #277, #617, #1350 ) ;
#1760 = ORIENTED_EDGE ( 'NONE', *, *, #71, .T. ) ;
#1761 = DIRECTION ( 'NONE',  ( -0.000000000000000000, -0.000000000000000000, 1.000000000000000000 ) ) ;
#1762 = DIRECTION ( 'NONE',  ( -0.000000000000000000, -0.000000000000000000, 1.000000000000000000 ) ) ;
#1763 = ORIENTED_EDGE ( 'NONE', *, *, #1009, .F. ) ;
#1764 = ORIENTED_EDGE ( 'NONE', *, *, #1540, .T. ) ;
#1765 = VECTOR ( 'NONE', #1475, 39.37007874015748854 ) ;
#1766 = CARTESIAN_POINT ( 'NONE',  ( -0.4049999999999999711, -0.4375000000000000555, 0.1250000000000000000 ) ) ;
#1767 = DIRECTION ( 'NONE',  ( 0.000000000000000000, 0.000000000000000000, 1.000000000000000000 ) ) ;
#1768 = ORIENTED_EDGE ( 'NONE', *, *, #46, .F. ) ;
#1769 = LINE ( 'NONE', #2249, #251 ) ;
#1770 = LINE ( 'NONE', #1576, #189 ) ;
#1771 = EDGE_CURVE ( 'NONE', #242, #380, #1992, .T. ) ;
#1772 = CARTESIAN_POINT ( 'NONE',  ( 0.7374999999999997113, -0.6875000000000001110, -0.1500000000000000500 ) ) ;
#1773 = EDGE_CURVE ( 'NONE', #432, #621, #207, .T. ) ;
#1774 = ORIENTED_EDGE ( 'NONE', *, *, #2300, .F. ) ;
#1775 = CARTESIAN_POINT ( 'NONE',  ( -0.8875000000000002887, -0.3750000000000000555, 0.1250000000000000000 ) ) ;
#1776 = DIRECTION ( 'NONE',  ( 0.000000000000000000, 0.7071067811865474617, 0.7071067811865474617 ) ) ;
#1777 = EDGE_CURVE ( 'NONE', #1424, #1152, #43, .T. ) ;
#1778 = ORIENTED_EDGE ( 'NONE', *, *, #811, .F. ) ;
#1779 = ORIENTED_EDGE ( 'NONE', *, *, #185, .F. ) ;
#1780 = PRODUCT_DEFINITION_CONTEXT ( 'detailed design', #305, 'design' ) ;
#1781 = FACE_OUTER_BOUND ( 'NONE', #967, .T. ) ;
#1782 = VERTEX_POINT ( 'NONE', #2215 ) ;
#1783 = ADVANCED_FACE ( 'NONE', ( #406 ), #425, .T. ) ;
#1784 = DIRECTION ( 'NONE',  ( 0.000000000000000000, 0.000000000000000000, -1.000000000000000000 ) ) ;
#1785 = LINE ( 'NONE', #177, #323 ) ;
#1786 = EDGE_CURVE ( 'NONE', #705, #960, #1137, .T. ) ;
#1787 = ORIENTED_EDGE ( 'NONE', *, *, #482, .T. ) ;
#1788 = VECTOR ( 'NONE', #938, 39.37007874015748143 ) ;
#1789 = CARTESIAN_POINT ( 'NONE',  ( -0.4365000000000003322, 0.4999999999999997780, 0.4200000000000000400 ) ) ;
#1790 = ORIENTED_EDGE ( 'NONE', *, *, #1171, .T. ) ;
#1791 = ORIENTED_EDGE ( 'NONE', *, *, #279, .F. ) ;
#1792 = EDGE_CURVE ( 'NONE', #1390, #2178, #1446, .T. ) ;
#1793 = ORIENTED_EDGE ( 'NONE', *, *, #2083, .T. ) ;
#1794 = DIRECTION ( 'NONE',  ( -1.000000000000000000, 0.000000000000000000, 0.000000000000000000 ) ) ;
#1795 = DIRECTION ( 'NONE',  ( -0.000000000000000000, -0.000000000000000000, 1.000000000000000000 ) ) ;
#1796 = AXIS2_PLACEMENT_3D ( 'NONE', #693, #490, #1573 ) ;
#1797 = LINE ( 'NONE', #2294, #1708 ) ;
#1798 = AXIS2_PLACEMENT_3D ( 'NONE', #1005, #2098, #661 ) ;
#1799 = CARTESIAN_POINT ( 'NONE',  ( 0.6439999999999994618, -0.6875000000000001110, 0.2500000000000000000 ) ) ;
#1800 = AXIS2_PLACEMENT_3D ( 'NONE', #66, #761, #1444 ) ;
#1801 = VERTEX_POINT ( 'NONE', #248 ) ;
#1802 = CIRCLE ( 'NONE', #1083, 0.03150000000000026390 ) ;
#1803 = VERTEX_POINT ( 'NONE', #1679 ) ;
#1804 = EDGE_LOOP ( 'NONE', ( #480, #211 ) ) ;
#1805 = CARTESIAN_POINT ( 'NONE',  ( 1.499999999999999778, 1.000000000000000222, 0.2500000000000000000 ) ) ;
#1806 = CARTESIAN_POINT ( 'NONE',  ( 0.6749999999999997113, -0.2750000000000001332, -0.5500000000000000444 ) ) ;
#1807 = CARTESIAN_POINT ( 'NONE',  ( 1.106000000000000094, -0.6875000000000000000, 0.2500000000000000000 ) ) ;
#1808 = EDGE_CURVE ( 'NONE', #905, #379, #365, .T. ) ;
#1809 = DIRECTION ( 'NONE',  ( 1.821231995776175479E-16, -1.000000000000000000, 0.000000000000000000 ) ) ;
#1810 = ORIENTED_EDGE ( 'NONE', *, *, #1427, .T. ) ;
#1811 = PRESENTATION_STYLE_ASSIGNMENT (( #1672 ) ) ;
#1812 = CARTESIAN_POINT ( 'NONE',  ( 0.4049999999999998046, 0.5624999999999998890, 0.3890000000000002900 ) ) ;
#1813 = AXIS2_PLACEMENT_3D ( 'NONE', #1127, #2160, #1470 ) ;
#1814 = EDGE_LOOP ( 'NONE', ( #1590, #725, #1218, #833 ) ) ;
#1815 = ORIENTED_EDGE ( 'NONE', *, *, #1365, .F. ) ;
#1816 = ORIENTED_EDGE ( 'NONE', *, *, #1948, .F. ) ;
#1817 = FACE_OUTER_BOUND ( 'NONE', #393, .T. ) ;
#1818 = LINE ( 'NONE', #2017, #1742 ) ;
#1819 = AXIS2_PLACEMENT_3D ( 'NONE', #1289, #97, #1513 ) ;
#1820 = DIRECTION ( 'NONE',  ( 1.000000000000000000, 1.821231995776175479E-16, 0.000000000000000000 ) ) ;
#1821 = VERTEX_POINT ( 'NONE', #909 ) ;
#1822 = SURFACE_STYLE_FILL_AREA ( #1268 ) ;
#1823 = DIRECTION ( 'NONE',  ( 9.106159978880877395E-17, -1.000000000000000000, 0.000000000000000000 ) ) ;
#1824 = ORIENTED_EDGE ( 'NONE', *, *, #61, .F. ) ;
#1825 = DIRECTION ( 'NONE',  ( -0.7071067811865474617, 0.000000000000000000, 0.7071067811865474617 ) ) ;
#1826 = CYLINDRICAL_SURFACE ( 'NONE', #283, 0.06250000000000001388 ) ;
#1827 = ORIENTED_EDGE ( 'NONE', *, *, #1861, .T. ) ;
#1828 = DIRECTION ( 'NONE',  ( 0.000000000000000000, 0.000000000000000000, -1.000000000000000000 ) ) ;
#1829 = CARTESIAN_POINT ( 'NONE',  ( 0.000000000000000000, 0.000000000000000000, 0.4200000000000000400 ) ) ;
#1830 = PLANE ( 'NONE',  #887 ) ;
#1831 = EDGE_CURVE ( 'NONE', #1644, #1058, #1637, .T. ) ;
#1832 = VERTEX_POINT ( 'NONE', #1622 ) ;
#1833 = DIRECTION ( 'NONE',  ( -1.000000000000000000, 0.000000000000000000, 0.000000000000000000 ) ) ;
#1834 = LINE ( 'NONE', #2141, #2161 ) ;
#1835 = ADVANCED_FACE ( 'NONE', ( #728 ), #553, .T. ) ;
#1836 = VERTEX_POINT ( 'NONE', #568 ) ;
#1837 = DIRECTION ( 'NONE',  ( -0.000000000000000000, -0.000000000000000000, 1.000000000000000000 ) ) ;
#1838 = AXIS2_PLACEMENT_3D ( 'NONE', #1119, #2030, #1093 ) ;
#1839 = DIRECTION ( 'NONE',  ( 0.7071067811865474617, 0.000000000000000000, -0.7071067811865474617 ) ) ;
#1840 = AXIS2_PLACEMENT_3D ( 'NONE', #361, #586, #1072 ) ;
#1841 = EDGE_LOOP ( 'NONE', ( #914, #32, #84, #460 ) ) ;
#1842 = FACE_OUTER_BOUND ( 'NONE', #1315, .T. ) ;
#1843 = AXIS2_PLACEMENT_3D ( 'NONE', #1253, #755, #2035 ) ;
#1844 = LINE ( 'NONE', #910, #643 ) ;
#1845 = CARTESIAN_POINT ( 'NONE',  ( -0.4049999999999999711, 0.4999999999999997780, 0.4200000000000000400 ) ) ;
#1846 = ADVANCED_FACE ( 'NONE', ( #1276 ), #2002, .F. ) ;
#1847 = ORIENTED_EDGE ( 'NONE', *, *, #2195, .T. ) ;
#1848 = FILL_AREA_STYLE_COLOUR ( '', #275 ) ;
#1849 = AXIS2_PLACEMENT_3D ( 'NONE', #395, #60, #101 ) ;
#1850 = CYLINDRICAL_SURFACE ( 'NONE', #1000, 0.1249999999999999029 ) ;
#1851 = ORIENTED_EDGE ( 'NONE', *, *, #68, .F. ) ;
#1852 = CARTESIAN_POINT ( 'NONE',  ( -0.4675000000000000266, 0.4999999999999997780, 0.4200000000000000400 ) ) ;
#1853 = CARTESIAN_POINT ( 'NONE',  ( 0.4049999999999998046, 0.5624999999999998890, 0.2500000000000000000 ) ) ;
#1854 = PRESENTATION_LAYER_ASSIGNMENT (  '', '', ( #571 ) ) ;
#1855 = ORIENTED_EDGE ( 'NONE', *, *, #1185, .F. ) ;
#1856 = CARTESIAN_POINT ( 'NONE',  ( 1.012499999999999956, 0.7500000000000001110, 0.2189999999999996949 ) ) ;
#1857 = EDGE_CURVE ( 'NONE', #1908, #1058, #408, .T. ) ;
#1858 = CARTESIAN_POINT ( 'NONE',  ( -1.249999999999999778, 0.4999999999999998335, -0.5500000000000000444 ) ) ;
#1859 = DIRECTION ( 'NONE',  ( -0.000000000000000000, -0.000000000000000000, 1.000000000000000000 ) ) ;
#1860 = CARTESIAN_POINT ( 'NONE',  ( 1.074999999999999956, -0.3060000000000003828, 0.2500000000000000000 ) ) ;
#1861 = EDGE_CURVE ( 'NONE', #206, #2096, #2185, .T. ) ;
#1862 = ORIENTED_EDGE ( 'NONE', *, *, #698, .T. ) ;
#1863 = AXIS2_PLACEMENT_3D ( 'NONE', #264, #257, #627 ) ;
#1864 = CARTESIAN_POINT ( 'NONE',  ( -1.125000000000000444, -0.1500000000000001055, 0.2500000000000000000 ) ) ;
#1865 = EDGE_LOOP ( 'NONE', ( #957, #287, #1900, #977 ) ) ;
#1866 = CARTESIAN_POINT ( 'NONE',  ( 1.074999999999999956, 0.2750000000000001332, 0.2189999999999996949 ) ) ;
#1867 = LINE ( 'NONE', #615, #1897 ) ;
#1868 = ORIENTED_EDGE ( 'NONE', *, *, #1704, .T. ) ;
#1869 = CIRCLE ( 'NONE', #836, 0.03150000000000026390 ) ;
#1870 = CARTESIAN_POINT ( 'NONE',  ( 0.4049999999999999711, 0.4684999999999995279, 0.4200000000000000400 ) ) ;
#1871 = ORIENTED_EDGE ( 'NONE', *, *, #990, .F. ) ;
#1872 = CARTESIAN_POINT ( 'NONE',  ( 0.7999999999999998224, 0.1500000000000001887, -0.5500000000000000444 ) ) ;
#1873 = EDGE_LOOP ( 'NONE', ( #1855, #1244, #435, #273 ) ) ;
#1874 = DIRECTION ( 'NONE',  ( 1.606969408037802981E-16, -1.000000000000000000, 0.000000000000000000 ) ) ;
#1875 = LINE ( 'NONE', #949, #500 ) ;
#1876 = AXIS2_PLACEMENT_3D ( 'NONE', #1216, #671, #861 ) ;
#1877 = ORIENTED_EDGE ( 'NONE', *, *, #935, .T. ) ;
#1878 = VECTOR ( 'NONE', #226, 39.37007874015748143 ) ;
#1879 = DIRECTION ( 'NONE',  ( -1.000000000000000000, 0.000000000000000000, 0.000000000000000000 ) ) ;
#1880 = VECTOR ( 'NONE', #1507, 39.37007874015748143 ) ;
#1881 = LINE ( 'NONE', #129, #1002 ) ;
#1882 = ADVANCED_FACE ( 'NONE', ( #2034 ), #2172, .T. ) ;
#1883 = EDGE_LOOP ( 'NONE', ( #1192, #125, #2109, #108 ) ) ;
#1884 = DIRECTION ( 'NONE',  ( 0.000000000000000000, -1.000000000000000000, 0.000000000000000000 ) ) ;
#1885 = EDGE_CURVE ( 'NONE', #859, #1197, #1293, .T. ) ;
#1886 = ORIENTED_EDGE ( 'NONE', *, *, #298, .T. ) ;
#1887 = CARTESIAN_POINT ( 'NONE',  ( -7.764584003382653964E-17, -0.5315000000000000835, 0.4200000000000000400 ) ) ;
#1888 = DIRECTION ( 'NONE',  ( 1.000000000000000000, 4.202843067175789472E-17, 0.000000000000000000 ) ) ;
#1889 = ORIENTED_EDGE ( 'NONE', *, *, #397, .F. ) ;
#1890 = DIRECTION ( 'NONE',  ( 0.000000000000000000, 0.000000000000000000, -1.000000000000000000 ) ) ;
#1891 = CONICAL_SURFACE ( 'NONE', #648, 0.09350000000000024958, 0.7853981633974473908 ) ;
#1892 = PLANE ( 'NONE',  #820 ) ;
#1893 = ORIENTED_EDGE ( 'NONE', *, *, #1964, .F. ) ;
#1894 = ADVANCED_FACE ( 'NONE', ( #939 ), #1341, .T. ) ;
#1895 = VERTEX_POINT ( 'NONE', #781 ) ;
#1896 = CARTESIAN_POINT ( 'NONE',  ( -0.4049999999999999711, 0.5624999999999997780, 0.3890000000000002900 ) ) ;
#1897 = VECTOR ( 'NONE', #1888, 39.37007874015748143 ) ;
#1898 =( NAMED_UNIT ( * ) SI_UNIT ( $, .STERADIAN. ) SOLID_ANGLE_UNIT ( ) );
#1899 = EDGE_CURVE ( 'NONE', #2117, #1929, #1495, .T. ) ;
#1900 = ORIENTED_EDGE ( 'NONE', *, *, #1270, .F. ) ;
#1901 = EDGE_CURVE ( 'NONE', #1160, #1594, #1082, .T. ) ;
#1902 = DIRECTION ( 'NONE',  ( 0.000000000000000000, 0.000000000000000000, 1.000000000000000000 ) ) ;
#1903 = DIRECTION ( 'NONE',  ( 0.000000000000000000, 0.000000000000000000, 1.000000000000000000 ) ) ;
#1904 = EDGE_CURVE ( 'NONE', #1074, #1803, #1920, .T. ) ;
#1905 = ORIENTED_EDGE ( 'NONE', *, *, #172, .F. ) ;
#1906 = CARTESIAN_POINT ( 'NONE',  ( 0.7374999999999997113, 0.6875000000000001110, 0.2189999999999996949 ) ) ;
#1907 = ADVANCED_FACE ( 'NONE', ( #2273 ), #1400, .F. ) ;
#1908 = VERTEX_POINT ( 'NONE', #840 ) ;
#1909 = AXIS2_PLACEMENT_3D ( 'NONE', #1667, #1437, #779 ) ;
#1910 = DIRECTION ( 'NONE',  ( 0.000000000000000000, 1.000000000000000000, 0.000000000000000000 ) ) ;
#1911 = CARTESIAN_POINT ( 'NONE',  ( -0.4675000000000000266, -0.5624999999999997780, 0.2500000000000000000 ) ) ;
#1912 = AXIS2_PLACEMENT_3D ( 'NONE', #1947, #1423, #2104 ) ;
#1913 = AXIS2_PLACEMENT_3D ( 'NONE', #1381, #1902, #1703 ) ;
#1914 = PRODUCT_DEFINITION ( 'UNKNOWN', '', #1362, #1780 ) ;
#1915 = VECTOR ( 'NONE', #1726, 39.37007874015748143 ) ;
#1916 = VERTEX_POINT ( 'NONE', #1550 ) ;
#1917 = DIRECTION ( 'NONE',  ( 1.032999059620783562E-16, 0.7071067811865475727, -0.7071067811865475727 ) ) ;
#1918 = ORIENTED_EDGE ( 'NONE', *, *, #2073, .F. ) ;
#1919 = LINE ( 'NONE', #117, #1010 ) ;
#1920 = LINE ( 'NONE', #1766, #883 ) ;
#1921 = LINE ( 'NONE', #468, #1310 ) ;
#1922 = CARTESIAN_POINT ( 'NONE',  ( 0.7374999999999997113, 0.6875000000000001110, 0.2500000000000000000 ) ) ;
#1923 = LINE ( 'NONE', #2281, #741 ) ;
#1924 = PRODUCT_CONTEXT ( 'NONE', #2292, 'mechanical' ) ;
#1925 = ORIENTED_EDGE ( 'NONE', *, *, #451, .F. ) ;
#1926 = VERTEX_POINT ( 'NONE', #505 ) ;
#1927 = VECTOR ( 'NONE', #333, 39.37007874015748143 ) ;
#1928 = DIRECTION ( 'NONE',  ( -0.000000000000000000, -0.000000000000000000, 1.000000000000000000 ) ) ;
#1929 = VERTEX_POINT ( 'NONE', #312 ) ;
#1930 = LINE ( 'NONE', #1028, #1194 ) ;
#1931 = CIRCLE ( 'NONE', #506, 0.06249999999999995143 ) ;
#1932 = DIRECTION ( 'NONE',  ( -0.000000000000000000, -0.000000000000000000, 1.000000000000000000 ) ) ;
#1933 = CARTESIAN_POINT ( 'NONE',  ( -0.8875000000000003997, 0.4374999999999997780, 0.4200000000000000400 ) ) ;
#1934 = ORIENTED_EDGE ( 'NONE', *, *, #131, .T. ) ;
#1935 = VERTEX_POINT ( 'NONE', #354 ) ;
#1936 = EDGE_CURVE ( 'NONE', #1281, #373, #662, .T. ) ;
#1937 = ORIENTED_EDGE ( 'NONE', *, *, #296, .F. ) ;
#1938 = ADVANCED_FACE ( 'NONE', ( #1781 ), #10, .F. ) ;
#1939 = CARTESIAN_POINT ( 'NONE',  ( -1.500000000000000444, 0.2749999999999995781, -0.5500000000000000444 ) ) ;
#1940 = DIRECTION ( 'NONE',  ( 1.000000000000000000, 0.000000000000000000, 0.000000000000000000 ) ) ;
#1941 = VECTOR ( 'NONE', #738, 39.37007874015748143 ) ;
#1942 = ADVANCED_FACE ( 'NONE', ( #1065, #518, #161 ), #2285, .T. ) ;
#1943 = VECTOR ( 'NONE', #823, 39.37007874015748143 ) ;
#1944 = VERTEX_POINT ( 'NONE', #2086 ) ;
#1945 = DIRECTION ( 'NONE',  ( 0.000000000000000000, 0.000000000000000000, -1.000000000000000000 ) ) ;
#1946 = VECTOR ( 'NONE', #970, 39.37007874015748143 ) ;
#1947 = CARTESIAN_POINT ( 'NONE',  ( -1.125000000000000444, 0.1499999999999996059, 0.2500000000000000000 ) ) ;
#1948 = EDGE_CURVE ( 'NONE', #1926, #802, #1952, .T. ) ;
#1949 = ADVANCED_FACE ( 'NONE', ( #1583 ), #2301, .F. ) ;
#1950 = ORIENTED_EDGE ( 'NONE', *, *, #640, .F. ) ;
#1951 = ORIENTED_EDGE ( 'NONE', *, *, #2054, .F. ) ;
#1952 = LINE ( 'NONE', #173, #330 ) ;
#1953 = ORIENTED_EDGE ( 'NONE', *, *, #112, .F. ) ;
#1954 = FACE_OUTER_BOUND ( 'NONE', #715, .T. ) ;
#1955 = DIRECTION ( 'NONE',  ( 0.000000000000000000, 1.000000000000000000, 0.000000000000000000 ) ) ;
#1956 = EDGE_CURVE ( 'NONE', #1554, #271, #1415, .T. ) ;
#1957 = CIRCLE ( 'NONE', #431, 0.1250000000000000278 ) ;
#1958 = DIRECTION ( 'NONE',  ( -0.000000000000000000, -0.000000000000000000, -1.000000000000000000 ) ) ;
#1959 = ADVANCED_FACE ( 'NONE', ( #1368 ), #966, .F. ) ;
#1960 = AXIS2_PLACEMENT_3D ( 'NONE', #1438, #1405, #335 ) ;
#1961 = DIRECTION ( 'NONE',  ( 0.000000000000000000, 0.000000000000000000, -1.000000000000000000 ) ) ;
#1962 = VERTEX_POINT ( 'NONE', #873 ) ;
#1963 = DIRECTION ( 'NONE',  ( -0.000000000000000000, -0.000000000000000000, -1.000000000000000000 ) ) ;
#1964 = EDGE_CURVE ( 'NONE', #1183, #110, #1026, .T. ) ;
#1965 = DIRECTION ( 'NONE',  ( 0.7071067811865474617, 0.000000000000000000, 0.7071067811865474617 ) ) ;
#1966 = ORIENTED_EDGE ( 'NONE', *, *, #964, .T. ) ;
#1967 = CARTESIAN_POINT ( 'NONE',  ( 1.499999999999999778, 1.000000000000000222, 0.2500000000000000000 ) ) ;
#1968 = EDGE_CURVE ( 'NONE', #69, #2203, #1259, .T. ) ;
#1969 = LINE ( 'NONE', #357, #769 ) ;
#1970 = CIRCLE ( 'NONE', #1478, 0.06249999999999995143 ) ;
#1971 = DIRECTION ( 'NONE',  ( -1.000000000000000000, 0.000000000000000000, 0.000000000000000000 ) ) ;
#1972 = DIRECTION ( 'NONE',  ( -1.032999059620783562E-16, 0.7071067811865475727, 0.7071067811865475727 ) ) ;
#1973 = FACE_OUTER_BOUND ( 'NONE', #105, .T. ) ;
#1974 = EDGE_LOOP ( 'NONE', ( #2236, #1386, #355, #30 ) ) ;
#1975 = ORIENTED_EDGE ( 'NONE', *, *, #120, .F. ) ;
#1976 = EDGE_CURVE ( 'NONE', #2178, #351, #507, .T. ) ;
#1977 = ORIENTED_EDGE ( 'NONE', *, *, #687, .T. ) ;
#1978 = FACE_OUTER_BOUND ( 'NONE', #1431, .T. ) ;
#1979 = DIRECTION ( 'NONE',  ( 0.7071067811865474617, 2.971858833062868723E-17, -0.7071067811865474617 ) ) ;
#1980 = DIRECTION ( 'NONE',  ( 0.000000000000000000, 0.000000000000000000, 1.000000000000000000 ) ) ;
#1981 = AXIS2_PLACEMENT_3D ( 'NONE', #1054, #234, #59 ) ;
#1982 = ORIENTED_EDGE ( 'NONE', *, *, #1542, .T. ) ;
#1983 = DIRECTION ( 'NONE',  ( 0.000000000000000000, 0.000000000000000000, 1.000000000000000000 ) ) ;
#1984 = VECTOR ( 'NONE', #835, 39.37007874015748143 ) ;
#1985 = CARTESIAN_POINT ( 'NONE',  ( -1.000000000000000444, 0.2749999999999995781, -0.5500000000000000444 ) ) ;
#1986 = ORIENTED_EDGE ( 'NONE', *, *, #1009, .T. ) ;
#1987 = AXIS2_PLACEMENT_3D ( 'NONE', #1455, #742, #2173 ) ;
#1988 = ORIENTED_EDGE ( 'NONE', *, *, #291, .T. ) ;
#1989 = DIRECTION ( 'NONE',  ( 1.000000000000000000, 0.000000000000000000, 0.000000000000000000 ) ) ;
#1990 = VECTOR ( 'NONE', #1031, 39.37007874015748854 ) ;
#1991 = VERTEX_POINT ( 'NONE', #1755 ) ;
#1992 = LINE ( 'NONE', #70, #666 ) ;
#1993 = CARTESIAN_POINT ( 'NONE',  ( -0.9500000000000002887, -0.4375000000000000555, 0.3890000000000002900 ) ) ;
#1994 = DIRECTION ( 'NONE',  ( -0.000000000000000000, -1.000000000000000000, -0.000000000000000000 ) ) ;
#1995 = VERTEX_POINT ( 'NONE', #1401 ) ;
#1996 = CIRCLE ( 'NONE', #795, 0.09374999999999991673 ) ;
#1997 = DIRECTION ( 'NONE',  ( 0.000000000000000000, 0.7071067811865475727, 0.7071067811865475727 ) ) ;
#1998 = DIRECTION ( 'NONE',  ( -0.000000000000000000, -0.000000000000000000, 1.000000000000000000 ) ) ;
#1999 = ORIENTED_EDGE ( 'NONE', *, *, #708, .T. ) ;
#2000 = LINE ( 'NONE', #588, #1376 ) ;
#2001 = ORIENTED_EDGE ( 'NONE', *, *, #285, .F. ) ;
#2002 = PLANE ( 'NONE',  #411 ) ;
#2003 = CIRCLE ( 'NONE', #981, 0.09350000000000024958 ) ;
#2004 = EDGE_CURVE ( 'NONE', #2116, #69, #1610, .T. ) ;
#2005 = CARTESIAN_POINT ( 'NONE',  ( 0.4675000000000000266, 0.4999999999999997780, 0.3890000000000002900 ) ) ;
#2006 = CIRCLE ( 'NONE', #1329, 0.09374999999999991673 ) ;
#2007 = LINE ( 'NONE', #1860, #1080 ) ;
#2008 = EDGE_LOOP ( 'NONE', ( #601, #2142, #1546, #954 ) ) ;
#2009 = LINE ( 'NONE', #399, #1426 ) ;
#2010 = DIRECTION ( 'NONE',  ( 4.202843067175788856E-17, -1.000000000000000000, 0.000000000000000000 ) ) ;
#2011 = VERTEX_POINT ( 'NONE', #1745 ) ;
#2012 = DIRECTION ( 'NONE',  ( -0.000000000000000000, -0.000000000000000000, 1.000000000000000000 ) ) ;
#2013 = DIRECTION ( 'NONE',  ( -1.000000000000000000, 0.000000000000000000, 0.000000000000000000 ) ) ;
#2014 = ADVANCED_FACE ( 'NONE', ( #1017 ), #841, .F. ) ;
#2015 = ORIENTED_EDGE ( 'NONE', *, *, #1462, .T. ) ;
#2016 = CYLINDRICAL_SURFACE ( 'NONE', #996, 0.09374999999999991673 ) ;
#2017 = CARTESIAN_POINT ( 'NONE',  ( -1.000000000000000444, 0.2749999999999995781, 0.2500000000000000000 ) ) ;
#2018 = DIRECTION ( 'NONE',  ( 1.000000000000000000, 0.000000000000000000, 0.000000000000000000 ) ) ;
#2019 = CARTESIAN_POINT ( 'NONE',  ( 0.4365000000000002212, 0.4999999999999998335, 0.4200000000000000400 ) ) ;
#2020 = ORIENTED_EDGE ( 'NONE', *, *, #2223, .T. ) ;
#2021 = CARTESIAN_POINT ( 'NONE',  ( -0.8875000000000003997, 0.4374999999999997780, 0.2500000000000000000 ) ) ;
#2022 = ORIENTED_EDGE ( 'NONE', *, *, #2126, .F. ) ;
#2023 = CARTESIAN_POINT ( 'NONE',  ( 1.074999999999999956, -0.2750000000000001332, 0.2189999999999996949 ) ) ;
#2024 = VECTOR ( 'NONE', #331, 39.37007874015748854 ) ;
#2025 = CARTESIAN_POINT ( 'NONE',  ( 0.6439999999999994618, 0.6875000000000001110, 0.2500000000000000000 ) ) ;
#2026 = AXIS2_PLACEMENT_3D ( 'NONE', #789, #1837, #1503 ) ;
#2027 = CIRCLE ( 'NONE', #2210, 0.1250000000000000278 ) ;
#2028 = ORIENTED_EDGE ( 'NONE', *, *, #75, .T. ) ;
#2029 = VECTOR ( 'NONE', #512, 39.37007874015748143 ) ;
#2030 = DIRECTION ( 'NONE',  ( 1.000000000000000000, 0.000000000000000000, 0.000000000000000000 ) ) ;
#2031 = VECTOR ( 'NONE', #458, 39.37007874015748143 ) ;
#2032 = EDGE_CURVE ( 'NONE', #1522, #1571, #2274, .T. ) ;
#2033 = CARTESIAN_POINT ( 'NONE',  ( 1.499999999999999778, 1.000000000000000222, -0.5500000000000000444 ) ) ;
#2034 = FACE_OUTER_BOUND ( 'NONE', #262, .T. ) ;
#2035 = DIRECTION ( 'NONE',  ( -1.000000000000000000, 0.000000000000000000, 0.000000000000000000 ) ) ;
#2036 = ORIENTED_EDGE ( 'NONE', *, *, #2282, .F. ) ;
#2037 = PLANE ( 'NONE',  #165 ) ;
#2038 = DIRECTION ( 'NONE',  ( 1.000000000000000000, 0.000000000000000000, 0.000000000000000000 ) ) ;
#2039 = EDGE_LOOP ( 'NONE', ( #1380, #727, #1258, #94 ) ) ;
#2040 = CARTESIAN_POINT ( 'NONE',  ( -1.000000000000000444, 0.2749999999999995781, -0.5500000000000000444 ) ) ;
#2041 = CARTESIAN_POINT ( 'NONE',  ( 0.4707499999999996687, 0.4374999999999997780, 0.4232499999999997375 ) ) ;
#2042 = VERTEX_POINT ( 'NONE', #1574 ) ;
#2043 = CARTESIAN_POINT ( 'NONE',  ( 0.4050000000000000266, -0.5315000000000001945, 0.4200000000000000400 ) ) ;
#2044 = ORIENTED_EDGE ( 'NONE', *, *, #1132, .T. ) ;
#2045 = AXIS2_PLACEMENT_3D ( 'NONE', #2255, #649, #1014 ) ;
#2046 = LINE ( 'NONE', #113, #850 ) ;
#2047 = ORIENTED_EDGE ( 'NONE', *, *, #1314, .T. ) ;
#2048 = DIRECTION ( 'NONE',  ( 0.000000000000000000, 0.000000000000000000, -1.000000000000000000 ) ) ;
#2049 = DIRECTION ( 'NONE',  ( 0.000000000000000000, 0.000000000000000000, 1.000000000000000000 ) ) ;
#2050 = VERTEX_POINT ( 'NONE', #2287 ) ;
#2051 = EDGE_CURVE ( 'NONE', #1995, #1962, #637, .T. ) ;
#2052 = CARTESIAN_POINT ( 'NONE',  ( -0.4675000000000000266, -0.5624999999999997780, 0.3890000000000002900 ) ) ;
#2053 = CARTESIAN_POINT ( 'NONE',  ( 1.074999999999999956, -0.2750000000000001332, -0.1500000000000000500 ) ) ;
#2054 = EDGE_CURVE ( 'NONE', #2178, #1390, #845, .T. ) ;
#2055 = EDGE_LOOP ( 'NONE', ( #1760, #1934, #511, #1245, #1581, #798, #842, #276, #1487, #2275, #1428, #1459, #1526, #2262, #91, #1999 ) ) ;
#2056 = LINE ( 'NONE', #111, #739 ) ;
#2057 = CARTESIAN_POINT ( 'NONE',  ( 1.074999999999999956, 0.2750000000000001332, 0.2189999999999996949 ) ) ;
#2058 = ORIENTED_EDGE ( 'NONE', *, *, #2286, .T. ) ;
#2059 = LINE ( 'NONE', #286, #600 ) ;
#2060 = CARTESIAN_POINT ( 'NONE',  ( 0.4049999999999999156, -0.4375000000000000000, 0.1250000000000000000 ) ) ;
#2061 = VECTOR ( 'NONE', #607, 39.37007874015748143 ) ;
#2062 = ORIENTED_EDGE ( 'NONE', *, *, #190, .T. ) ;
#2063 = AXIS2_PLACEMENT_3D ( 'NONE', #724, #1998, #400 ) ;
#2064 = DIRECTION ( 'NONE',  ( -0.000000000000000000, -0.000000000000000000, 1.000000000000000000 ) ) ;
#2065 = VECTOR ( 'NONE', #308, 39.37007874015748143 ) ;
#2066 = LINE ( 'NONE', #1705, #2031 ) ;
#2067 = EDGE_LOOP ( 'NONE', ( #2226, #116, #732, #2293, #530, #1456 ) ) ;
#2068 = DIRECTION ( 'NONE',  ( -1.000000000000000000, 0.000000000000000000, 0.000000000000000000 ) ) ;
#2069 = ORIENTED_EDGE ( 'NONE', *, *, #1480, .T. ) ;
#2070 = LINE ( 'NONE', #481, #1125 ) ;
#2071 = ORIENTED_EDGE ( 'NONE', *, *, #1976, .T. ) ;
#2072 = CARTESIAN_POINT ( 'NONE',  ( -1.249999999999999778, -0.5000000000000001110, -0.5500000000000000444 ) ) ;
#2073 = EDGE_CURVE ( 'NONE', #1238, #391, #2056, .T. ) ;
#2074 = CARTESIAN_POINT ( 'NONE',  ( 0.6749999999999997113, 0.4375000000000001110, 0.2189999999999996949 ) ) ;
#2075 = EDGE_CURVE ( 'NONE', #1926, #1449, #124, .T. ) ;
#2076 = ORIENTED_EDGE ( 'NONE', *, *, #871, .T. ) ;
#2077 = FACE_OUTER_BOUND ( 'NONE', #150, .T. ) ;
#2078 = ORIENTED_EDGE ( 'NONE', *, *, #1354, .F. ) ;
#2079 = CARTESIAN_POINT ( 'NONE',  ( -0.4675000000000000266, -0.5000000000000001110, 0.3890000000000002900 ) ) ;
#2080 = DIRECTION ( 'NONE',  ( 1.000000000000000000, 0.000000000000000000, -0.000000000000000000 ) ) ;
#2081 = ORIENTED_EDGE ( 'NONE', *, *, #1771, .F. ) ;
#2082 = DIRECTION ( 'NONE',  ( -1.136298965582861795E-16, -0.7071067811865475727, 0.7071067811865475727 ) ) ;
#2083 = EDGE_CURVE ( 'NONE', #1836, #1926, #1090, .T. ) ;
#2084 = ORIENTED_EDGE ( 'NONE', *, *, #205, .F. ) ;
#2085 = CARTESIAN_POINT ( 'NONE',  ( 1.969031976971855968E-17, -0.4684999999999997500, 0.4200000000000000400 ) ) ;
#2086 = CARTESIAN_POINT ( 'NONE',  ( 0.4049999999999999711, 0.4374999999999997780, 0.2500000000000000000 ) ) ;
#2087 = EDGE_CURVE ( 'NONE', #2197, #149, #1222, .T. ) ;
#2088 = CARTESIAN_POINT ( 'NONE',  ( 0.6749999999999997113, 0.7500000000000001110, 0.2189999999999996949 ) ) ;
#2089 = CONICAL_SURFACE ( 'NONE', #1123, 0.03150000000000026390, 0.7853981633974479459 ) ;
#2090 = VECTOR ( 'NONE', #263, 39.37007874015748143 ) ;
#2091 = VECTOR ( 'NONE', #1521, 39.37007874015748143 ) ;
#2092 = VECTOR ( 'NONE', #952, 39.37007874015748143 ) ;
#2093 = VECTOR ( 'NONE', #886, 39.37007874015748143 ) ;
#2094 = CARTESIAN_POINT ( 'NONE',  ( -0.8875000000000002887, -0.3750000000000000555, 0.1250000000000000000 ) ) ;
#2095 = DIRECTION ( 'NONE',  ( -0.000000000000000000, -0.000000000000000000, -1.000000000000000000 ) ) ;
#2096 = VERTEX_POINT ( 'NONE', #2209 ) ;
#2097 = UNCERTAINTY_MEASURE_WITH_UNIT (LENGTH_MEASURE( 1.000000000000000082E-05 ), #1570, 'distance_accuracy_value', 'NONE');
#2098 = DIRECTION ( 'NONE',  ( -0.000000000000000000, -0.000000000000000000, 1.000000000000000000 ) ) ;
#2099 = ORIENTED_EDGE ( 'NONE', *, *, #2264, .F. ) ;
#2100 = DIRECTION ( 'NONE',  ( 0.000000000000000000, 0.000000000000000000, -1.000000000000000000 ) ) ;
#2101 = EDGE_CURVE ( 'NONE', #1275, #1644, #244, .T. ) ;
#2102 = VERTEX_POINT ( 'NONE', #2154 ) ;
#2103 = LINE ( 'NONE', #677, #1990 ) ;
#2104 = DIRECTION ( 'NONE',  ( 1.000000000000000000, 0.000000000000000000, 0.000000000000000000 ) ) ;
#2105 = ADVANCED_FACE ( 'NONE', ( #550 ), #1445, .F. ) ;
#2106 = ORIENTED_EDGE ( 'NONE', *, *, #1683, .T. ) ;
#2107 = EDGE_LOOP ( 'NONE', ( #442, #1937, #11, #2265 ) ) ;
#2108 = DIRECTION ( 'NONE',  ( 0.000000000000000000, 0.000000000000000000, 1.000000000000000000 ) ) ;
#2109 = ORIENTED_EDGE ( 'NONE', *, *, #1060, .F. ) ;
#2110 = ADVANCED_FACE ( 'NONE', ( #2180 ), #1826, .T. ) ;
#2111 = DIRECTION ( 'NONE',  ( 0.000000000000000000, 0.000000000000000000, -1.000000000000000000 ) ) ;
#2112 = CARTESIAN_POINT ( 'NONE',  ( 1.012499999999999956, -0.7810000000000003606, 0.2500000000000000000 ) ) ;
#2113 = ADVANCED_FACE ( 'NONE', ( #762 ), #928, .T. ) ;
#2114 = CARTESIAN_POINT ( 'NONE',  ( -0.8875000000000003997, 0.3749999999999997780, 0.1250000000000000000 ) ) ;
#2115 = CARTESIAN_POINT ( 'NONE',  ( -0.4050000000000000266, 0.4999999999999997780, 0.4200000000000000400 ) ) ;
#2116 = VERTEX_POINT ( 'NONE', #2150 ) ;
#2117 = VERTEX_POINT ( 'NONE', #2190 ) ;
#2118 = DIRECTION ( 'NONE',  ( 1.000000000000000000, 0.000000000000000000, 0.000000000000000000 ) ) ;
#2119 = DIRECTION ( 'NONE',  ( 2.971858833062870572E-17, -0.7071067811865479058, -0.7071067811865472397 ) ) ;
#2120 = EDGE_LOOP ( 'NONE', ( #1436, #378, #2159, #531 ) ) ;
#2121 = DIRECTION ( 'NONE',  ( 0.000000000000000000, -0.000000000000000000, -1.000000000000000000 ) ) ;
#2122 = ADVANCED_FACE ( 'NONE', ( #414 ), #240, .F. ) ;
#2123 = DIRECTION ( 'NONE',  ( -0.000000000000000000, -0.000000000000000000, 1.000000000000000000 ) ) ;
#2124 = AXIS2_PLACEMENT_3D ( 'NONE', #334, #1042, #864 ) ;
#2125 = VECTOR ( 'NONE', #651, 39.37007874015748143 ) ;
#2126 = EDGE_CURVE ( 'NONE', #1233, #1297, #1071, .T. ) ;
#2127 = CARTESIAN_POINT ( 'NONE',  ( 1.074999999999999956, -0.2750000000000001332, 0.2189999999999996949 ) ) ;
#2128 = CIRCLE ( 'NONE', #2212, 0.06250000000000001388 ) ;
#2129 = DIRECTION ( 'NONE',  ( 0.000000000000000000, 0.000000000000000000, -1.000000000000000000 ) ) ;
#2130 = AXIS2_PLACEMENT_3D ( 'NONE', #1234, #1963, #1062 ) ;
#2131 = ORIENTED_EDGE ( 'NONE', *, *, #1542, .F. ) ;
#2132 = ORIENTED_EDGE ( 'NONE', *, *, #2191, .T. ) ;
#2133 = AXIS2_PLACEMENT_3D ( 'NONE', #1288, #2012, #1675 ) ;
#2134 = ORIENTED_EDGE ( 'NONE', *, *, #1716, .T. ) ;
#2135 = CARTESIAN_POINT ( 'NONE',  ( -0.4049999999999999711, 0.4999999999999997780, 0.4200000000000000400 ) ) ;
#2136 = DIRECTION ( 'NONE',  ( -1.000000000000000000, 0.000000000000000000, 0.000000000000000000 ) ) ;
#2137 = EDGE_CURVE ( 'NONE', #539, #242, #1769, .T. ) ;
#2138 = AXIS2_PLACEMENT_3D ( 'NONE', #945, #757, #1312 ) ;
#2139 = DIRECTION ( 'NONE',  ( 0.7071067811865475727, 0.000000000000000000, 0.7071067811865475727 ) ) ;
#2140 = EDGE_CURVE ( 'NONE', #2102, #1491, #683, .T. ) ;
#2141 = CARTESIAN_POINT ( 'NONE',  ( 1.499999999999999556, -0.2750000000000000222, -0.1500000000000000500 ) ) ;
#2142 = ORIENTED_EDGE ( 'NONE', *, *, #1422, .T. ) ;
#2143 = ORIENTED_EDGE ( 'NONE', *, *, #401, .F. ) ;
#2144 = CARTESIAN_POINT ( 'NONE',  ( 1.074999999999999956, -0.7500000000000001110, -0.1500000000000000500 ) ) ;
#2145 = ORIENTED_EDGE ( 'NONE', *, *, #2254, .F. ) ;
#2146 = CARTESIAN_POINT ( 'NONE',  ( -0.4050000000000000266, 0.4999999999999997780, 0.4200000000000000400 ) ) ;
#2147 = LINE ( 'NONE', #156, #1396 ) ;
#2148 = ORIENTED_EDGE ( 'NONE', *, *, #131, .F. ) ;
#2149 = FACE_OUTER_BOUND ( 'NONE', #752, .T. ) ;
#2150 = CARTESIAN_POINT ( 'NONE',  ( 0.7374999999999997113, -0.7500000000000001110, -0.1500000000000000500 ) ) ;
#2151 = LINE ( 'NONE', #1658, #1533 ) ;
#2152 = VERTEX_POINT ( 'NONE', #295 ) ;
#2153 = ORIENTED_EDGE ( 'NONE', *, *, #799, .F. ) ;
#2154 = CARTESIAN_POINT ( 'NONE',  ( 1.106000000000000094, -0.3060000000000003828, 0.2500000000000000000 ) ) ;
#2155 = VERTEX_POINT ( 'NONE', #1525 ) ;
#2156 = DIRECTION ( 'NONE',  ( 0.000000000000000000, 0.000000000000000000, 1.000000000000000000 ) ) ;
#2157 = DIRECTION ( 'NONE',  ( 1.000000000000000000, 4.139163626764034787E-17, 0.000000000000000000 ) ) ;
#2158 = CARTESIAN_POINT ( 'NONE',  ( 0.6749999999999997113, 0.6875000000000001110, 0.2189999999999996949 ) ) ;
#2159 = ORIENTED_EDGE ( 'NONE', *, *, #2261, .F. ) ;
#2160 = DIRECTION ( 'NONE',  ( 0.000000000000000000, 0.000000000000000000, -1.000000000000000000 ) ) ;
#2161 = VECTOR ( 'NONE', #1087, 39.37007874015748143 ) ;
#2162 = CARTESIAN_POINT ( 'NONE',  ( 0.7999999999999998224, -0.1500000000000001610, -0.1500000000000000500 ) ) ;
#2163 = AXIS2_PLACEMENT_3D ( 'NONE', #1906, #1375, #626 ) ;
#2164 = VERTEX_POINT ( 'NONE', #1013 ) ;
#2165 = CIRCLE ( 'NONE', #1163, 0.06250000000000001388 ) ;
#2166 = LINE ( 'NONE', #1317, #1004 ) ;
#2167 = CARTESIAN_POINT ( 'NONE',  ( 0.7374999999999997113, -0.6875000000000001110, 0.2500000000000000000 ) ) ;
#2168 = VERTEX_POINT ( 'NONE', #669 ) ;
#2169 = VECTOR ( 'NONE', #958, 39.37007874015748143 ) ;
#2170 = DIRECTION ( 'NONE',  ( 0.000000000000000000, -0.000000000000000000, -1.000000000000000000 ) ) ;
#2171 = CARTESIAN_POINT ( 'NONE',  ( 0.4675000000000000266, 0.4999999999999999445, 0.2500000000000000000 ) ) ;
#2172 = CYLINDRICAL_SURFACE ( 'NONE', #483, 0.06250000000000001388 ) ;
#2173 = DIRECTION ( 'NONE',  ( -1.000000000000000000, 0.000000000000000000, 0.000000000000000000 ) ) ;
#2174 = ORIENTED_EDGE ( 'NONE', *, *, #551, .T. ) ;
#2175 = CARTESIAN_POINT ( 'NONE',  ( 0.4050000000000000266, 0.5315000000000001945, 0.4200000000000000400 ) ) ;
#2176 = EDGE_CURVE ( 'NONE', #2042, #1206, #1116, .T. ) ;
#2177 = CIRCLE ( 'NONE', #1323, 0.06249999999999995143 ) ;
#2178 = VERTEX_POINT ( 'NONE', #2196 ) ;
#2179 = LINE ( 'NONE', #775, #52 ) ;
#2180 = FACE_OUTER_BOUND ( 'NONE', #1974, .T. ) ;
#2181 = ADVANCED_FACE ( 'NONE', ( #1489 ), #589, .T. ) ;
#2182 = ORIENTED_EDGE ( 'NONE', *, *, #1295, .T. ) ;
#2183 = DIRECTION ( 'NONE',  ( -0.000000000000000000, -0.000000000000000000, 1.000000000000000000 ) ) ;
#2184 = CARTESIAN_POINT ( 'NONE',  ( -0.4675000000000000266, -0.4999999999999997780, 0.2500000000000000000 ) ) ;
#2185 = LINE ( 'NONE', #35, #299 ) ;
#2186 = EDGE_CURVE ( 'NONE', #103, #1118, #107, .T. ) ;
#2187 = VECTOR ( 'NONE', #959, 39.37007874015748143 ) ;
#2188 = CYLINDRICAL_SURFACE ( 'NONE', #2278, 0.06250000000000001388 ) ;
#2189 = VERTEX_POINT ( 'NONE', #2234 ) ;
#2190 = CARTESIAN_POINT ( 'NONE',  ( -1.000000000000000444, -0.1500000000000001055, -0.5500000000000000444 ) ) ;
#2191 = EDGE_CURVE ( 'NONE', #1702, #1018, #1875, .T. ) ;
#2192 = CARTESIAN_POINT ( 'NONE',  ( 0.4049999999999999156, -0.4375000000000000000, 0.2500000000000000000 ) ) ;
#2193 = ORIENTED_EDGE ( 'NONE', *, *, #1683, .F. ) ;
#2194 = CARTESIAN_POINT ( 'NONE',  ( 1.499999999999999778, -0.3060000000000003828, 0.2500000000000000000 ) ) ;
#2195 = EDGE_CURVE ( 'NONE', #2256, #149, #1701, .T. ) ;
#2196 = CARTESIAN_POINT ( 'NONE',  ( -1.343749999999999778, 0.4999999999999998335, -0.5500000000000000444 ) ) ;
#2197 = VERTEX_POINT ( 'NONE', #2025 ) ;
#2198 = CARTESIAN_POINT ( 'NONE',  ( -0.9500000000000003997, 0.4374999999999997780, 0.1250000000000000000 ) ) ;
#2199 = LINE ( 'NONE', #426, #2092 ) ;
#2200 = DIRECTION ( 'NONE',  ( -1.000000000000000000, 0.000000000000000000, 0.000000000000000000 ) ) ;
#2201 = EDGE_CURVE ( 'NONE', #193, #1146, #1512, .T. ) ;
#2202 = EDGE_CURVE ( 'NONE', #860, #1801, #1663, .T. ) ;
#2203 = VERTEX_POINT ( 'NONE', #801 ) ;
#2204 = FACE_OUTER_BOUND ( 'NONE', #676, .T. ) ;
#2205 = CARTESIAN_POINT ( 'NONE',  ( 0.6749999999999997113, -0.7500000000000001110, -0.1500000000000000500 ) ) ;
#2206 = EDGE_CURVE ( 'NONE', #203, #1895, #934, .T. ) ;
#2207 = EDGE_LOOP ( 'NONE', ( #1382, #1320, #2015, #1104 ) ) ;
#2208 = CARTESIAN_POINT ( 'NONE',  ( 0.4049999999999999156, -0.5000000000000000000, 0.2500000000000000000 ) ) ;
#2209 = CARTESIAN_POINT ( 'NONE',  ( -1.500000000000000444, -0.2749999999999996891, 0.2500000000000000000 ) ) ;
#2210 = AXIS2_PLACEMENT_3D ( 'NONE', #339, #1128, #1472 ) ;
#2211 = CARTESIAN_POINT ( 'NONE',  ( 0.7374999999999997113, 0.7500000000000001110, 0.2189999999999996949 ) ) ;
#2212 = AXIS2_PLACEMENT_3D ( 'NONE', #316, #102, #793 ) ;
#2213 = EDGE_CURVE ( 'NONE', #849, #1916, #1391, .T. ) ;
#2214 = ORIENTED_EDGE ( 'NONE', *, *, #1579, .T. ) ;
#2215 = CARTESIAN_POINT ( 'NONE',  ( 1.499999999999999778, 0.2750000000000000222, 0.2189999999999996949 ) ) ;
#2216 = VECTOR ( 'NONE', #1497, 39.37007874015748143 ) ;
#2217 = DIRECTION ( 'NONE',  ( 0.000000000000000000, 0.000000000000000000, -1.000000000000000000 ) ) ;
#2218 = CARTESIAN_POINT ( 'NONE',  ( -1.500000000000000444, -1.000000000000000222, -0.5500000000000000444 ) ) ;
#2219 = ORIENTED_EDGE ( 'NONE', *, *, #654, .F. ) ;
#2220 = DIRECTION ( 'NONE',  ( -1.000000000000000000, 0.000000000000000000, 0.000000000000000000 ) ) ;
#2221 = CLOSED_SHELL ( 'NONE', ( #1735, #862, #870, #1846, #1783, #2181, #858, #1110, #1468, #1348, #1942, #122, #1688, #89, #1210, #1140, #1949, #2122, #516, #1378, #1151, #1629, #1722, #749, #1835, #1453, #1055, #987, #1136, #470, #1938, #723, #940, #2105, #1129, #2014, #213, #337, #604, #1907, #2110, #776, #1399, #1882, #888, #1413, #1589, #249, #1545, #289, #288, #1051, #1894, #1359, #416, #1959, #217, #1029, #924, #1357, #824, #2113, #1188, #315, #1602, #469, #455, #1523, #238, #1712, #168, #1538, #246, #388 ) ) ;
#2222 = ORIENTED_EDGE ( 'NONE', *, *, #1480, .F. ) ;
#2223 = EDGE_CURVE ( 'NONE', #624, #1605, #422, .T. ) ;
#2224 = CARTESIAN_POINT ( 'NONE',  ( 0.7374999999999997113, 0.7810000000000003606, 0.2500000000000000000 ) ) ;
#2225 = LINE ( 'NONE', #1168, #318 ) ;
#2226 = ORIENTED_EDGE ( 'NONE', *, *, #1007, .T. ) ;
#2227 = DIRECTION ( 'NONE',  ( -0.000000000000000000, 0.000000000000000000, -1.000000000000000000 ) ) ;
#2228 = LINE ( 'NONE', #2074, #229 ) ;
#2229 = ORIENTED_EDGE ( 'NONE', *, *, #1365, .T. ) ;
#2230 = VECTOR ( 'NONE', #67, 39.37007874015748143 ) ;
#2231 = LINE ( 'NONE', #622, #785 ) ;
#2232 = ORIENTED_EDGE ( 'NONE', *, *, #1462, .F. ) ;
#2233 = DIRECTION ( 'NONE',  ( 0.000000000000000000, 1.000000000000000000, 0.000000000000000000 ) ) ;
#2234 = CARTESIAN_POINT ( 'NONE',  ( 1.499999999999999556, -0.2750000000000000222, 0.2189999999999996949 ) ) ;
#2235 = VERTEX_POINT ( 'NONE', #1853 ) ;
#2236 = ORIENTED_EDGE ( 'NONE', *, *, #1181, .F. ) ;
#2237 = DIRECTION ( 'NONE',  ( 1.000000000000000000, 0.000000000000000000, 0.000000000000000000 ) ) ;
#2238 = CARTESIAN_POINT ( 'NONE',  ( -0.4675000000000000266, 0.5624999999999997780, 0.4200000000000000400 ) ) ;
#2239 = ORIENTED_EDGE ( 'NONE', *, *, #995, .F. ) ;
#2240 = CARTESIAN_POINT ( 'NONE',  ( 1.499999999999999778, 0.3060000000000002163, 0.2500000000000000000 ) ) ;
#2241 = ORIENTED_EDGE ( 'NONE', *, *, #803, .F. ) ;
#2242 = CYLINDRICAL_SURFACE ( 'NONE', #710, 0.06249999999999995143 ) ;
#2243 = EDGE_CURVE ( 'NONE', #716, #539, #1476, .T. ) ;
#2244 = AXIS2_PLACEMENT_3D ( 'NONE', #1040, #1767, #162 ) ;
#2245 = EDGE_LOOP ( 'NONE', ( #5, #1053, #1778, #142, #1369, #448 ) ) ;
#2246 = AXIS2_PLACEMENT_3D ( 'NONE', #20, #2095, #148 ) ;
#2247 = PRODUCT ( 'Base1V', 'Base1V', '', ( #1924 ) ) ;
#2248 = CYLINDRICAL_SURFACE ( 'NONE', #301, 0.09374999999999991673 ) ;
#2249 = CARTESIAN_POINT ( 'NONE',  ( -0.4049999999999998046, 0.4374999999999997780, 0.3890000000000002900 ) ) ;
#2250 = AXIS2_PLACEMENT_3D ( 'NONE', #1174, #1486, #611 ) ;
#2251 = CARTESIAN_POINT ( 'NONE',  ( -0.4675000000000000266, 0.5624999999999997780, 0.2500000000000000000 ) ) ;
#2252 = AXIS2_PLACEMENT_3D ( 'NONE', #1700, #989, #828 ) ;
#2253 = DIRECTION ( 'NONE',  ( 0.000000000000000000, -1.000000000000000000, 0.000000000000000000 ) ) ;
#2254 = EDGE_CURVE ( 'NONE', #1491, #1916, #83, .T. ) ;
#2255 = CARTESIAN_POINT ( 'NONE',  ( 0.000000000000000000, 0.000000000000000000, 0.000000000000000000 ) ) ;
#2256 = VERTEX_POINT ( 'NONE', #2211 ) ;
#2257 = FACE_OUTER_BOUND ( 'NONE', #863, .T. ) ;
#2258 = DIRECTION ( 'NONE',  ( -0.000000000000000000, -0.000000000000000000, 1.000000000000000000 ) ) ;
#2259 = VECTOR ( 'NONE', #158, 39.37007874015748143 ) ;
#2260 = DIRECTION ( 'NONE',  ( 0.000000000000000000, -0.7071067811865475727, 0.7071067811865475727 ) ) ;
#2261 = EDGE_CURVE ( 'NONE', #253, #575, #2225, .T. ) ;
#2262 = ORIENTED_EDGE ( 'NONE', *, *, #172, .T. ) ;
#2263 = CARTESIAN_POINT ( 'NONE',  ( -0.9500000000000003997, 0.3749999999999997780, 0.2500000000000000000 ) ) ;
#2264 = EDGE_CURVE ( 'NONE', #917, #437, #1319, .T. ) ;
#2265 = ORIENTED_EDGE ( 'NONE', *, *, #146, .F. ) ;
#2266 = LINE ( 'NONE', #2085, #1648 ) ;
#2267 = DIRECTION ( 'NONE',  ( -1.000000000000000000, -2.101421533587894859E-16, -0.000000000000000000 ) ) ;
#2268 = CARTESIAN_POINT ( 'NONE',  ( -1.500000000000000444, -1.000000000000000222, -0.5500000000000000444 ) ) ;
#2269 = CARTESIAN_POINT ( 'NONE',  ( 0.6749999999999997113, 0.6874999999999995559, -0.1500000000000000500 ) ) ;
#2270 = EDGE_LOOP ( 'NONE', ( #1267, #37, #1349, #1078 ) ) ;
#2271 = VECTOR ( 'NONE', #236, 39.37007874015748854 ) ;
#2272 = DIRECTION ( 'NONE',  ( -1.000000000000000000, -4.202843067175788856E-17, 0.000000000000000000 ) ) ;
#2273 = FACE_OUTER_BOUND ( 'NONE', #979, .T. ) ;
#2274 = LINE ( 'NONE', #672, #1076 ) ;
#2275 = ORIENTED_EDGE ( 'NONE', *, *, #485, .T. ) ;
#2276 = DIRECTION ( 'NONE',  ( -1.000000000000000000, 0.000000000000000000, 0.000000000000000000 ) ) ;
#2277 = VECTOR ( 'NONE', #243, 39.37007874015748143 ) ;
#2278 = AXIS2_PLACEMENT_3D ( 'NONE', #1084, #582, #593 ) ;
#2279 = ORIENTED_EDGE ( 'NONE', *, *, #653, .F. ) ;
#2280 = CYLINDRICAL_SURFACE ( 'NONE', #2295, 0.06249999999999995143 ) ;
#2281 = CARTESIAN_POINT ( 'NONE',  ( 1.074999999999999956, -0.2750000000000001332, -0.1500000000000000500 ) ) ;
#2282 = EDGE_CURVE ( 'NONE', #549, #1074, #1867, .T. ) ;
#2283 = ORIENTED_EDGE ( 'NONE', *, *, #1270, .T. ) ;
#2284 = ORIENTED_EDGE ( 'NONE', *, *, #1527, .T. ) ;
#2285 = PLANE ( 'NONE',  #1876 ) ;
#2286 = EDGE_CURVE ( 'NONE', #1962, #1995, #2006, .T. ) ;
#2287 = CARTESIAN_POINT ( 'NONE',  ( 1.106000000000000094, 0.3060000000000003828, 0.2500000000000000000 ) ) ;
#2288 = ORIENTED_EDGE ( 'NONE', *, *, #1786, .T. ) ;
#2289 = DIRECTION ( 'NONE',  ( -1.000000000000000000, 0.000000000000000000, 0.000000000000000000 ) ) ;
#2290 = CARTESIAN_POINT ( 'NONE',  ( 0.7999999999999998224, 0.2749999999999998557, -0.1500000000000000500 ) ) ;
#2291 = CARTESIAN_POINT ( 'NONE',  ( 0.4049999999999999711, 0.4999999999999997780, 0.4200000000000000400 ) ) ;
#2292 = APPLICATION_CONTEXT ( 'automotive_design' ) ;
#2293 = ORIENTED_EDGE ( 'NONE', *, *, #520, .F. ) ;
#2294 = CARTESIAN_POINT ( 'NONE',  ( 1.499999999999999778, 0.2750000000000000222, -0.1500000000000000500 ) ) ;
#2295 = AXIS2_PLACEMENT_3D ( 'NONE', #2114, #1983, #880 ) ;
#2296 = CARTESIAN_POINT ( 'NONE',  ( 0.4049999999999999711, -0.4999999999999999445, 0.4200000000000000400 ) ) ;
#2297 = AXIS2_PLACEMENT_3D ( 'NONE', #404, #1154, #2013 ) ;
#2298 = ORIENTED_EDGE ( 'NONE', *, *, #878, .T. ) ;
#2299 = ORIENTED_EDGE ( 'NONE', *, *, #1885, .F. ) ;
#2300 = EDGE_CURVE ( 'NONE', #110, #703, #984, .T. ) ;
#2301 = PLANE ( 'NONE',  #1032 ) ;
#2302 = CARTESIAN_POINT ( 'NONE',  ( 1.012499999999999956, -0.6875000000000001110, -0.1500000000000000500 ) ) ;
#2303 = EDGE_LOOP ( 'NONE', ( #830, #29, #1225, #868 ) ) ;
ENDSEC;
END-ISO-10303-21;
