ISO-10303-21;
HEADER;
FILE_DESCRIPTION (( 'STEP AP214' ),
    '1' );
FILE_NAME ('Hook1V.STEP',
    '2026-04-13T01:36:58',
    ( '' ),
    ( '' ),
    'SwSTEP 2.0',
    'SolidWorks 2025',
    '' );
FILE_SCHEMA (( 'AUTOMOTIVE_DESIGN' ));
ENDSEC;

DATA;
#1 = DIRECTION ( 'NONE',  ( 0.000000000000000000, 1.000000000000000000, 0.000000000000000000 ) ) ;
#2 = VERTEX_POINT ( 'NONE', #88 ) ;
#3 = FACE_OUTER_BOUND ( 'NONE', #937, .T. ) ;
#4 = ORIENTED_EDGE ( 'NONE', *, *, #1442, .T. ) ;
#5 = EDGE_CURVE ( 'NONE', #1267, #1318, #1153, .T. ) ;
#6 = CARTESIAN_POINT ( 'NONE',  ( 0.000000000000000000, 0.7500000000000001110, 0.000000000000000000 ) ) ;
#7 = ADVANCED_FACE ( 'NONE', ( #190 ), #1566, .T. ) ;
#8 = CARTESIAN_POINT ( 'NONE',  ( 0.1524203477548968511, 0.6875000000000001110, -0.1351593044902063556 ) ) ;
#9 = CYLINDRICAL_SURFACE ( 'NONE', #1480, 0.06250000000000001388 ) ;
#10 = ORIENTED_EDGE ( 'NONE', *, *, #112, .T. ) ;
#11 = CARTESIAN_POINT ( 'NONE',  ( 0.1560131989104014960, 0.2452525375952847864, 0.5188530642155030348 ) ) ;
#12 = ORIENTED_EDGE ( 'NONE', *, *, #1338, .T. ) ;
#13 = CARTESIAN_POINT ( 'NONE',  ( 0.000000000000000000, -0.7500000000000001110, 0.000000000000000000 ) ) ;
#14 = CARTESIAN_POINT ( 'NONE',  ( -0.1315000000000000058, -0.2500000000000000000, 1.282992897024467462E-17 ) ) ;
#15 = ORIENTED_EDGE ( 'NONE', *, *, #1324, .F. ) ;
#16 = LINE ( 'NONE', #993, #1582 ) ;
#17 = VECTOR ( 'NONE', #166, 39.37007874015748143 ) ;
#18 = ORIENTED_EDGE ( 'NONE', *, *, #232, .F. ) ;
#19 = AXIS2_PLACEMENT_3D ( 'NONE', #1463, #1336, #244 ) ;
#20 = CARTESIAN_POINT ( 'NONE',  ( -0.1560298116786937306, -0.2452456629409216216, 0.1171744993842579324 ) ) ;
#21 = CARTESIAN_POINT ( 'NONE',  ( 0.000000000000000000, -0.2499999999999999167, 0.000000000000000000 ) ) ;
#22 = AXIS2_PLACEMENT_3D ( 'NONE', #695, #582, #1448 ) ;
#23 = LINE ( 'NONE', #859, #571 ) ;
#24 = EDGE_CURVE ( 'NONE', #791, #524, #1288, .T. ) ;
#25 = DIRECTION ( 'NONE',  ( 0.000000000000000000, 1.000000000000000000, 0.000000000000000000 ) ) ;
#26 = EDGE_CURVE ( 'NONE', #379, #34, #117, .T. ) ;
#27 = VERTEX_POINT ( 'NONE', #942 ) ;
#28 = CARTESIAN_POINT ( 'NONE',  ( 0.1022196781220487821, 0.2500000000000000000, 0.1660606437559024595 ) ) ;
#29 = CARTESIAN_POINT ( 'NONE',  ( 0.000000000000000000, 0.7500000000000001110, 0.000000000000000000 ) ) ;
#30 = ORIENTED_EDGE ( 'NONE', *, *, #1519, .F. ) ;
#31 = DIRECTION ( 'NONE',  ( 0.000000000000000000, 1.000000000000000000, 0.000000000000000000 ) ) ;
#32 = CARTESIAN_POINT ( 'NONE',  ( 0.1923939449828849235, -0.2047900794746668474, 0.08834553110955617461 ) ) ;
#33 = FACE_OUTER_BOUND ( 'NONE', #368, .T. ) ;
#34 = VERTEX_POINT ( 'NONE', #803 ) ;
#35 = CARTESIAN_POINT ( 'NONE',  ( 0.1934391854748981343, -0.2009582922915808811, 0.4257570688914115720 ) ) ;
#36 = DIRECTION ( 'NONE',  ( 0.000000000000000000, 1.000000000000000000, -0.000000000000000000 ) ) ;
#37 = ORIENTED_EDGE ( 'NONE', *, *, #898, .T. ) ;
#38 = DIRECTION ( 'NONE',  ( 0.000000000000000000, 0.000000000000000000, -1.000000000000000000 ) ) ;
#39 = CYLINDRICAL_SURFACE ( 'NONE', #73, 0.06350000000000000089 ) ;
#40 = VERTEX_POINT ( 'NONE', #788 ) ;
#41 = DIRECTION ( 'NONE',  ( 0.000000000000000000, 0.000000000000000000, 1.000000000000000000 ) ) ;
#42 = ORIENTED_EDGE ( 'NONE', *, *, #326, .F. ) ;
#43 = AXIS2_PLACEMENT_3D ( 'NONE', #395, #31, #1238 ) ;
#44 = CARTESIAN_POINT ( 'NONE',  ( -0.005000000000000014849, -0.2500000000000000000, 0.3999999999999993006 ) ) ;
#45 = EDGE_CURVE ( 'NONE', #34, #59, #1405, .T. ) ;
#46 = CIRCLE ( 'NONE', #19, 0.1325000000000000067 ) ;
#47 = CIRCLE ( 'NONE', #986, 0.03750000000000001249 ) ;
#48 = CARTESIAN_POINT ( 'NONE',  ( 0.2000000000000000111, 0.6875000000000001110, 0.05000000000000009298 ) ) ;
#49 = ORIENTED_EDGE ( 'NONE', *, *, #1205, .T. ) ;
#50 = PLANE ( 'NONE',  #388 ) ;
#51 = DIRECTION ( 'NONE',  ( 1.000000000000000000, -0.000000000000000000, -7.059038743318510440E-17 ) ) ;
#52 = DIRECTION ( 'NONE',  ( -0.8515930449020640003, -2.326422751134146351E-16, -0.5242034775489682330 ) ) ;
#53 = EDGE_CURVE ( 'NONE', #791, #390, #1381, .T. ) ;
#54 = EDGE_CURVE ( 'NONE', #1267, #1128, #699, .T. ) ;
#55 = DIRECTION ( 'NONE',  ( -0.000000000000000000, -1.000000000000000000, -0.000000000000000000 ) ) ;
#56 = ORIENTED_EDGE ( 'NONE', *, *, #1546, .T. ) ;
#57 = LINE ( 'NONE', #795, #1472 ) ;
#58 = CYLINDRICAL_SURFACE ( 'NONE', #100, 0.1000000000000000194 ) ;
#59 = VERTEX_POINT ( 'NONE', #947 ) ;
#60 = CARTESIAN_POINT ( 'NONE',  ( 0.000000000000000000, -0.7500000000000001110, 0.1325000000000000067 ) ) ;
#61 = LINE ( 'NONE', #645, #1589 ) ;
#62 = ADVANCED_FACE ( 'NONE', ( #933 ), #297, .T. ) ;
#63 =( LENGTH_UNIT ( ) NAMED_UNIT ( * ) SI_UNIT ( $, .METRE. ) );
#64 = CARTESIAN_POINT ( 'NONE',  ( 0.09999999999999999167, 0.6875000000000001110, 0.05000000000000005829 ) ) ;
#65 = CARTESIAN_POINT ( 'NONE',  ( -2.129999999999999893, 0.2500000000000000000, 0.3499999999999998668 ) ) ;
#66 = ORIENTED_EDGE ( 'NONE', *, *, #176, .F. ) ;
#67 = ORIENTED_EDGE ( 'NONE', *, *, #24, .T. ) ;
#68 = LINE ( 'NONE', #410, #985 ) ;
#69 = AXIS2_PLACEMENT_3D ( 'NONE', #271, #520, #1119 ) ;
#70 = CIRCLE ( 'NONE', #1369, 0.06249999999999995143 ) ;
#71 = AXIS2_PLACEMENT_3D ( 'NONE', #273, #1497, #155 ) ;
#72 = CARTESIAN_POINT ( 'NONE',  ( -2.129999999999999893, 0.2236974387893084226, 0.3499999999999999223 ) ) ;
#73 = AXIS2_PLACEMENT_3D ( 'NONE', #1374, #507, #1507 ) ;
#74 = CYLINDRICAL_SURFACE ( 'NONE', #448, 0.06250000000000001388 ) ;
#75 = ADVANCED_FACE ( 'NONE', ( #325 ), #74, .T. ) ;
#76 = EDGE_CURVE ( 'NONE', #1576, #238, #94, .T. ) ;
#77 = FACE_OUTER_BOUND ( 'NONE', #464, .T. ) ;
#78 = ORIENTED_EDGE ( 'NONE', *, *, #971, .F. ) ;
#79 = DIRECTION ( 'NONE',  ( 0.000000000000000000, 0.000000000000000000, 1.000000000000000000 ) ) ;
#80 = MANIFOLD_SOLID_BREP ( 'Fillet3', #315 ) ;
#81 = DIRECTION ( 'NONE',  ( 0.000000000000000000, 0.000000000000000000, -1.000000000000000000 ) ) ;
#82 = DIRECTION ( 'NONE',  ( 0.000000000000000000, -1.000000000000000000, 0.000000000000000000 ) ) ;
#83 = FACE_OUTER_BOUND ( 'NONE', #483, .T. ) ;
#84 = PLANE ( 'NONE',  #941 ) ;
#85 = ORIENTED_EDGE ( 'NONE', *, *, #1115, .F. ) ;
#86 = FACE_OUTER_BOUND ( 'NONE', #1039, .T. ) ;
#87 = ORIENTED_EDGE ( 'NONE', *, *, #232, .T. ) ;
#88 = CARTESIAN_POINT ( 'NONE',  ( 0.2000000000000000389, 0.6875000000000001110, -0.04999999999999991951 ) ) ;
#89 = DIRECTION ( 'NONE',  ( 0.5242034775489682330, 0.000000000000000000, -0.8515930449020638893 ) ) ;
#90 = CARTESIAN_POINT ( 'NONE',  ( 0.1374999999999999833, 0.7500000000000001110, 0.05000000000000009298 ) ) ;
#91 = CARTESIAN_POINT ( 'NONE',  ( 0.1386397686848525046, 0.2500000000000000000, 0.1436420269764926705 ) ) ;
#92 = ADVANCED_FACE ( 'NONE', ( #1279 ), #1541, .T. ) ;
#93 = EDGE_CURVE ( 'NONE', #1521, #999, #57, .T. ) ;
#94 = CIRCLE ( 'NONE', #1108, 0.1950000000000000067 ) ;
#95 = VECTOR ( 'NONE', #129, 39.37007874015748143 ) ;
#96 = AXIS2_PLACEMENT_3D ( 'NONE', #314, #1537, #809 ) ;
#97 = DIRECTION ( 'NONE',  ( -0.000000000000000000, -1.000000000000000000, -0.000000000000000000 ) ) ;
#98 = DIRECTION ( 'NONE',  ( -0.8515930449020640003, 0.000000000000000000, 0.5242034775489681220 ) ) ;
#99 = FACE_OUTER_BOUND ( 'NONE', #1487, .T. ) ;
#100 = AXIS2_PLACEMENT_3D ( 'NONE', #1280, #321, #814 ) ;
#101 = VERTEX_POINT ( 'NONE', #927 ) ;
#102 = LINE ( 'NONE', #578, #242 ) ;
#103 = EDGE_LOOP ( 'NONE', ( #18, #165, #684, #975 ) ) ;
#104 = EDGE_CURVE ( 'NONE', #131, #1267, #829, .T. ) ;
#105 = CARTESIAN_POINT ( 'NONE',  ( 0.1891281036763690082, 0.2139373985286038837, 0.09565572104781963625 ) ) ;
#106 = DIRECTION ( 'NONE',  ( 0.000000000000000000, 0.000000000000000000, 1.000000000000000000 ) ) ;
#107 = CARTESIAN_POINT ( 'NONE',  ( -0.004999999999999961940, 0.2500000000000000000, 0.5999999999999993117 ) ) ;
#108 = ORIENTED_EDGE ( 'NONE', *, *, #734, .F. ) ;
#109 = DIRECTION ( 'NONE',  ( 0.000000000000000000, 0.000000000000000000, 1.000000000000000000 ) ) ;
#110 = DIMENSIONAL_EXPONENTS ( 1.000000000000000000, 0.000000000000000000, 0.000000000000000000, 0.000000000000000000, 0.000000000000000000, 0.000000000000000000, 0.000000000000000000 ) ;
#111 = CARTESIAN_POINT ( 'NONE',  ( 0.1590445190752443061, 0.2441434879439526029, 0.1310817539949394039 ) ) ;
#112 = EDGE_CURVE ( 'NONE', #780, #950, #1420, .T. ) ;
#113 = CARTESIAN_POINT ( 'NONE',  ( 2.388061258337338397E-17, 0.6875000000000001110, 0.1950000000000000067 ) ) ;
#114 = ORIENTED_EDGE ( 'NONE', *, *, #442, .T. ) ;
#115 = DIRECTION ( 'NONE',  ( 0.000000000000000000, 0.000000000000000000, 1.000000000000000000 ) ) ;
#116 = ORIENTED_EDGE ( 'NONE', *, *, #1176, .F. ) ;
#117 =( BOUNDED_CURVE ( )  B_SPLINE_CURVE ( 3, ( #461, #1424, #1165, #428 ),
 .UNSPECIFIED., .F., .T. ) 
 B_SPLINE_CURVE_WITH_KNOTS ( ( 4, 4 ),
 ( 1.235070781905671433, 1.570796326794896780 ),
 .UNSPECIFIED. ) 
 CURVE ( )  GEOMETRIC_REPRESENTATION_ITEM ( )  RATIONAL_B_SPLINE_CURVE ( ( 1.000000000000000000, 0.9906293979101192804, 0.9906293979101192804, 1.000000000000000000 ) ) 
 REPRESENTATION_ITEM ( '' )  );
#118 = CIRCLE ( 'NONE', #419, 0.2000000000000000389 ) ;
#119 = LINE ( 'NONE', #1489, #476 ) ;
#120 = CARTESIAN_POINT ( 'NONE',  ( 0.000000000000000000, 0.6875000000000001110, -0.1950000000000000067 ) ) ;
#121 = CIRCLE ( 'NONE', #1262, 0.1950000000000000067 ) ;
#122 = EDGE_CURVE ( 'NONE', #1118, #1258, #569, .T. ) ;
#123 = VERTEX_POINT ( 'NONE', #1383 ) ;
#124 = ADVANCED_FACE ( 'NONE', ( #169 ), #50, .T. ) ;
#125 = TOROIDAL_SURFACE ( 'NONE', #1066, 0.1325000000000000067, 0.06250000000000000000 ) ;
#126 = CARTESIAN_POINT ( 'NONE',  ( 0.000000000000000000, -0.6875000000000001110, 0.000000000000000000 ) ) ;
#127 = EDGE_LOOP ( 'NONE', ( #171, #1410, #393, #815 ) ) ;
#128 = EDGE_CURVE ( 'NONE', #27, #1247, #144, .T. ) ;
#129 = DIRECTION ( 'NONE',  ( -1.000000000000000000, 0.000000000000000000, 7.059038743318510440E-17 ) ) ;
#130 = CARTESIAN_POINT ( 'NONE',  ( 0.1524203477548968511, -0.6875000000000001110, -0.1351593044902063556 ) ) ;
#131 = VERTEX_POINT ( 'NONE', #199 ) ;
#132 = CARTESIAN_POINT ( 'NONE',  ( -2.380000000000000338, 0.2500000000000000000, -0.3949999999999999623 ) ) ;
#133 = ORIENTED_EDGE ( 'NONE', *, *, #990, .T. ) ;
#134 = EDGE_CURVE ( 'NONE', #721, #1284, #118, .T. ) ;
#135 = DIRECTION ( 'NONE',  ( 0.000000000000000000, 0.000000000000000000, 1.000000000000000000 ) ) ;
#136 = CARTESIAN_POINT ( 'NONE',  ( 0.000000000000000000, -0.6875000000000001110, 0.000000000000000000 ) ) ;
#137 = CARTESIAN_POINT ( 'NONE',  ( 0.1950000000000000067, 0.1864999999999999714, 0.3999999999999993006 ) ) ;
#138 = ORIENTED_EDGE ( 'NONE', *, *, #140, .F. ) ;
#139 = DIRECTION ( 'NONE',  ( 0.000000000000000000, 0.000000000000000000, 1.000000000000000000 ) ) ;
#140 = EDGE_CURVE ( 'NONE', #515, #34, #1439, .T. ) ;
#141 = ADVANCED_FACE ( 'NONE', ( #457 ), #1315, .T. ) ;
#142 = PRODUCT_DEFINITION_CONTEXT ( 'detailed design', #1379, 'design' ) ;
#143 = CARTESIAN_POINT ( 'NONE',  ( 2.918912520362202476E-17, -0.1864999999999999714, 0.4134999999999997566 ) ) ;
#144 = CIRCLE ( 'NONE', #1132, 0.2000000000000000111 ) ;
#145 = DIRECTION ( 'NONE',  ( -0.5242034775489681220, 0.000000000000000000, 0.8515930449020637782 ) ) ;
#146 = VECTOR ( 'NONE', #621, 39.37007874015748143 ) ;
#147 = ORIENTED_EDGE ( 'NONE', *, *, #156, .F. ) ;
#148 = CARTESIAN_POINT ( 'NONE',  ( 0.1934394290642841019, 0.2009572615292380959, 0.4257552155126940741 ) ) ;
#149 = VECTOR ( 'NONE', #1320, 39.37007874015748143 ) ;
#150 = ORIENTED_EDGE ( 'NONE', *, *, #188, .T. ) ;
#151 = VECTOR ( 'NONE', #552, 39.37007874015748143 ) ;
#152 = CARTESIAN_POINT ( 'NONE',  ( -0.005000000000000014849, 0.2500000000000000000, 0.3999999999999993006 ) ) ;
#153 = AXIS2_PLACEMENT_3D ( 'NONE', #612, #852, #257 ) ;
#154 = CARTESIAN_POINT ( 'NONE',  ( 2.388061258337338397E-17, -0.2499999999999999167, 0.1950000000000000067 ) ) ;
#155 = DIRECTION ( 'NONE',  ( 0.000000000000000000, 0.000000000000000000, 1.000000000000000000 ) ) ;
#156 = EDGE_CURVE ( 'NONE', #330, #780, #775, .T. ) ;
#157 = ORIENTED_EDGE ( 'NONE', *, *, #1494, .F. ) ;
#158 = DIRECTION ( 'NONE',  ( 0.000000000000000000, 1.000000000000000000, 0.000000000000000000 ) ) ;
#159 = ORIENTED_EDGE ( 'NONE', *, *, #252, .F. ) ;
#160 = CARTESIAN_POINT ( 'NONE',  ( -0.004999999999999961940, 0.2500000000000000000, 0.5999999999999993117 ) ) ;
#161 = DIRECTION ( 'NONE',  ( 1.000000000000000000, 0.000000000000000000, 0.000000000000000000 ) ) ;
#162 = ORIENTED_EDGE ( 'NONE', *, *, #1467, .F. ) ;
#163 = CARTESIAN_POINT ( 'NONE',  ( 0.000000000000000000, -0.6875000000000001110, 0.1325000000000000067 ) ) ;
#164 = CARTESIAN_POINT ( 'NONE',  ( 0.1946859202738682459, 0.1937831835675507541, 0.4129256093799377192 ) ) ;
#165 = ORIENTED_EDGE ( 'NONE', *, *, #750, .T. ) ;
#166 = DIRECTION ( 'NONE',  ( 0.000000000000000000, -1.000000000000000000, -0.000000000000000000 ) ) ;
#167 = DIRECTION ( 'NONE',  ( -0.000000000000000000, -1.000000000000000000, -0.000000000000000000 ) ) ;
#168 = VERTEX_POINT ( 'NONE', #566 ) ;
#169 = FACE_OUTER_BOUND ( 'NONE', #337, .T. ) ;
#170 = CARTESIAN_POINT ( 'NONE',  ( 0.1375000000000000111, 0.7500000000000001110, 0.000000000000000000 ) ) ;
#171 = ORIENTED_EDGE ( 'NONE', *, *, #821, .T. ) ;
#172 = AXIS2_PLACEMENT_3D ( 'NONE', #1028, #1126, #763 ) ;
#173 = EDGE_CURVE ( 'NONE', #339, #1079, #1074, .T. ) ;
#174 = AXIS2_PLACEMENT_3D ( 'NONE', #1572, #98, #1434 ) ;
#175 = CARTESIAN_POINT ( 'NONE',  ( 0.000000000000000000, -0.7500000000000001110, 0.000000000000000000 ) ) ;
#176 = EDGE_CURVE ( 'NONE', #577, #1330, #217, .T. ) ;
#177 = CIRCLE ( 'NONE', #1477, 0.2000000000000000389 ) ;
#178 = DIRECTION ( 'NONE',  ( -0.000000000000000000, 0.000000000000000000, 1.000000000000000000 ) ) ;
#179 = EDGE_LOOP ( 'NONE', ( #973, #670, #772, #1174 ) ) ;
#180 = DIRECTION ( 'NONE',  ( -0.000000000000000000, -1.000000000000000000, -0.000000000000000000 ) ) ;
#181 = DIRECTION ( 'NONE',  ( -0.000000000000000000, -1.000000000000000000, -0.000000000000000000 ) ) ;
#182 = ORIENTED_EDGE ( 'NONE', *, *, #328, .F. ) ;
#183 = DIRECTION ( 'NONE',  ( 0.000000000000000000, -1.000000000000000000, 0.000000000000000000 ) ) ;
#184 = FILL_AREA_STYLE_COLOUR ( '', #671 ) ;
#185 = CARTESIAN_POINT ( 'NONE',  ( 0.1374999999999999833, -0.7500000000000001110, 0.05000000000000009298 ) ) ;
#186 = ORIENTED_EDGE ( 'NONE', *, *, #1176, .T. ) ;
#187 = DIRECTION ( 'NONE',  ( 0.5242034775489684550, 0.000000000000000000, -0.8515930449020636672 ) ) ;
#188 = EDGE_CURVE ( 'NONE', #330, #1375, #1317, .T. ) ;
#189 = CARTESIAN_POINT ( 'NONE',  ( 0.1950000000000000067, -0.1864999999999999714, 0.3999999999999993006 ) ) ;
#190 = FACE_OUTER_BOUND ( 'NONE', #1483, .T. ) ;
#191 = CARTESIAN_POINT ( 'NONE',  ( 0.1375000000000000111, 0.6875000000000001110, -0.04999999999999993339 ) ) ;
#192 = ORIENTED_EDGE ( 'NONE', *, *, #1565, .F. ) ;
#193 = CARTESIAN_POINT ( 'NONE',  ( 0.000000000000000000, 0.2500000000000000000, 0.000000000000000000 ) ) ;
#194 = ORIENTED_EDGE ( 'NONE', *, *, #823, .F. ) ;
#195 = AXIS2_PLACEMENT_3D ( 'NONE', #655, #644, #686 ) ;
#196 = AXIS2_PLACEMENT_3D ( 'NONE', #522, #382, #145 ) ;
#197 = CARTESIAN_POINT ( 'NONE',  ( -0.1823932945960507757, 0.2246838260663057973, 0.06929908689068028926 ) ) ;
#198 = CARTESIAN_POINT ( 'NONE',  ( 0.000000000000000000, 0.6875000000000001110, 0.000000000000000000 ) ) ;
#199 = CARTESIAN_POINT ( 'NONE',  ( 0.1022196781220486989, 0.6875000000000001110, 0.1660606437559024873 ) ) ;
#200 = DIRECTION ( 'NONE',  ( 0.000000000000000000, 0.000000000000000000, 1.000000000000000000 ) ) ;
#201 = DIRECTION ( 'NONE',  ( -0.8515930449020638893, 0.000000000000000000, 0.5242034775489680110 ) ) ;
#202 = ORIENTED_EDGE ( 'NONE', *, *, #497, .T. ) ;
#203 = DIRECTION ( 'NONE',  ( -1.000000000000000000, 0.000000000000000000, 0.000000000000000000 ) ) ;
#204 = DIRECTION ( 'NONE',  ( 0.000000000000000000, 0.000000000000000000, 1.000000000000000000 ) ) ;
#205 = CARTESIAN_POINT ( 'NONE',  ( -2.180000000000000160, 0.2500000000000000000, -0.3949999999999999623 ) ) ;
#206 = CARTESIAN_POINT ( 'NONE',  ( 0.000000000000000000, 0.2500000000000000000, -0.4949999999999999956 ) ) ;
#207 = EDGE_CURVE ( 'NONE', #1375, #758, #343, .T. ) ;
#208 = EDGE_LOOP ( 'NONE', ( #1142, #4, #355, #978 ) ) ;
#209 = ADVANCED_FACE ( 'NONE', ( #1289 ), #1307, .T. ) ;
#210 = CARTESIAN_POINT ( 'NONE',  ( 0.1022196781220488238, 0.6875000000000001110, -0.1660606437559024040 ) ) ;
#211 = SURFACE_STYLE_FILL_AREA ( #1171 ) ;
#212 = PLANE ( 'NONE',  #1188 ) ;
#213 = ORIENTED_EDGE ( 'NONE', *, *, #536, .F. ) ;
#214 = DIRECTION ( 'NONE',  ( 0.000000000000000000, 0.000000000000000000, 1.000000000000000000 ) ) ;
#215 = ADVANCED_FACE ( 'NONE', ( #83 ), #327, .T. ) ;
#216 = EDGE_LOOP ( 'NONE', ( #1428, #892, #1048, #1556, #345, #276, #946, #929 ) ) ;
#217 = CIRCLE ( 'NONE', #1558, 0.2000000000000000389 ) ;
#218 = VECTOR ( 'NONE', #332, 39.37007874015748143 ) ;
#219 = DIRECTION ( 'NONE',  ( 3.552713678800500929E-15, 0.000000000000000000, 1.000000000000000000 ) ) ;
#220 = CARTESIAN_POINT ( 'NONE',  ( 0.1022196781220486989, 1.096216032218403580, 0.1660606437559024873 ) ) ;
#221 = AXIS2_PLACEMENT_3D ( 'NONE', #845, #1333, #234 ) ;
#222 = VERTEX_POINT ( 'NONE', #1446 ) ;
#223 = CARTESIAN_POINT ( 'NONE',  ( 0.1374999999999999833, -0.6875000000000001110, 0.05000000000000006523 ) ) ;
#224 = ORIENTED_EDGE ( 'NONE', *, *, #366, .F. ) ;
#225 = DIRECTION ( 'NONE',  ( 0.000000000000000000, 0.000000000000000000, 1.000000000000000000 ) ) ;
#226 = LINE ( 'NONE', #681, #544 ) ;
#227 = DIRECTION ( 'NONE',  ( 0.000000000000000000, -1.000000000000000000, 0.000000000000000000 ) ) ;
#228 = EDGE_LOOP ( 'NONE', ( #1007, #579, #1073, #49, #1236, #471, #411, #1544, #538, #1498 ) ) ;
#229 = DIRECTION ( 'NONE',  ( 0.000000000000000000, 1.000000000000000000, 0.000000000000000000 ) ) ;
#230 = VERTEX_POINT ( 'NONE', #444 ) ;
#231 = EDGE_CURVE ( 'NONE', #602, #791, #837, .T. ) ;
#232 = EDGE_CURVE ( 'NONE', #1247, #284, #1172, .T. ) ;
#233 = CARTESIAN_POINT ( 'NONE',  ( -2.380000000000000338, 0.2500000000000000000, -0.3949999999999999623 ) ) ;
#234 = DIRECTION ( 'NONE',  ( -1.000000000000000000, 0.000000000000000000, 0.000000000000000000 ) ) ;
#235 = ORIENTED_EDGE ( 'NONE', *, *, #1536, .T. ) ;
#236 = CARTESIAN_POINT ( 'NONE',  ( 0.1846318657221772130, -0.2214835882958734459, 0.4639029975478084489 ) ) ;
#237 = CARTESIAN_POINT ( 'NONE',  ( -2.380000000000000338, 0.2500000000000000000, 0.000000000000000000 ) ) ;
#238 = VERTEX_POINT ( 'NONE', #1560 ) ;
#239 = VECTOR ( 'NONE', #1248, 39.37007874015748143 ) ;
#240 = LINE ( 'NONE', #631, #1285 ) ;
#241 = CARTESIAN_POINT ( 'NONE',  ( 0.2000000000000000111, -0.6875000000000001110, -0.04999999999999991951 ) ) ;
#242 = VECTOR ( 'NONE', #1086, 39.37007874015748143 ) ;
#243 = CIRCLE ( 'NONE', #598, 0.1950000000000000067 ) ;
#244 = DIRECTION ( 'NONE',  ( 0.000000000000000000, 0.000000000000000000, 1.000000000000000000 ) ) ;
#245 = ORIENTED_EDGE ( 'NONE', *, *, #924, .T. ) ;
#246 = DIRECTION ( 'NONE',  ( 7.059038743318511672E-17, 0.000000000000000000, 1.000000000000000000 ) ) ;
#247 = CARTESIAN_POINT ( 'NONE',  ( 0.1314999999999999780, 0.2500000000000000000, 0.5461771185924794159 ) ) ;
#248 = ORIENTED_EDGE ( 'NONE', *, *, #715, .F. ) ;
#249 = CARTESIAN_POINT ( 'NONE',  ( 0.1746150293417148003, -0.2337944866848488124, 0.4890012664767134920 ) ) ;
#250 = CARTESIAN_POINT ( 'NONE',  ( 1.015905972643896374E-16, 0.2500000000000000000, -0.5949999999999996403 ) ) ;
#251 = ORIENTED_EDGE ( 'NONE', *, *, #397, .F. ) ;
#252 = EDGE_CURVE ( 'NONE', #999, #602, #827, .T. ) ;
#253 = ADVANCED_FACE ( 'NONE', ( #706 ), #1190, .T. ) ;
#254 = CARTESIAN_POINT ( 'NONE',  ( -0.1515926604495750896, -0.2469362296537701840, 0.1228693170829881220 ) ) ;
#255 = FACE_OUTER_BOUND ( 'NONE', #1040, .T. ) ;
#256 = CARTESIAN_POINT ( 'NONE',  ( 0.1375000000000000111, -0.6875000000000001110, -0.04999999999999991951 ) ) ;
#257 = DIRECTION ( 'NONE',  ( 0.000000000000000000, 0.000000000000000000, 1.000000000000000000 ) ) ;
#258 = CARTESIAN_POINT ( 'NONE',  ( -0.1314999999999999780, 0.2500000000000000000, 0.4134999999999997566 ) ) ;
#259 = EDGE_LOOP ( 'NONE', ( #1418, #540, #1116, #864 ) ) ;
#260 = CARTESIAN_POINT ( 'NONE',  ( -1.979999999999999982, 0.2500000000000000000, -0.4949999999999999956 ) ) ;
#261 = CARTESIAN_POINT ( 'NONE',  ( 0.1748728643387728598, -0.2333027995090508344, 0.1166558250375350353 ) ) ;
#262 = EDGE_CURVE ( 'NONE', #290, #1574, #1061, .T. ) ;
#263 = CARTESIAN_POINT ( 'NONE',  ( 0.06945696077523819123, 0.7500000000000001110, 0.1128360784495234803 ) ) ;
#264 = AXIS2_PLACEMENT_3D ( 'NONE', #13, #1384, #335 ) ;
#265 = ORIENTED_EDGE ( 'NONE', *, *, #366, .T. ) ;
#266 = FACE_OUTER_BOUND ( 'NONE', #216, .T. ) ;
#267 = CARTESIAN_POINT ( 'NONE',  ( -1.979999999999999982, 0.2500000000000000000, -0.4949999999999999956 ) ) ;
#268 = VECTOR ( 'NONE', #285, 39.37007874015748143 ) ;
#269 = ORIENTED_EDGE ( 'NONE', *, *, #530, .T. ) ;
#270 = CIRCLE ( 'NONE', #1451, 0.06250000000000001388 ) ;
#271 = CARTESIAN_POINT ( 'NONE',  ( 1.622657008870243104E-17, -0.6875000000000001110, -0.1325000000000000067 ) ) ;
#272 = EDGE_CURVE ( 'NONE', #799, #969, #1242, .T. ) ;
#273 = CARTESIAN_POINT ( 'NONE',  ( 0.000000000000000000, 0.6875000000000001110, 0.000000000000000000 ) ) ;
#274 = ORIENTED_EDGE ( 'NONE', *, *, #26, .F. ) ;
#275 = DIRECTION ( 'NONE',  ( -0.000000000000000000, -1.000000000000000000, -0.000000000000000000 ) ) ;
#276 = ORIENTED_EDGE ( 'NONE', *, *, #278, .T. ) ;
#277 = FACE_OUTER_BOUND ( 'NONE', #527, .T. ) ;
#278 = EDGE_CURVE ( 'NONE', #1365, #123, #240, .T. ) ;
#279 = CARTESIAN_POINT ( 'NONE',  ( 0.1375000000000000111, -0.7500000000000001110, -0.04999999999999993339 ) ) ;
#280 = EDGE_CURVE ( 'NONE', #40, #1576, #618, .T. ) ;
#281 = ORIENTED_EDGE ( 'NONE', *, *, #1231, .F. ) ;
#282 =( NAMED_UNIT ( * ) SI_UNIT ( $, .STERADIAN. ) SOLID_ANGLE_UNIT ( ) );
#283 = PLANE ( 'NONE',  #649 ) ;
#284 = VERTEX_POINT ( 'NONE', #1481 ) ;
#285 = DIRECTION ( 'NONE',  ( -0.8515930449020637782, 0.000000000000000000, 0.5242034775489681220 ) ) ;
#286 = CARTESIAN_POINT ( 'NONE',  ( -1.979999999999999982, -0.2500000000000000000, -0.4949999999999999956 ) ) ;
#287 = ORIENTED_EDGE ( 'NONE', *, *, #530, .F. ) ;
#288 = CARTESIAN_POINT ( 'NONE',  ( -2.180000000000000160, -0.2500000000000000000, -0.3949999999999999623 ) ) ;
#289 = CARTESIAN_POINT ( 'NONE',  ( 0.1950000000000000067, 0.1864999999999999158, 0.08122498999199198599 ) ) ;
#290 = VERTEX_POINT ( 'NONE', #381 ) ;
#291 = AXIS2_PLACEMENT_3D ( 'NONE', #198, #97, #557 ) ;
#292 = LINE ( 'NONE', #1042, #294 ) ;
#293 = ORIENTED_EDGE ( 'NONE', *, *, #452, .T. ) ;
#294 = VECTOR ( 'NONE', #1268, 39.37007874015748143 ) ;
#295 = VECTOR ( 'NONE', #416, 39.37007874015748143 ) ;
#296 = CYLINDRICAL_SURFACE ( 'NONE', #1373, 0.09999999999999999167 ) ;
#297 = PLANE ( 'NONE',  #1366 ) ;
#298 = CARTESIAN_POINT ( 'NONE',  ( 0.06945696077523819123, 0.6875000000000001110, 0.1128360784495234803 ) ) ;
#299 = CARTESIAN_POINT ( 'NONE',  ( -2.129999999999999893, -0.1864999999999999714, 0.3499999999999998668 ) ) ;
#300 = EDGE_CURVE ( 'NONE', #907, #791, #1206, .T. ) ;
#301 = VERTEX_POINT ( 'NONE', #851 ) ;
#302 = EDGE_CURVE ( 'NONE', #640, #1576, #119, .T. ) ;
#303 = CARTESIAN_POINT ( 'NONE',  ( 2.005359133603791367E-17, 0.7500000000000001110, -0.1325000000000000344 ) ) ;
#304 = DIRECTION ( 'NONE',  ( 1.224646799147353207E-16, 0.000000000000000000, -1.000000000000000000 ) ) ;
#305 = VERTEX_POINT ( 'NONE', #154 ) ;
#306 = ORIENTED_EDGE ( 'NONE', *, *, #564, .T. ) ;
#307 = CARTESIAN_POINT ( 'NONE',  ( 0.06945696077523830225, 0.6875000000000001110, -0.1128360784495234387 ) ) ;
#308 = ORIENTED_EDGE ( 'NONE', *, *, #960, .F. ) ;
#309 = DIRECTION ( 'NONE',  ( 0.000000000000000000, 0.000000000000000000, 1.000000000000000000 ) ) ;
#310 = DIRECTION ( 'NONE',  ( -0.000000000000000000, 0.000000000000000000, 1.000000000000000000 ) ) ;
#311 = CARTESIAN_POINT ( 'NONE',  ( 0.1862514427439641296, 0.2192209159582928224, 0.1009969202281999073 ) ) ;
#312 = FACE_OUTER_BOUND ( 'NONE', #1062, .T. ) ;
#313 = ORIENTED_EDGE ( 'NONE', *, *, #272, .T. ) ;
#314 = CARTESIAN_POINT ( 'NONE',  ( 0.1524203477548967400, 1.096216032218403580, 0.1351593044902064111 ) ) ;
#315 = CLOSED_SHELL ( 'NONE', ( #970, #1198, #1371, #849, #92, #405, #1019, #761, #434, #387, #653, #124, #62, #580, #1269, #1249, #1177, #793, #209, #1210, #1360, #141, #7, #518, #1304, #215, #1083, #1018, #1495, #679, #1056, #1104, #1312, #1036, #350, #1129, #1251, #75, #1299, #1348, #1271, #1411, #872, #1370, #1148, #253, #800, #519, #1067, #1332 ) ) ;
#316 = CIRCLE ( 'NONE', #1422, 0.1000000000000000056 ) ;
#317 = AXIS2_PLACEMENT_3D ( 'NONE', #931, #1283, #665 ) ;
#318 = AXIS2_PLACEMENT_3D ( 'NONE', #354, #1573, #720 ) ;
#319 = CARTESIAN_POINT ( 'NONE',  ( -0.1949999999999999512, -0.2236974387893085059, 0.3499999999999997558 ) ) ;
#320 = DIRECTION ( 'NONE',  ( 1.000000000000000000, 0.000000000000000000, -2.652279605499284415E-16 ) ) ;
#321 = DIRECTION ( 'NONE',  ( 0.000000000000000000, -1.000000000000000000, 0.000000000000000000 ) ) ;
#322 = VERTEX_POINT ( 'NONE', #233 ) ;
#323 = DIRECTION ( 'NONE',  ( -9.756599977372377265E-17, 0.000000000000000000, -1.000000000000000000 ) ) ;
#324 = ORIENTED_EDGE ( 'NONE', *, *, #801, .F. ) ;
#325 = FACE_OUTER_BOUND ( 'NONE', #1334, .T. ) ;
#326 = EDGE_CURVE ( 'NONE', #1450, #842, #513, .T. ) ;
#327 = PLANE ( 'NONE',  #620 ) ;
#328 = EDGE_CURVE ( 'NONE', #842, #379, #1182, .T. ) ;
#329 = FACE_OUTER_BOUND ( 'NONE', #1047, .T. ) ;
#330 = VERTEX_POINT ( 'NONE', #867 ) ;
#331 = EDGE_CURVE ( 'NONE', #1574, #1138, #743, .T. ) ;
#332 = DIRECTION ( 'NONE',  ( -0.000000000000000000, -1.000000000000000000, -0.000000000000000000 ) ) ;
#333 = ORIENTED_EDGE ( 'NONE', *, *, #1519, .T. ) ;
#334 = DIRECTION ( 'NONE',  ( 0.000000000000000000, -1.000000000000000000, 0.000000000000000000 ) ) ;
#335 = DIRECTION ( 'NONE',  ( 0.000000000000000000, -0.000000000000000000, 1.000000000000000000 ) ) ;
#336 = FACE_OUTER_BOUND ( 'NONE', #1493, .T. ) ;
#337 = EDGE_LOOP ( 'NONE', ( #1093, #446, #1524, #383 ) ) ;
#338 = DIRECTION ( 'NONE',  ( -0.8515930449020637782, -0.000000000000000000, -0.5242034775489681220 ) ) ;
#339 = VERTEX_POINT ( 'NONE', #1355 ) ;
#340 = AXIS2_PLACEMENT_3D ( 'NONE', #826, #588, #219 ) ;
#341 = CIRCLE ( 'NONE', #623, 0.1325000000000000067 ) ;
#342 = VECTOR ( 'NONE', #998, 39.37007874015748143 ) ;
#343 = LINE ( 'NONE', #468, #832 ) ;
#344 = DIRECTION ( 'NONE',  ( 0.5242034775489682330, 0.000000000000000000, 0.8515930449020638893 ) ) ;
#345 = ORIENTED_EDGE ( 'NONE', *, *, #715, .T. ) ;
#346 = CARTESIAN_POINT ( 'NONE',  ( -0.1950000000000000067, -0.1864999999999999714, -4.466217029076044898E-23 ) ) ;
#347 = DIRECTION ( 'NONE',  ( -1.000000000000000000, 0.000000000000000000, 0.000000000000000000 ) ) ;
#348 = ORIENTED_EDGE ( 'NONE', *, *, #1466, .F. ) ;
#349 = ADVANCED_BREP_SHAPE_REPRESENTATION ( 'Hook1V', ( #80, #1294 ), #1429 ) ;
#350 = ADVANCED_FACE ( 'NONE', ( #727 ), #1033, .T. ) ;
#351 = EDGE_CURVE ( 'NONE', #999, #1054, #719, .T. ) ;
#352 =( LENGTH_UNIT ( ) NAMED_UNIT ( * ) SI_UNIT ( $, .METRE. ) );
#353 = DIRECTION ( 'NONE',  ( 0.000000000000000000, -0.000000000000000000, -1.000000000000000000 ) ) ;
#354 = CARTESIAN_POINT ( 'NONE',  ( 0.000000000000000000, 0.2500000000000000000, 0.000000000000000000 ) ) ;
#355 = ORIENTED_EDGE ( 'NONE', *, *, #509, .T. ) ;
#356 = CARTESIAN_POINT ( 'NONE',  ( 0.1515814556642327005, -0.2469396736736703124, 0.5246415770512531385 ) ) ;
#357 = CYLINDRICAL_SURFACE ( 'NONE', #477, 0.06350000000000000089 ) ;
#358 = VERTEX_POINT ( 'NONE', #8 ) ;
#359 = DIRECTION ( 'NONE',  ( 0.000000000000000000, 1.000000000000000000, 2.731847993664265191E-16 ) ) ;
#360 = ORIENTED_EDGE ( 'NONE', *, *, #896, .F. ) ;
#361 = DIRECTION ( 'NONE',  ( 0.000000000000000000, 1.000000000000000000, -4.097771990496397786E-16 ) ) ;
#362 = ORIENTED_EDGE ( 'NONE', *, *, #591, .F. ) ;
#363 = STYLED_ITEM ( 'NONE', ( #818 ), #80 ) ;
#364 = DIRECTION ( 'NONE',  ( 0.000000000000000000, -1.000000000000000000, 0.000000000000000000 ) ) ;
#365 = LINE ( 'NONE', #1011, #342 ) ;
#366 = EDGE_CURVE ( 'NONE', #1054, #1144, #23, .T. ) ;
#367 = CIRCLE ( 'NONE', #572, 0.1950000000000000067 ) ;
#368 = EDGE_LOOP ( 'NONE', ( #182, #42, #853, #1234, #274 ) ) ;
#369 = AXIS2_PLACEMENT_3D ( 'NONE', #1143, #539, #1533 ) ;
#370 = CARTESIAN_POINT ( 'NONE',  ( -0.1884534780048819080, -0.2148393227409256812, 0.05052687778389693823 ) ) ;
#371 = CARTESIAN_POINT ( 'NONE',  ( 2.918912520362201860E-17, 0.1864999999999999714, 0.4134999999999997566 ) ) ;
#372 = ORIENTED_EDGE ( 'NONE', *, *, #1068, .T. ) ;
#373 = CIRCLE ( 'NONE', #529, 0.03750000000000001249 ) ;
#374 = DIRECTION ( 'NONE',  ( -0.000000000000000000, -1.000000000000000000, -0.000000000000000000 ) ) ;
#375 = CARTESIAN_POINT ( 'NONE',  ( 0.1524203477548967678, -0.2464548917921989546, 0.1351593044902064389 ) ) ;
#376 = FACE_OUTER_BOUND ( 'NONE', #879, .T. ) ;
#377 = ORIENTED_EDGE ( 'NONE', *, *, #452, .F. ) ;
#378 = CARTESIAN_POINT ( 'NONE',  ( 0.1925072279204097792, 0.2045002256356203696, 0.4321400599499647388 ) ) ;
#379 = VERTEX_POINT ( 'NONE', #976 ) ;
#380 = DIRECTION ( 'NONE',  ( 8.537024980200821818E-16, 0.000000000000000000, 1.000000000000000000 ) ) ;
#381 = CARTESIAN_POINT ( 'NONE',  ( 0.2000000000000000389, -0.6875000000000001110, -0.04999999999999991951 ) ) ;
#382 = DIRECTION ( 'NONE',  ( -0.8515930449020640003, 0.000000000000000000, -0.5242034775489682330 ) ) ;
#383 = ORIENTED_EDGE ( 'NONE', *, *, #300, .T. ) ;
#384 = DIRECTION ( 'NONE',  ( 0.000000000000000000, 0.000000000000000000, -1.000000000000000000 ) ) ;
#385 = ORIENTED_EDGE ( 'NONE', *, *, #5, .F. ) ;
#386 = LINE ( 'NONE', #773, #17 ) ;
#387 = ADVANCED_FACE ( 'NONE', ( #1469 ), #1346, .F. ) ;
#388 = AXIS2_PLACEMENT_3D ( 'NONE', #533, #900, #1391 ) ;
#389 = PLANE ( 'NONE',  #454 ) ;
#390 = VERTEX_POINT ( 'NONE', #1290 ) ;
#391 = CARTESIAN_POINT ( 'NONE',  ( 0.1515817210556525130, 0.2469395907351294162, 0.5246412497337717973 ) ) ;
#392 = AXIS2_PLACEMENT_3D ( 'NONE', #193, #676, #1525 ) ;
#393 = ORIENTED_EDGE ( 'NONE', *, *, #1546, .F. ) ;
#394 = AXIS2_PLACEMENT_3D ( 'NONE', #1022, #1516, #408 ) ;
#395 = CARTESIAN_POINT ( 'NONE',  ( 0.1000000000000000194, -0.6875000000000001110, -0.04999999999999995420 ) ) ;
#396 = EDGE_CURVE ( 'NONE', #123, #1293, #701, .T. ) ;
#397 = EDGE_CURVE ( 'NONE', #1358, #168, #226, .T. ) ;
#398 = DIRECTION ( 'NONE',  ( 1.821231995776174690E-15, 0.000000000000000000, 1.000000000000000000 ) ) ;
#399 = ORIENTED_EDGE ( 'NONE', *, *, #207, .F. ) ;
#400 = DIRECTION ( 'NONE',  ( 0.000000000000000000, 0.000000000000000000, 1.000000000000000000 ) ) ;
#401 = CARTESIAN_POINT ( 'NONE',  ( 0.1846323018711541475, 0.2214829305751992716, 0.4639017118203125345 ) ) ;
#402 = ORIENTED_EDGE ( 'NONE', *, *, #1504, .F. ) ;
#403 = CARTESIAN_POINT ( 'NONE',  ( -0.1949999999999999789, 0.1864999999999999714, 0.3499999999999997558 ) ) ;
#404 = CARTESIAN_POINT ( 'NONE',  ( -2.180000000000000160, -0.2500000000000000000, 0.3999999999999998557 ) ) ;
#405 = ADVANCED_FACE ( 'NONE', ( #1301 ), #962, .T. ) ;
#406 = ORIENTED_EDGE ( 'NONE', *, *, #1205, .F. ) ;
#407 = DIRECTION ( 'NONE',  ( 9.756599977372377265E-17, -0.000000000000000000, 1.000000000000000000 ) ) ;
#408 = DIRECTION ( 'NONE',  ( -0.5242034775489681220, 0.000000000000000000, 0.8515930449020638893 ) ) ;
#409 = LINE ( 'NONE', #1468, #1445 ) ;
#410 = CARTESIAN_POINT ( 'NONE',  ( 0.000000000000000000, 0.2500000000000000000, -0.4949999999999999956 ) ) ;
#411 = ORIENTED_EDGE ( 'NONE', *, *, #414, .T. ) ;
#412 = LINE ( 'NONE', #914, #1043 ) ;
#413 = ORIENTED_EDGE ( 'NONE', *, *, #76, .F. ) ;
#414 = EDGE_CURVE ( 'NONE', #861, #907, #981, .T. ) ;
#415 = EDGE_CURVE ( 'NONE', #59, #1450, #887, .T. ) ;
#416 = DIRECTION ( 'NONE',  ( -0.8515930449020637782, 0.000000000000000000, 0.5242034775489681220 ) ) ;
#417 = ORIENTED_EDGE ( 'NONE', *, *, #173, .F. ) ;
#418 = PRESENTATION_LAYER_ASSIGNMENT (  '', '', ( #363 ) ) ;
#419 = AXIS2_PLACEMENT_3D ( 'NONE', #713, #1199, #225 ) ;
#420 = CARTESIAN_POINT ( 'NONE',  ( 0.000000000000000000, 0.7500000000000001110, 0.000000000000000000 ) ) ;
#421 = ORIENTED_EDGE ( 'NONE', *, *, #619, .F. ) ;
#422 = CIRCLE ( 'NONE', #1503, 0.2000000000000000111 ) ;
#423 = TOROIDAL_SURFACE ( 'NONE', #1398, 0.03749999999999999167, 0.06250000000000000000 ) ;
#424 = VECTOR ( 'NONE', #531, 39.37007874015748143 ) ;
#425 = CARTESIAN_POINT ( 'NONE',  ( 0.000000000000000000, 0.7500000000000001110, 0.000000000000000000 ) ) ;
#426 = LINE ( 'NONE', #542, #424 ) ;
#427 = B_SPLINE_CURVE_WITH_KNOTS ( 'NONE', 3,
 ( #989, #1482, #868, #744, #550, #1530, #678, #1404, #197, #1520, #1044, #656, #1020, #767, #1050, #1164 ),
 .UNSPECIFIED., .F., .F.,
 ( 4, 2, 2, 2, 2, 2, 2, 4 ),
 ( -1.407551873360516294E-05, 0.0005407283079898256772, 0.001095532134713256365, 0.001650335961436687378, 0.002205139788160117957, 0.003314747441606981718, 0.003869551268330413598, 0.004424355095053845478 ),
 .UNSPECIFIED. ) ;
#428 = CARTESIAN_POINT ( 'NONE',  ( 0.1315000000000000058, -0.2500000000000000000, 0.1480369566860528507 ) ) ;
#429 = DIRECTION ( 'NONE',  ( 1.000000000000000000, -0.000000000000000000, 1.224646799147353207E-16 ) ) ;
#430 = VERTEX_POINT ( 'NONE', #549 ) ;
#431 = ORIENTED_EDGE ( 'NONE', *, *, #1350, .T. ) ;
#432 = FACE_OUTER_BOUND ( 'NONE', #1306, .T. ) ;
#433 = ORIENTED_EDGE ( 'NONE', *, *, #691, .T. ) ;
#434 = ADVANCED_FACE ( 'NONE', ( #266 ), #1529, .T. ) ;
#435 = CARTESIAN_POINT ( 'NONE',  ( 0.1196576304080862740, -0.6875000000000001110, 0.08193473918382745969 ) ) ;
#436 = VERTEX_POINT ( 'NONE', #667 ) ;
#437 = DIRECTION ( 'NONE',  ( 0.000000000000000000, 0.000000000000000000, -1.000000000000000000 ) ) ;
#438 = CARTESIAN_POINT ( 'NONE',  ( 0.1524203477548967400, 0.6875000000000001110, 0.1351593044902064111 ) ) ;
#439 = ORIENTED_EDGE ( 'NONE', *, *, #1096, .T. ) ;
#440 = ORIENTED_EDGE ( 'NONE', *, *, #252, .T. ) ;
#441 = PLANE ( 'NONE',  #1157 ) ;
#442 = EDGE_CURVE ( 'NONE', #1079, #842, #1155, .T. ) ;
#443 = DIRECTION ( 'NONE',  ( 0.000000000000000000, 0.000000000000000000, 1.000000000000000000 ) ) ;
#444 = CARTESIAN_POINT ( 'NONE',  ( 0.06945696077523830225, 0.7500000000000001110, -0.1128360784495234109 ) ) ;
#445 = FACE_OUTER_BOUND ( 'NONE', #474, .T. ) ;
#446 = ORIENTED_EDGE ( 'NONE', *, *, #749, .T. ) ;
#447 = LINE ( 'NONE', #482, #218 ) ;
#448 = AXIS2_PLACEMENT_3D ( 'NONE', #812, #693, #1298 ) ;
#449 = ORIENTED_EDGE ( 'NONE', *, *, #591, .T. ) ;
#450 = AXIS2_PLACEMENT_3D ( 'NONE', #1232, #599, #484 ) ;
#451 = CIRCLE ( 'NONE', #1344, 0.03749999999999999861 ) ;
#452 = EDGE_CURVE ( 'NONE', #1021, #1353, #869, .T. ) ;
#453 = EDGE_CURVE ( 'NONE', #1330, #1353, #1091, .T. ) ;
#454 = AXIS2_PLACEMENT_3D ( 'NONE', #1347, #883, #1243 ) ;
#455 = AXIS2_PLACEMENT_3D ( 'NONE', #435, #925, #1263 ) ;
#456 = SURFACE_SIDE_STYLE ('',( #211 ) ) ;
#457 = FACE_OUTER_BOUND ( 'NONE', #825, .T. ) ;
#458 = DIRECTION ( 'NONE',  ( 1.000000000000000000, 0.000000000000000000, -0.000000000000000000 ) ) ;
#459 = DIRECTION ( 'NONE',  ( -0.000000000000000000, -1.000000000000000000, -0.000000000000000000 ) ) ;
#460 = ORIENTED_EDGE ( 'NONE', *, *, #1338, .F. ) ;
#461 = CARTESIAN_POINT ( 'NONE',  ( 0.1524203477548967678, -0.2464548917921989546, 0.1351593044902064389 ) ) ;
#462 = DIRECTION ( 'NONE',  ( -0.8515930449020637782, 0.000000000000000000, -0.5242034775489681220 ) ) ;
#463 = FACE_OUTER_BOUND ( 'NONE', #1245, .T. ) ;
#464 = EDGE_LOOP ( 'NONE', ( #235, #603, #967, #1282 ) ) ;
#465 = CARTESIAN_POINT ( 'NONE',  ( -2.193499999999999783, -0.1864999999999999714, -0.000000000000000000 ) ) ;
#466 = ORIENTED_EDGE ( 'NONE', *, *, #262, .T. ) ;
#467 = CARTESIAN_POINT ( 'NONE',  ( 0.1022196781220488238, -0.6875000000000003331, -0.1660606437559024040 ) ) ;
#468 = CARTESIAN_POINT ( 'NONE',  ( 0.1524203477548967400, -0.6875000000000001110, 0.1351593044902064111 ) ) ;
#469 = CARTESIAN_POINT ( 'NONE',  ( -0.1950000000000000067, 0.1864999999999999714, -4.466217029076044898E-23 ) ) ;
#470 = EDGE_CURVE ( 'NONE', #950, #1375, #1110, .T. ) ;
#471 = ORIENTED_EDGE ( 'NONE', *, *, #770, .F. ) ;
#472 = EDGE_CURVE ( 'NONE', #1318, #238, #409, .T. ) ;
#473 = CARTESIAN_POINT ( 'NONE',  ( -0.1950000000000000067, -0.1864999999999999714, -4.466217029076044898E-23 ) ) ;
#474 = EDGE_LOOP ( 'NONE', ( #333, #399, #1084, #421 ) ) ;
#475 = AXIS2_PLACEMENT_3D ( 'NONE', #551, #1549, #443 ) ;
#476 = VECTOR ( 'NONE', #364, 39.37007874015748143 ) ;
#477 = AXIS2_PLACEMENT_3D ( 'NONE', #732, #593, #841 ) ;
#478 = VECTOR ( 'NONE', #227, 39.37007874015748143 ) ;
#479 = DIRECTION ( 'NONE',  ( 0.8515930449020637782, -0.000000000000000000, -0.5242034775489681220 ) ) ;
#480 = DIRECTION ( 'NONE',  ( 0.000000000000000000, 0.000000000000000000, 1.000000000000000000 ) ) ;
#481 = ORIENTED_EDGE ( 'NONE', *, *, #1504, .T. ) ;
#482 = CARTESIAN_POINT ( 'NONE',  ( 2.388061258337338397E-17, 0.7500000000000001110, 0.1950000000000000067 ) ) ;
#483 = EDGE_LOOP ( 'NONE', ( #674, #1415, #642, #245 ) ) ;
#484 = DIRECTION ( 'NONE',  ( 0.5242034775489680110, 0.000000000000000000, -0.8515930449020640003 ) ) ;
#485 = LINE ( 'NONE', #220, #478 ) ;
#486 = EDGE_LOOP ( 'NONE', ( #1032, #147, #150, #1136 ) ) ;
#487 = CARTESIAN_POINT ( 'NONE',  ( 0.1925069392622729136, -0.2045011945210605531, 0.4321418162918114758 ) ) ;
#488 = DIRECTION ( 'NONE',  ( 0.000000000000000000, 0.000000000000000000, 1.000000000000000000 ) ) ;
#489 = ORIENTED_EDGE ( 'NONE', *, *, #140, .T. ) ;
#490 = DIRECTION ( 'NONE',  ( -0.000000000000000000, -0.000000000000000000, -1.000000000000000000 ) ) ;
#491 = CARTESIAN_POINT ( 'NONE',  ( 0.1950000000000000067, 0.1864999999999999714, 0.3999999999999993006 ) ) ;
#492 = ORIENTED_EDGE ( 'NONE', *, *, #300, .F. ) ;
#493 = CARTESIAN_POINT ( 'NONE',  ( -0.1949999999999998956, -0.1901277146156927222, 0.006357176109965397004 ) ) ;
#494 = FACE_OUTER_BOUND ( 'NONE', #486, .T. ) ;
#495 = ORIENTED_EDGE ( 'NONE', *, *, #1547, .F. ) ;
#496 = VECTOR ( 'NONE', #310, 39.37007874015748143 ) ;
#497 = EDGE_CURVE ( 'NONE', #222, #238, #751, .T. ) ;
#498 = CARTESIAN_POINT ( 'NONE',  ( 0.1932917857473606116, -0.2015660159681396668, 0.08605937644543654175 ) ) ;
#499 = DIRECTION ( 'NONE',  ( -9.756599977372377265E-17, 0.000000000000000000, -1.000000000000000000 ) ) ;
#500 = AXIS2_PLACEMENT_3D ( 'NONE', #790, #181, #555 ) ;
#501 = AXIS2_PLACEMENT_3D ( 'NONE', #191, #1160, #1414 ) ;
#502 = CARTESIAN_POINT ( 'NONE',  ( -2.193499999999999783, -0.2500000000000000000, 0.4134999999999999232 ) ) ;
#503 = EDGE_LOOP ( 'NONE', ( #1407, #1161, #885, #248 ) ) ;
#504 = VECTOR ( 'NONE', #309, 39.37007874015748143 ) ;
#505 = DIRECTION ( 'NONE',  ( 0.000000000000000000, 0.000000000000000000, 1.000000000000000000 ) ) ;
#506 = DIRECTION ( 'NONE',  ( -0.000000000000000000, 0.000000000000000000, 1.000000000000000000 ) ) ;
#507 = DIRECTION ( 'NONE',  ( 0.000000000000000000, -0.000000000000000000, -1.000000000000000000 ) ) ;
#508 = EDGE_LOOP ( 'NONE', ( #324, #202, #413, #1184 ) ) ;
#509 = EDGE_CURVE ( 'NONE', #1389, #1450, #386, .T. ) ;
#510 = CARTESIAN_POINT ( 'NONE',  ( 0.1022196781220486989, 0.2499999999999999167, 0.1660606437559024873 ) ) ;
#511 = ORIENTED_EDGE ( 'NONE', *, *, #122, .F. ) ;
#512 = DIRECTION ( 'NONE',  ( 0.000000000000000000, 1.000000000000000000, -0.000000000000000000 ) ) ;
#513 = LINE ( 'NONE', #875, #1261 ) ;
#514 = LINE ( 'NONE', #876, #1135 ) ;
#515 = VERTEX_POINT ( 'NONE', #1488 ) ;
#516 = CARTESIAN_POINT ( 'NONE',  ( 0.09999999999999999167, -0.6875000000000001110, 0.05000000000000005829 ) ) ;
#517 = ORIENTED_EDGE ( 'NONE', *, *, #331, .F. ) ;
#518 = ADVANCED_FACE ( 'NONE', ( #630 ), #1256, .T. ) ;
#519 = ADVANCED_FACE ( 'NONE', ( #255 ), #880, .T. ) ;
#520 = DIRECTION ( 'NONE',  ( 1.000000000000000000, -0.000000000000000000, 1.224646799147353207E-16 ) ) ;
#521 = VECTOR ( 'NONE', #662, 39.37007874015748143 ) ;
#522 = CARTESIAN_POINT ( 'NONE',  ( 0.1196576304080863434, 0.6875000000000001110, -0.08193473918382733479 ) ) ;
#523 = AXIS2_PLACEMENT_3D ( 'NONE', #1113, #1, #135 ) ;
#524 = VERTEX_POINT ( 'NONE', #1502 ) ;
#525 = CYLINDRICAL_SURFACE ( 'NONE', #1112, 0.06350000000000001477 ) ;
#526 = VECTOR ( 'NONE', #1186, 39.37007874015748143 ) ;
#527 = EDGE_LOOP ( 'NONE', ( #718, #439, #846, #1223 ) ) ;
#528 = DIRECTION ( 'NONE',  ( -0.000000000000000000, -1.000000000000000000, 0.000000000000000000 ) ) ;
#529 = AXIS2_PLACEMENT_3D ( 'NONE', #905, #55, #398 ) ;
#530 = EDGE_CURVE ( 'NONE', #780, #222, #958, .T. ) ;
#531 = DIRECTION ( 'NONE',  ( 0.000000000000000000, -1.000000000000000000, 0.000000000000000000 ) ) ;
#532 = ORIENTED_EDGE ( 'NONE', *, *, #128, .F. ) ;
#533 = CARTESIAN_POINT ( 'NONE',  ( -0.1950000000000000067, 0.2500000000000000000, 1.902536995587613425E-17 ) ) ;
#534 = LINE ( 'NONE', #1523, #884 ) ;
#535 = DIRECTION ( 'NONE',  ( -0.5242034775489681220, 0.000000000000000000, 0.8515930449020637782 ) ) ;
#536 = EDGE_CURVE ( 'NONE', #1293, #1118, #1009, .T. ) ;
#537 = EDGE_CURVE ( 'NONE', #358, #2, #316, .T. ) ;
#538 = ORIENTED_EDGE ( 'NONE', *, *, #1421, .T. ) ;
#539 = DIRECTION ( 'NONE',  ( 9.756599977372376033E-17, 0.000000000000000000, 1.000000000000000000 ) ) ;
#540 = ORIENTED_EDGE ( 'NONE', *, *, #1096, .F. ) ;
#541 = CARTESIAN_POINT ( 'NONE',  ( 0.1950000000000000067, -0.1864999999999999714, 0.3999999999999993006 ) ) ;
#542 = CARTESIAN_POINT ( 'NONE',  ( -2.180000000000000160, 0.2500000000000000000, 0.5999999999999998668 ) ) ;
#543 = LINE ( 'NONE', #170, #1322 ) ;
#544 = VECTOR ( 'NONE', #1551, 39.37007874015748143 ) ;
#545 = ORIENTED_EDGE ( 'NONE', *, *, #1421, .F. ) ;
#546 = VECTOR ( 'NONE', #338, 39.37007874015748143 ) ;
#547 = DIRECTION ( 'NONE',  ( 0.8515930449020636672, -4.027299812395033102E-16, 0.5242034775489683440 ) ) ;
#548 = ORIENTED_EDGE ( 'NONE', *, *, #610, .T. ) ;
#549 = CARTESIAN_POINT ( 'NONE',  ( -0.004999999999999961940, -0.2500000000000000000, 0.5999999999999993117 ) ) ;
#550 = CARTESIAN_POINT ( 'NONE',  ( -0.1925106112705034234, 0.2044880028901356617, 0.03171168029819639023 ) ) ;
#551 = CARTESIAN_POINT ( 'NONE',  ( 0.000000000000000000, 0.6875000000000001110, 0.1325000000000000067 ) ) ;
#552 = DIRECTION ( 'NONE',  ( -0.000000000000000000, -1.000000000000000000, -0.000000000000000000 ) ) ;
#553 = EDGE_LOOP ( 'NONE', ( #1229, #635, #784, #460 ) ) ;
#554 = EDGE_CURVE ( 'NONE', #290, #1408, #724, .T. ) ;
#555 = DIRECTION ( 'NONE',  ( 0.000000000000000000, 0.000000000000000000, -1.000000000000000000 ) ) ;
#556 = LINE ( 'NONE', #1034, #1265 ) ;
#557 = DIRECTION ( 'NONE',  ( 0.000000000000000000, 0.000000000000000000, 1.000000000000000000 ) ) ;
#558 = DIRECTION ( 'NONE',  ( -0.000000000000000000, -1.000000000000000000, -0.000000000000000000 ) ) ;
#559 = DIRECTION ( 'NONE',  ( 1.707404996040163032E-16, 0.000000000000000000, -1.000000000000000000 ) ) ;
#560 = CARTESIAN_POINT ( 'NONE',  ( 0.1524203477548967678, -0.6875000000000001110, 0.1351593044902064389 ) ) ;
#561 = EDGE_CURVE ( 'NONE', #358, #1408, #1359, .T. ) ;
#562 = ORIENTED_EDGE ( 'NONE', *, *, #1159, .T. ) ;
#563 = EDGE_CURVE ( 'NONE', #40, #436, #889, .T. ) ;
#564 = EDGE_CURVE ( 'NONE', #305, #515, #367, .T. ) ;
#565 = CARTESIAN_POINT ( 'NONE',  ( -2.180000000000000160, 0.2500000000000000000, 0.3999999999999998557 ) ) ;
#566 = CARTESIAN_POINT ( 'NONE',  ( -2.129999999999999893, 0.1864999999999999714, 0.3499999999999998668 ) ) ;
#567 = DIRECTION ( 'NONE',  ( 0.000000000000000000, 0.000000000000000000, 1.000000000000000000 ) ) ;
#568 = DIRECTION ( 'NONE',  ( 0.000000000000000000, 0.000000000000000000, 1.000000000000000000 ) ) ;
#569 = CIRCLE ( 'NONE', #983, 0.09999999999999999167 ) ;
#570 = EDGE_LOOP ( 'NONE', ( #982, #269, #1309, #1491, #700, #822, #1027, #1226 ) ) ;
#571 = VECTOR ( 'NONE', #490, 39.37007874015748143 ) ;
#572 = AXIS2_PLACEMENT_3D ( 'NONE', #21, #512, #505 ) ;
#573 = AXIS2_PLACEMENT_3D ( 'NONE', #1029, #429, #304 ) ;
#574 = CARTESIAN_POINT ( 'NONE',  ( -2.129999999999999893, -0.1864999999999999714, 0.3499999999999998668 ) ) ;
#575 = CARTESIAN_POINT ( 'NONE',  ( 0.1945964882328849732, 0.1945046366433167695, 0.08248324493057225537 ) ) ;
#576 = CARTESIAN_POINT ( 'NONE',  ( -1.979999999999999982, 0.2500000000000000000, 0.000000000000000000 ) ) ;
#577 = VERTEX_POINT ( 'NONE', #160 ) ;
#578 = CARTESIAN_POINT ( 'NONE',  ( 2.470663560161477052E-17, 0.1864999999999999714, 0.3499999999999997558 ) ) ;
#579 = ORIENTED_EDGE ( 'NONE', *, *, #5, .T. ) ;
#580 = ADVANCED_FACE ( 'NONE', ( #277 ), #1124, .T. ) ;
#581 = CARTESIAN_POINT ( 'NONE',  ( 0.1748086631612183472, 0.2333653573119403024, 0.1167306968379283605 ) ) ;
#582 = DIRECTION ( 'NONE',  ( 0.000000000000000000, 0.000000000000000000, 1.000000000000000000 ) ) ;
#583 = ORIENTED_EDGE ( 'NONE', *, *, #328, .T. ) ;
#584 = CARTESIAN_POINT ( 'NONE',  ( -0.1846492057051276892, -0.2214567990980431111, 0.06302657838714405270 ) ) ;
#585 = CARTESIAN_POINT ( 'NONE',  ( 0.06945696077523827450, 0.7500000000000001110, -0.1128360784495234664 ) ) ;
#586 = ORIENTED_EDGE ( 'NONE', *, *, #1197, .T. ) ;
#587 = CARTESIAN_POINT ( 'NONE',  ( -2.380000000000000338, 0.2500000000000000000, 0.3999999999999998557 ) ) ;
#588 = DIRECTION ( 'NONE',  ( -0.000000000000000000, -1.000000000000000000, -0.000000000000000000 ) ) ;
#589 = CARTESIAN_POINT ( 'NONE',  ( 0.1000000000000000194, 0.6875000000000001110, -0.04999999999999995420 ) ) ;
#590 = VERTEX_POINT ( 'NONE', #895 ) ;
#591 = EDGE_CURVE ( 'NONE', #991, #1511, #643, .T. ) ;
#592 = CARTESIAN_POINT ( 'NONE',  ( 0.1369848125140945283, -0.2500000000000000555, 0.5410554079213237832 ) ) ;
#593 = DIRECTION ( 'NONE',  ( -0.000000000000000000, 0.000000000000000000, 1.000000000000000000 ) ) ;
#594 = VERTEX_POINT ( 'NONE', #1131 ) ;
#595 = AXIS2_PLACEMENT_3D ( 'NONE', #152, #873, #766 ) ;
#596 = AXIS2_PLACEMENT_3D ( 'NONE', #1329, #347, #214 ) ;
#597 = LINE ( 'NONE', #587, #1400 ) ;
#598 = AXIS2_PLACEMENT_3D ( 'NONE', #1316, #820, #106 ) ;
#599 = DIRECTION ( 'NONE',  ( 0.8515930449020640003, 0.000000000000000000, 0.5242034775489681220 ) ) ;
#600 = DIRECTION ( 'NONE',  ( 0.000000000000000000, 1.000000000000000000, 0.000000000000000000 ) ) ;
#601 = VECTOR ( 'NONE', #167, 39.37007874015748143 ) ;
#602 = VERTEX_POINT ( 'NONE', #403 ) ;
#603 = ORIENTED_EDGE ( 'NONE', *, *, #554, .T. ) ;
#604 = CARTESIAN_POINT ( 'NONE',  ( -2.193499999999999783, -0.2500000000000000000, 0.3499999999999998668 ) ) ;
#605 = FACE_OUTER_BOUND ( 'NONE', #1382, .T. ) ;
#606 = EDGE_LOOP ( 'NONE', ( #466, #932, #708, #1436 ) ) ;
#607 = CARTESIAN_POINT ( 'NONE',  ( -0.1925102782579810878, -0.2044891214618090036, 0.03171368191987487123 ) ) ;
#608 = LINE ( 'NONE', #250, #725 ) ;
#609 = ORIENTED_EDGE ( 'NONE', *, *, #792, .F. ) ;
#610 = EDGE_CURVE ( 'NONE', #59, #430, #177, .T. ) ;
#611 = CARTESIAN_POINT ( 'NONE',  ( 0.1891535092378542060, -0.2138810343782131529, 0.09560411267495363963 ) ) ;
#612 = CARTESIAN_POINT ( 'NONE',  ( 0.000000000000000000, 0.7500000000000001110, 0.000000000000000000 ) ) ;
#613 = EDGE_LOOP ( 'NONE', ( #586, #1464, #797, #1457 ) ) ;
#614 = CARTESIAN_POINT ( 'NONE',  ( 0.000000000000000000, -0.6875000000000001110, 0.000000000000000000 ) ) ;
#615 = ORIENTED_EDGE ( 'NONE', *, *, #749, .F. ) ;
#616 = DIRECTION ( 'NONE',  ( -0.000000000000000000, -1.000000000000000000, -0.000000000000000000 ) ) ;
#617 =( GEOMETRIC_REPRESENTATION_CONTEXT ( 3 ) GLOBAL_UNCERTAINTY_ASSIGNED_CONTEXT ( ( #874 ) ) GLOBAL_UNIT_ASSIGNED_CONTEXT ( ( #915, #1278, #282 ) ) REPRESENTATION_CONTEXT ( 'NONE', 'WORKASPACE' ) );
#618 = CIRCLE ( 'NONE', #450, 0.06249999999999998612 ) ;
#619 = EDGE_CURVE ( 'NONE', #594, #330, #1512, .T. ) ;
#620 = AXIS2_PLACEMENT_3D ( 'NONE', #1550, #89, #462 ) ;
#621 = DIRECTION ( 'NONE',  ( -0.000000000000000000, 0.000000000000000000, 1.000000000000000000 ) ) ;
#622 = CARTESIAN_POINT ( 'NONE',  ( -2.193499999999999783, -0.1864999999999999714, -0.4949999999999999956 ) ) ;
#623 = AXIS2_PLACEMENT_3D ( 'NONE', #420, #1417, #568 ) ;
#624 = ORIENTED_EDGE ( 'NONE', *, *, #843, .T. ) ;
#625 = TOROIDAL_SURFACE ( 'NONE', #704, 0.03750000000000001249, 0.06250000000000000000 ) ;
#626 = CARTESIAN_POINT ( 'NONE',  ( 0.1946857844572759122, -0.1937843363322474255, 0.4129276608673161930 ) ) ;
#627 = CARTESIAN_POINT ( 'NONE',  ( 0.2000000000000000111, 1.096216032218403580, 0.05000000000000009298 ) ) ;
#628 = ORIENTED_EDGE ( 'NONE', *, *, #497, .F. ) ;
#629 = AXIS2_PLACEMENT_3D ( 'NONE', #802, #1286, #1380 ) ;
#630 = FACE_OUTER_BOUND ( 'NONE', #830, .T. ) ;
#631 = CARTESIAN_POINT ( 'NONE',  ( 0.06945696077523827450, 0.7500000000000001110, 0.1128360784495234664 ) ) ;
#632 = EDGE_CURVE ( 'NONE', #101, #322, #422, .T. ) ;
#633 = FACE_OUTER_BOUND ( 'NONE', #508, .T. ) ;
#634 = EDGE_CURVE ( 'NONE', #1408, #436, #779, .T. ) ;
#635 = ORIENTED_EDGE ( 'NONE', *, *, #1484, .T. ) ;
#636 = FACE_OUTER_BOUND ( 'NONE', #1569, .T. ) ;
#637 = ORIENTED_EDGE ( 'NONE', *, *, #1494, .T. ) ;
#638 = DIRECTION ( 'NONE',  ( -1.000000000000000000, 0.000000000000000000, 0.000000000000000000 ) ) ;
#639 = DIRECTION ( 'NONE',  ( -0.000000000000000000, 0.000000000000000000, -1.000000000000000000 ) ) ;
#640 = VERTEX_POINT ( 'NONE', #210 ) ;
#641 = DIRECTION ( 'NONE',  ( 1.000000000000000000, 0.000000000000000000, 0.000000000000000000 ) ) ;
#642 = ORIENTED_EDGE ( 'NONE', *, *, #302, .F. ) ;
#643 = LINE ( 'NONE', #260, #1111 ) ;
#644 = DIRECTION ( 'NONE',  ( 0.000000000000000000, 1.000000000000000000, 0.000000000000000000 ) ) ;
#645 = CARTESIAN_POINT ( 'NONE',  ( 0.2000000000000000389, 1.096216032218403580, -0.04999999999999991951 ) ) ;
#646 = AXIS2_PLACEMENT_3D ( 'NONE', #742, #38, #638 ) ;
#647 = ORIENTED_EDGE ( 'NONE', *, *, #24, .F. ) ;
#648 = CYLINDRICAL_SURFACE ( 'NONE', #1065, 0.06250000000000000000 ) ;
#649 = AXIS2_PLACEMENT_3D ( 'NONE', #627, #641, #746 ) ;
#650 = ORIENTED_EDGE ( 'NONE', *, *, #536, .T. ) ;
#651 = VECTOR ( 'NONE', #180, 39.37007874015748143 ) ;
#652 = DIRECTION ( 'NONE',  ( 0.000000000000000000, 0.000000000000000000, 1.000000000000000000 ) ) ;
#653 = ADVANCED_FACE ( 'NONE', ( #1295 ), #441, .T. ) ;
#654 = PRODUCT_DEFINITION_FORMATION_WITH_SPECIFIED_SOURCE ( 'ANY', '', #1220, .NOT_KNOWN. ) ;
#655 = CARTESIAN_POINT ( 'NONE',  ( 0.000000000000000000, -0.6875000000000003331, 0.000000000000000000 ) ) ;
#656 = CARTESIAN_POINT ( 'NONE',  ( -0.1560301782491266553, 0.2452455145788916269, 0.1171740177240334080 ) ) ;
#657 = ORIENTED_EDGE ( 'NONE', *, *, #76, .T. ) ;
#658 = FACE_OUTER_BOUND ( 'NONE', #1025, .T. ) ;
#659 = ORIENTED_EDGE ( 'NONE', *, *, #351, .F. ) ;
#660 = CARTESIAN_POINT ( 'NONE',  ( 0.000000000000000000, -0.2499999999999999167, 0.000000000000000000 ) ) ;
#661 = CARTESIAN_POINT ( 'NONE',  ( 2.388061258337338397E-17, 0.7500000000000001110, 0.1950000000000000067 ) ) ;
#662 = DIRECTION ( 'NONE',  ( -1.000000000000000000, -0.000000000000000000, 7.059038743318510440E-17 ) ) ;
#663 = DIRECTION ( 'NONE',  ( 0.000000000000000000, -0.000000000000000000, -1.000000000000000000 ) ) ;
#664 = ORIENTED_EDGE ( 'NONE', *, *, #1159, .F. ) ;
#665 = DIRECTION ( 'NONE',  ( 0.000000000000000000, 0.000000000000000000, 1.000000000000000000 ) ) ;
#666 = ORIENTED_EDGE ( 'NONE', *, *, #134, .F. ) ;
#667 = CARTESIAN_POINT ( 'NONE',  ( 0.1196576304080863573, -0.7500000000000001110, -0.08193473918382733479 ) ) ;
#668 = LINE ( 'NONE', #661, #601 ) ;
#669 = EDGE_CURVE ( 'NONE', #640, #230, #1527, .T. ) ;
#670 = ORIENTED_EDGE ( 'NONE', *, *, #1392, .T. ) ;
#671 = COLOUR_RGB ( '',0.7921568627450980005, 0.8196078431372548767, 0.9333333333333333481 ) ;
#672 = LINE ( 'NONE', #438, #295 ) ;
#673 = AXIS2_PLACEMENT_3D ( 'NONE', #1300, #953, #320 ) ;
#674 = ORIENTED_EDGE ( 'NONE', *, *, #561, .T. ) ;
#675 = VECTOR ( 'NONE', #1443, 39.37007874015748143 ) ;
#676 = DIRECTION ( 'NONE',  ( 0.000000000000000000, 1.000000000000000000, -0.000000000000000000 ) ) ;
#677 = VECTOR ( 'NONE', #955, 39.37007874015748143 ) ;
#678 = CARTESIAN_POINT ( 'NONE',  ( -0.1884539306229610356, 0.2148384197807765017, 0.05052520175111970685 ) ) ;
#679 = ADVANCED_FACE ( 'NONE', ( #432 ), #783, .T. ) ;
#680 = DIRECTION ( 'NONE',  ( 0.8515930449020637782, -0.000000000000000000, -0.5242034775489681220 ) ) ;
#681 = CARTESIAN_POINT ( 'NONE',  ( -2.129999999999999893, 0.1864999999999999714, 0.000000000000000000 ) ) ;
#682 = EDGE_CURVE ( 'NONE', #758, #810, #1319, .T. ) ;
#683 = CYLINDRICAL_SURFACE ( 'NONE', #394, 0.06250000000000000000 ) ;
#684 = ORIENTED_EDGE ( 'NONE', *, *, #960, .T. ) ;
#685 = LINE ( 'NONE', #689, #1035 ) ;
#686 = DIRECTION ( 'NONE',  ( 0.000000000000000000, 0.000000000000000000, 1.000000000000000000 ) ) ;
#687 = CARTESIAN_POINT ( 'NONE',  ( -0.1949999999999999789, 0.2500000000000000000, 0.3499999999999997558 ) ) ;
#688 = ORIENTED_EDGE ( 'NONE', *, *, #731, .F. ) ;
#689 = CARTESIAN_POINT ( 'NONE',  ( 0.000000000000000000, -0.2500000000000000000, -0.4949999999999999956 ) ) ;
#690 = ORIENTED_EDGE ( 'NONE', *, *, #1302, .F. ) ;
#691 = EDGE_CURVE ( 'NONE', #991, #1144, #68, .T. ) ;
#692 = CARTESIAN_POINT ( 'NONE',  ( 0.000000000000000000, 0.000000000000000000, 0.000000000000000000 ) ) ;
#693 = DIRECTION ( 'NONE',  ( -0.8515930449020638893, 0.000000000000000000, 0.5242034775489681220 ) ) ;
#694 = DIRECTION ( 'NONE',  ( 1.365923996832131609E-15, 0.000000000000000000, 1.000000000000000000 ) ) ;
#695 = CARTESIAN_POINT ( 'NONE',  ( 0.1375000000000000111, 0.6875000000000001110, 0.05000000000000009298 ) ) ;
#696 = ORIENTED_EDGE ( 'NONE', *, *, #1392, .F. ) ;
#697 = CARTESIAN_POINT ( 'NONE',  ( -0.1823927759582273378, -0.2246845113688859530, 0.06930044163571752458 ) ) ;
#698 = CARTESIAN_POINT ( 'NONE',  ( 0.1950000000000000067, -0.1864999999999999158, 0.08122498999199198599 ) ) ;
#699 = CIRCLE ( 'NONE', #475, 0.06250000000000000000 ) ;
#700 = ORIENTED_EDGE ( 'NONE', *, *, #1441, .T. ) ;
#701 = CIRCLE ( 'NONE', #1237, 0.03749999999999999861 ) ;
#702 = EDGE_CURVE ( 'NONE', #1353, #339, #996, .T. ) ;
#703 = AXIS2_PLACEMENT_3D ( 'NONE', #1403, #816, #79 ) ;
#704 = AXIS2_PLACEMENT_3D ( 'NONE', #589, #1561, #567 ) ;
#705 = CIRCLE ( 'NONE', #629, 0.06250000000000000000 ) ;
#706 = FACE_OUTER_BOUND ( 'NONE', #833, .T. ) ;
#707 = DIRECTION ( 'NONE',  ( 1.000000000000000000, 0.000000000000000000, 0.000000000000000000 ) ) ;
#708 = ORIENTED_EDGE ( 'NONE', *, *, #634, .F. ) ;
#709 =( BOUNDED_CURVE ( )  B_SPLINE_CURVE ( 3, ( #299, #939, #1430, #1305 ),
 .UNSPECIFIED., .F., .T. ) 
 B_SPLINE_CURVE_WITH_KNOTS ( ( 4, 4 ),
 ( 0.000000000000000000, 1.570796326794896558 ),
 .UNSPECIFIED. ) 
 CURVE ( )  GEOMETRIC_REPRESENTATION_ITEM ( )  RATIONAL_B_SPLINE_CURVE ( ( 1.000000000000000000, 0.8047378541243649375, 0.8047378541243649375, 1.000000000000000000 ) ) 
 REPRESENTATION_ITEM ( '' )  );
#710 = CARTESIAN_POINT ( 'NONE',  ( -0.1314999999999999780, -0.2499999999999999167, 0.1439887148355731561 ) ) ;
#711 = VERTEX_POINT ( 'NONE', #1518 ) ;
#712 = SHAPE_DEFINITION_REPRESENTATION ( #735, #349 ) ;
#713 = CARTESIAN_POINT ( 'NONE',  ( -2.180000000000000160, 0.2500000000000000000, 0.3999999999999998557 ) ) ;
#714 = CARTESIAN_POINT ( 'NONE',  ( 0.000000000000000000, 0.6875000000000001110, 0.000000000000000000 ) ) ;
#715 = EDGE_CURVE ( 'NONE', #1128, #1365, #341, .T. ) ;
#716 = ORIENTED_EDGE ( 'NONE', *, *, #176, .T. ) ;
#717 = DIRECTION ( 'NONE',  ( -0.000000000000000000, 1.000000000000000000, 0.000000000000000000 ) ) ;
#718 = ORIENTED_EDGE ( 'NONE', *, *, #1147, .T. ) ;
#719 = LINE ( 'NONE', #1217, #95 ) ;
#720 = DIRECTION ( 'NONE',  ( 0.000000000000000000, 0.000000000000000000, 1.000000000000000000 ) ) ;
#721 = VERTEX_POINT ( 'NONE', #1409 ) ;
#722 = DIRECTION ( 'NONE',  ( 0.000000000000000000, 0.000000000000000000, -1.000000000000000000 ) ) ;
#723 = ORIENTED_EDGE ( 'NONE', *, *, #453, .T. ) ;
#724 = CIRCLE ( 'NONE', #43, 0.1000000000000000056 ) ;
#725 = VECTOR ( 'NONE', #878, 39.37007874015748143 ) ;
#726 = AXIS2_PLACEMENT_3D ( 'NONE', #1060, #344, #1435 ) ;
#727 = FACE_OUTER_BOUND ( 'NONE', #606, .T. ) ;
#728 = DIRECTION ( 'NONE',  ( 0.000000000000000000, -0.000000000000000000, -1.000000000000000000 ) ) ;
#729 = EDGE_CURVE ( 'NONE', #1511, #799, #685, .T. ) ;
#730 = ORIENTED_EDGE ( 'NONE', *, *, #509, .F. ) ;
#731 = EDGE_CURVE ( 'NONE', #1521, #711, #834, .T. ) ;
#732 = CARTESIAN_POINT ( 'NONE',  ( 0.1315000000000000058, 0.1864999999999999714, 0.000000000000000000 ) ) ;
#733 = ORIENTED_EDGE ( 'NONE', *, *, #843, .F. ) ;
#734 = EDGE_CURVE ( 'NONE', #430, #590, #292, .T. ) ;
#735 = PRODUCT_DEFINITION_SHAPE ( 'NONE', 'NONE',  #1476 ) ;
#736 = DIRECTION ( 'NONE',  ( 9.756599977372377265E-17, -0.000000000000000000, 1.000000000000000000 ) ) ;
#737 = CARTESIAN_POINT ( 'NONE',  ( -2.129999999999999893, -0.1864999999999999714, -0.4949999999999999956 ) ) ;
#738 = ORIENTED_EDGE ( 'NONE', *, *, #781, .F. ) ;
#739 = CARTESIAN_POINT ( 'NONE',  ( 0.1884430538081086903, -0.2148608044346680401, 0.4512213092985940532 ) ) ;
#740 = DIRECTION ( 'NONE',  ( 0.000000000000000000, 0.000000000000000000, 1.000000000000000000 ) ) ;
#741 = EDGE_LOOP ( 'NONE', ( #440, #762, #1337, #659 ) ) ;
#742 = CARTESIAN_POINT ( 'NONE',  ( 0.1374999999999999833, 0.6875000000000001110, 0.05000000000000009298 ) ) ;
#743 = LINE ( 'NONE', #1105, #146 ) ;
#744 = CARTESIAN_POINT ( 'NONE',  ( -0.1934413869521982576, 0.2009481693567372884, 0.02541397733352938546 ) ) ;
#745 = ORIENTED_EDGE ( 'NONE', *, *, #821, .F. ) ;
#746 = DIRECTION ( 'NONE',  ( 0.000000000000000000, 0.000000000000000000, -1.000000000000000000 ) ) ;
#747 = ORIENTED_EDGE ( 'NONE', *, *, #1323, .T. ) ;
#748 = DIRECTION ( 'NONE',  ( -0.000000000000000000, -1.000000000000000000, -0.000000000000000000 ) ) ;
#749 = EDGE_CURVE ( 'NONE', #602, #1264, #1169, .T. ) ;
#750 = EDGE_CURVE ( 'NONE', #1247, #101, #911, .T. ) ;
#751 = CIRCLE ( 'NONE', #69, 0.06250000000000000000 ) ;
#752 = AXIS2_PLACEMENT_3D ( 'NONE', #1117, #1006, #1000 ) ;
#753 = CARTESIAN_POINT ( 'NONE',  ( 0.1590221609449784801, -0.2441512894735070882, 0.1310955166832411256 ) ) ;
#754 = CYLINDRICAL_SURFACE ( 'NONE', #1089, 0.06350000000000001477 ) ;
#755 = CIRCLE ( 'NONE', #573, 0.06250000000000000000 ) ;
#756 = EDGE_LOOP ( 'NONE', ( #360, #562, #1564, #1444 ) ) ;
#757 = CIRCLE ( 'NONE', #153, 0.1325000000000000067 ) ;
#758 = VERTEX_POINT ( 'NONE', #560 ) ;
#759 = DIRECTION ( 'NONE',  ( -1.000000000000000000, 0.000000000000000000, 9.756599977372378498E-17 ) ) ;
#760 = DIRECTION ( 'NONE',  ( 0.000000000000000000, 0.000000000000000000, 1.000000000000000000 ) ) ;
#761 = ADVANCED_FACE ( 'NONE', ( #86 ), #1394, .T. ) ;
#762 = ORIENTED_EDGE ( 'NONE', *, *, #901, .F. ) ;
#763 = DIRECTION ( 'NONE',  ( -4.440892098500626162E-15, 0.000000000000000000, 1.000000000000000000 ) ) ;
#764 = DIRECTION ( 'NONE',  ( 0.000000000000000000, 0.000000000000000000, 1.000000000000000000 ) ) ;
#765 = ORIENTED_EDGE ( 'NONE', *, *, #472, .F. ) ;
#766 = DIRECTION ( 'NONE',  ( 0.000000000000000000, 0.000000000000000000, -1.000000000000000000 ) ) ;
#767 = CARTESIAN_POINT ( 'NONE',  ( -0.1420844411186496792, 0.2493030508671188472, 0.1337505779097155900 ) ) ;
#768 = B_SPLINE_CURVE_WITH_KNOTS ( 'NONE', 3,
 ( #137, #1492, #164, #148, #378, #893, #870, #401, #1100, #886, #1385, #11, #391, #1352, #1228, #1364 ),
 .UNSPECIFIED., .F., .F.,
 ( 4, 2, 2, 2, 2, 2, 2, 4 ),
 ( -1.425483182789635803E-05, 0.0005464764353015073546, 0.001107207702430911206, 0.001667938969560314949, 0.002228670236689718476, 0.003350132770948525095, 0.003910864038077928838, 0.004471595305207333448 ),
 .UNSPECIFIED. ) ;
#769 = ORIENTED_EDGE ( 'NONE', *, *, #1302, .T. ) ;
#770 = EDGE_CURVE ( 'NONE', #861, #305, #121, .T. ) ;
#771 = CARTESIAN_POINT ( 'NONE',  ( 0.09999999999999999167, -0.7500000000000001110, 0.05000000000000005829 ) ) ;
#772 = ORIENTED_EDGE ( 'NONE', *, *, #1536, .F. ) ;
#773 = CARTESIAN_POINT ( 'NONE',  ( 0.1950000000000000067, 0.2500000000000000000, 0.3999999999999993006 ) ) ;
#774 = CARTESIAN_POINT ( 'NONE',  ( -2.193499999999999783, 0.2500000000000000000, 0.4134999999999999232 ) ) ;
#775 = CIRCLE ( 'NONE', #340, 0.1325000000000000067 ) ;
#776 = ORIENTED_EDGE ( 'NONE', *, *, #1442, .F. ) ;
#777 = DIRECTION ( 'NONE',  ( -0.000000000000000000, -1.000000000000000000, 0.000000000000000000 ) ) ;
#778 = LINE ( 'NONE', #908, #1372 ) ;
#779 = CIRCLE ( 'NONE', #1287, 0.06250000000000001388 ) ;
#780 = VERTEX_POINT ( 'NONE', #60 ) ;
#781 = EDGE_CURVE ( 'NONE', #1454, #1128, #1395, .T. ) ;
#782 = EDGE_CURVE ( 'NONE', #524, #969, #709, .T. ) ;
#783 = PLANE ( 'NONE',  #96 ) ;
#784 = ORIENTED_EDGE ( 'NONE', *, *, #470, .T. ) ;
#785 = EDGE_CURVE ( 'NONE', #1267, #711, #447, .T. ) ;
#786 = AXIS2_PLACEMENT_3D ( 'NONE', #404, #1149, #1257 ) ;
#787 = DIRECTION ( 'NONE',  ( -1.000000000000000000, 0.000000000000000000, 2.652279605499284415E-16 ) ) ;
#788 = CARTESIAN_POINT ( 'NONE',  ( 0.06945696077523831613, -0.7500000000000001110, -0.1128360784495234248 ) ) ;
#789 = CARTESIAN_POINT ( 'NONE',  ( -2.193499999999999783, 0.2500000000000000000, -0.4949999999999999956 ) ) ;
#790 = CARTESIAN_POINT ( 'NONE',  ( 0.000000000000000000, 0.7500000000000001110, 0.000000000000000000 ) ) ;
#791 = VERTEX_POINT ( 'NONE', #951 ) ;
#792 = EDGE_CURVE ( 'NONE', #322, #27, #968, .T. ) ;
#793 = ADVANCED_FACE ( 'NONE', ( #1453 ), #824, .T. ) ;
#794 = DIRECTION ( 'NONE',  ( -0.000000000000000000, 0.000000000000000000, -1.000000000000000000 ) ) ;
#795 = CARTESIAN_POINT ( 'NONE',  ( -0.1315000000000000058, 0.2500000000000000000, 1.282992897024467462E-17 ) ) ;
#796 = DIRECTION ( 'NONE',  ( 0.000000000000000000, 0.000000000000000000, 1.000000000000000000 ) ) ;
#797 = ORIENTED_EDGE ( 'NONE', *, *, #1323, .F. ) ;
#798 = DIRECTION ( 'NONE',  ( 0.000000000000000000, 0.000000000000000000, -1.000000000000000000 ) ) ;
#799 = VERTEX_POINT ( 'NONE', #1437 ) ;
#800 = ADVANCED_FACE ( 'NONE', ( #1570 ), #831, .T. ) ;
#801 = EDGE_CURVE ( 'NONE', #222, #40, #46, .T. ) ;
#802 = CARTESIAN_POINT ( 'NONE',  ( 0.1196576304080862740, 0.6875000000000001110, 0.08193473918382744581 ) ) ;
#803 = CARTESIAN_POINT ( 'NONE',  ( 0.1315000000000000058, -0.2500000000000000000, 0.1480369566860528507 ) ) ;
#804 = CARTESIAN_POINT ( 'NONE',  ( 0.1647474030132762279, 0.2409666155884547523, 0.1265316652600773639 ) ) ;
#805 = LINE ( 'NONE', #1053, #151 ) ;
#806 = ORIENTED_EDGE ( 'NONE', *, *, #896, .T. ) ;
#807 = AXIS2_PLACEMENT_3D ( 'NONE', #175, #374, #139 ) ;
#808 = AXIS2_PLACEMENT_3D ( 'NONE', #126, #229, #488 ) ;
#809 = DIRECTION ( 'NONE',  ( 0.8515930449020637782, 0.000000000000000000, -0.5242034775489681220 ) ) ;
#810 = VERTEX_POINT ( 'NONE', #847 ) ;
#811 = CIRCLE ( 'NONE', #455, 0.06250000000000001388 ) ;
#812 = CARTESIAN_POINT ( 'NONE',  ( 0.1196576304080862324, 0.6875000000000001110, 0.08193473918382740417 ) ) ;
#813 = CARTESIAN_POINT ( 'NONE',  ( 0.1524203477548967678, 0.2464548917921989546, 0.1351593044902064389 ) ) ;
#814 = DIRECTION ( 'NONE',  ( 0.000000000000000000, 0.000000000000000000, -1.000000000000000000 ) ) ;
#815 = ORIENTED_EDGE ( 'NONE', *, *, #1588, .T. ) ;
#816 = DIRECTION ( 'NONE',  ( 0.000000000000000000, 1.000000000000000000, 0.000000000000000000 ) ) ;
#817 = LENGTH_MEASURE_WITH_UNIT ( LENGTH_MEASURE( 0.02539999999999999897 ), #352 );
#818 = PRESENTATION_STYLE_ASSIGNMENT (( #1413 ) ) ;
#819 = CARTESIAN_POINT ( 'NONE',  ( -0.1314999999999999780, 0.2500000000000000000, 0.4134999999999997566 ) ) ;
#820 = DIRECTION ( 'NONE',  ( 0.000000000000000000, 1.000000000000000000, 0.000000000000000000 ) ) ;
#821 = EDGE_CURVE ( 'NONE', #721, #322, #974, .T. ) ;
#822 = ORIENTED_EDGE ( 'NONE', *, *, #331, .T. ) ;
#823 = EDGE_CURVE ( 'NONE', #1343, #230, #854, .T. ) ;
#824 = PLANE ( 'NONE',  #596 ) ;
#825 = EDGE_LOOP ( 'NONE', ( #1438, #1259, #532, #609 ) ) ;
#826 = CARTESIAN_POINT ( 'NONE',  ( 0.000000000000000000, -0.7500000000000001110, 0.000000000000000000 ) ) ;
#827 =( BOUNDED_CURVE ( )  B_SPLINE_CURVE ( 3, ( #819, #1180, #948, #1567 ),
 .UNSPECIFIED., .F., .T. ) 
 B_SPLINE_CURVE_WITH_KNOTS ( ( 4, 4 ),
 ( 1.570796326794896780, 3.141592653589793116 ),
 .UNSPECIFIED. ) 
 CURVE ( )  GEOMETRIC_REPRESENTATION_ITEM ( )  RATIONAL_B_SPLINE_CURVE ( ( 1.000000000000000000, 0.8047378541243650485, 0.8047378541243650485, 1.000000000000000000 ) ) 
 REPRESENTATION_ITEM ( '' )  );
#828 = LINE ( 'NONE', #576, #910 ) ;
#829 = CIRCLE ( 'NONE', #172, 0.1950000000000000067 ) ;
#830 = EDGE_LOOP ( 'NONE', ( #730, #133, #66, #1462, #1416, #1363 ) ) ;
#831 = CYLINDRICAL_SURFACE ( 'NONE', #835, 0.06350000000000001477 ) ;
#832 = VECTOR ( 'NONE', #680, 39.37007874015748143 ) ;
#833 = EDGE_LOOP ( 'NONE', ( #1214, #85, #1296, #647 ) ) ;
#834 = CIRCLE ( 'NONE', #392, 0.1950000000000000067 ) ;
#835 = AXIS2_PLACEMENT_3D ( 'NONE', #465, #1458, #1586 ) ;
#836 = CIRCLE ( 'NONE', #196, 0.06250000000000001388 ) ;
#837 = LINE ( 'NONE', #687, #1154 ) ;
#838 = DIRECTION ( 'NONE',  ( 0.000000000000000000, 1.000000000000000000, 0.000000000000000000 ) ) ;
#839 = CYLINDRICAL_SURFACE ( 'NONE', #221, 0.06250000000000000000 ) ;
#840 = ORIENTED_EDGE ( 'NONE', *, *, #632, .T. ) ;
#841 = DIRECTION ( 'NONE',  ( 1.000000000000000000, 0.000000000000000000, 0.000000000000000000 ) ) ;
#842 = VERTEX_POINT ( 'NONE', #698 ) ;
#843 = EDGE_CURVE ( 'NONE', #810, #1138, #70, .T. ) ;
#844 = CARTESIAN_POINT ( 'NONE',  ( 0.1791442053408808244, -0.2289148293410832868, 0.1114560105655350436 ) ) ;
#845 = CARTESIAN_POINT ( 'NONE',  ( 0.1375000000000000111, -0.6875000000000001110, 0.000000000000000000 ) ) ;
#846 = ORIENTED_EDGE ( 'NONE', *, *, #898, .F. ) ;
#847 = CARTESIAN_POINT ( 'NONE',  ( 0.2000000000000000111, -0.6875000000000001110, 0.05000000000000009298 ) ) ;
#848 = ORIENTED_EDGE ( 'NONE', *, *, #988, .F. ) ;
#849 = ADVANCED_FACE ( 'NONE', ( #1212 ), #909, .T. ) ;
#850 = EDGE_CURVE ( 'NONE', #1408, #1576, #1341, .T. ) ;
#851 = CARTESIAN_POINT ( 'NONE',  ( 0.1375000000000000111, 0.7500000000000001110, -0.04999999999999993339 ) ) ;
#852 = DIRECTION ( 'NONE',  ( 0.000000000000000000, 1.000000000000000000, 0.000000000000000000 ) ) ;
#853 = ORIENTED_EDGE ( 'NONE', *, *, #415, .F. ) ;
#854 = LINE ( 'NONE', #585, #675 ) ;
#855 = ORIENTED_EDGE ( 'NONE', *, *, #634, .T. ) ;
#856 = AXIS2_PLACEMENT_3D ( 'NONE', #6, #1465, #1195 ) ;
#857 = TOROIDAL_SURFACE ( 'NONE', #1041, 0.1325000000000000067, 0.06250000000000000000 ) ;
#858 = AXIS2_PLACEMENT_3D ( 'NONE', #516, #1127, #41 ) ;
#859 = CARTESIAN_POINT ( 'NONE',  ( -2.193499999999999783, 0.2500000000000000000, 0.000000000000000000 ) ) ;
#860 = CARTESIAN_POINT ( 'NONE',  ( 0.1196576304080863434, 0.7500000000000001110, -0.08193473918382733479 ) ) ;
#861 = VERTEX_POINT ( 'NONE', #710 ) ;
#862 = CARTESIAN_POINT ( 'NONE',  ( -0.1934411058931137517, -0.2009493594213470069, 0.02541608987149491031 ) ) ;
#863 = CARTESIAN_POINT ( 'NONE',  ( 0.000000000000000000, 0.2500000000000000000, 0.000000000000000000 ) ) ;
#864 = ORIENTED_EDGE ( 'NONE', *, *, #272, .F. ) ;
#865 = CARTESIAN_POINT ( 'NONE',  ( -0.1420842702854158146, -0.2493030738199209784, 0.1337507529701458253 ) ) ;
#866 = DIRECTION ( 'NONE',  ( -9.756599977372376033E-17, 0.000000000000000000, -1.000000000000000000 ) ) ;
#867 = CARTESIAN_POINT ( 'NONE',  ( 0.06945696077523820511, -0.7500000000000001110, 0.1128360784495234942 ) ) ;
#868 = CARTESIAN_POINT ( 'NONE',  ( -0.1946861900433621562, 0.1937794507434991154, 0.01275648212867015567 ) ) ;
#869 = LINE ( 'NONE', #28, #1087 ) ;
#870 = CARTESIAN_POINT ( 'NONE',  ( 0.1884434462230745178, 0.2148600223200983483, 0.4512198379522941449 ) ) ;
#871 = ORIENTED_EDGE ( 'NONE', *, *, #262, .F. ) ;
#872 = ADVANCED_FACE ( 'NONE', ( #3 ), #357, .T. ) ;
#873 = DIRECTION ( 'NONE',  ( 0.000000000000000000, -1.000000000000000000, -0.000000000000000000 ) ) ;
#874 = UNCERTAINTY_MEASURE_WITH_UNIT (LENGTH_MEASURE( 1.000000000000000082E-05 ), #915, 'distance_accuracy_value', 'NONE');
#875 = CARTESIAN_POINT ( 'NONE',  ( 0.1950000000000000067, -0.1864999999999999714, 0.08122498999199198599 ) ) ;
#876 = CARTESIAN_POINT ( 'NONE',  ( -1.979999999999999982, 0.2500000000000000000, -0.5949999999999999734 ) ) ;
#877 = ORIENTED_EDGE ( 'NONE', *, *, #1115, .T. ) ;
#878 = DIRECTION ( 'NONE',  ( 1.000000000000000000, 0.000000000000000000, 1.707404996040163032E-16 ) ) ;
#879 = EDGE_LOOP ( 'NONE', ( #162, #224, #959, #251 ) ) ;
#880 = CYLINDRICAL_SURFACE ( 'NONE', #1501, 0.06350000000000000089 ) ;
#881 = AXIS2_PLACEMENT_3D ( 'NONE', #143, #1460, #246 ) ;
#882 = VECTOR ( 'NONE', #717, 39.37007874015748143 ) ;
#883 = DIRECTION ( 'NONE',  ( 0.000000000000000000, 1.000000000000000000, -0.000000000000000000 ) ) ;
#884 = VECTOR ( 'NONE', #1552, 39.37007874015748143 ) ;
#885 = ORIENTED_EDGE ( 'NONE', *, *, #1140, .T. ) ;
#886 = CARTESIAN_POINT ( 'NONE',  ( 0.1746154812445173676, 0.2337940912852000397, 0.4890003827881732046 ) ) ;
#887 = B_SPLINE_CURVE_WITH_KNOTS ( 'NONE', 3,
 ( #1202, #592, #979, #356, #1351, #1585, #249, #1335, #236, #739, #1211, #487, #35, #626, #1396, #541 ),
 .UNSPECIFIED., .F., .F.,
 ( 4, 2, 2, 2, 2, 2, 2, 4 ),
 ( 4.336808689942017736E-19, 0.0005632922945686136013, 0.001126584589137226769, 0.002253169178274449201, 0.002816461472843062586, 0.003379753767411676837, 0.003943046061980289355, 0.004506338356548903606 ),
 .UNSPECIFIED. ) ;
#888 = EDGE_LOOP ( 'NONE', ( #213, #1209, #192, #511 ) ) ;
#889 = LINE ( 'NONE', #1109, #1342 ) ;
#890 = EDGE_CURVE ( 'NONE', #284, #1511, #1222, .T. ) ;
#891 = CARTESIAN_POINT ( 'NONE',  ( -2.129999999999999893, 0.1864999999999999714, 0.3499999999999998668 ) ) ;
#892 = ORIENTED_EDGE ( 'NONE', *, *, #823, .T. ) ;
#893 = CARTESIAN_POINT ( 'NONE',  ( 0.1900091088455382049, 0.2114514361022974409, 0.4448724414497476354 ) ) ;
#894 = EDGE_LOOP ( 'NONE', ( #1587, #1386, #855, #1402 ) ) ;
#895 = CARTESIAN_POINT ( 'NONE',  ( -2.180000000000000160, -0.2500000000000000000, 0.5999999999999998668 ) ) ;
#896 = EDGE_CURVE ( 'NONE', #1318, #640, #1423, .T. ) ;
#897 = CARTESIAN_POINT ( 'NONE',  ( -2.193499999999999783, 0.1864999999999999714, -0.4949999999999999956 ) ) ;
#898 = EDGE_CURVE ( 'NONE', #1358, #1321, #945, .T. ) ;
#899 = EDGE_LOOP ( 'NONE', ( #489, #1064, #548, #952, #637, #56, #1534, #87, #1030, #994, #313, #877, #1023, #1517, #306 ) ) ;
#900 = DIRECTION ( 'NONE',  ( -1.000000000000000000, 0.000000000000000000, 9.756599977372377265E-17 ) ) ;
#901 = EDGE_CURVE ( 'NONE', #168, #602, #102, .T. ) ;
#902 = DIRECTION ( 'NONE',  ( 0.000000000000000000, 1.000000000000000000, 0.000000000000000000 ) ) ;
#903 = CARTESIAN_POINT ( 'NONE',  ( -2.180000000000000160, 0.2500000000000000000, -0.5949999999999999734 ) ) ;
#904 = ORIENTED_EDGE ( 'NONE', *, *, #93, .F. ) ;
#905 = CARTESIAN_POINT ( 'NONE',  ( 0.1000000000000000194, -0.7500000000000001110, -0.04999999999999995420 ) ) ;
#906 = AXIS2_PLACEMENT_3D ( 'NONE', #205, #334, #1075 ) ;
#907 = VERTEX_POINT ( 'NONE', #473 ) ;
#908 = CARTESIAN_POINT ( 'NONE',  ( -2.129999999999999893, -0.1864999999999999714, -0.4949999999999999956 ) ) ;
#909 = TOROIDAL_SURFACE ( 'NONE', #808, 0.1325000000000000067, 0.06250000000000000000 ) ;
#910 = VECTOR ( 'NONE', #1568, 39.37007874015748143 ) ;
#911 = LINE ( 'NONE', #903, #1528 ) ;
#912 = EDGE_LOOP ( 'NONE', ( #716, #723, #377, #1255, #688, #930, #1170, #265, #1194, #281, #308, #840, #745, #1553, #348 ) ) ;
#913 = VECTOR ( 'NONE', #499, 39.37007874015748143 ) ;
#914 = CARTESIAN_POINT ( 'NONE',  ( 1.591367763299568923E-16, 0.2500000000000000000, 0.5999999999999993117 ) ) ;
#915 =( CONVERSION_BASED_UNIT ( 'INCH', #1532 ) LENGTH_UNIT ( ) NAMED_UNIT ( #1577 ) );
#916 = APPLICATION_CONTEXT ( 'automotive_design' ) ;
#917 = DIRECTION ( 'NONE',  ( -0.000000000000000000, -1.000000000000000000, -0.000000000000000000 ) ) ;
#918 = FACE_OUTER_BOUND ( 'NONE', #103, .T. ) ;
#919 = ORIENTED_EDGE ( 'NONE', *, *, #901, .T. ) ;
#920 = ORIENTED_EDGE ( 'NONE', *, *, #173, .T. ) ;
#921 = CARTESIAN_POINT ( 'NONE',  ( 0.1456791814726656753, 0.2488071192532475551, 0.1393088719732143987 ) ) ;
#922 = EDGE_CURVE ( 'NONE', #430, #577, #1072, .T. ) ;
#923 = ORIENTED_EDGE ( 'NONE', *, *, #122, .T. ) ;
#924 = EDGE_CURVE ( 'NONE', #640, #358, #1078, .T. ) ;
#925 = DIRECTION ( 'NONE',  ( -0.8515930449020640003, 0.000000000000000000, 0.5242034775489681220 ) ) ;
#926 = DIRECTION ( 'NONE',  ( 0.000000000000000000, 0.000000000000000000, -1.000000000000000000 ) ) ;
#927 = CARTESIAN_POINT ( 'NONE',  ( -2.180000000000000160, 0.2500000000000000000, -0.5949999999999999734 ) ) ;
#928 = DIRECTION ( 'NONE',  ( -1.000000000000000000, 0.000000000000000000, -1.707404996040163032E-16 ) ) ;
#929 = ORIENTED_EDGE ( 'NONE', *, *, #1103, .T. ) ;
#930 = ORIENTED_EDGE ( 'NONE', *, *, #93, .T. ) ;
#931 = CARTESIAN_POINT ( 'NONE',  ( 0.09999999999999999167, -0.6875000000000001110, 0.05000000000000005829 ) ) ;
#932 = ORIENTED_EDGE ( 'NONE', *, *, #1441, .F. ) ;
#933 = FACE_OUTER_BOUND ( 'NONE', #1221, .T. ) ;
#934 = CARTESIAN_POINT ( 'NONE',  ( 0.1932854473003028373, 0.2015930294180999782, 0.08607606005644648228 ) ) ;
#935 = DIRECTION ( 'NONE',  ( -0.5242034775489681220, 0.000000000000000000, -0.8515930449020638893 ) ) ;
#936 = AXIS2_PLACEMENT_3D ( 'NONE', #425, #1276, #1227 ) ;
#937 = EDGE_LOOP ( 'NONE', ( #1377, #1543, #1122, #776, #417 ) ) ;
#938 = VECTOR ( 'NONE', #722, 39.37007874015748143 ) ;
#939 = CARTESIAN_POINT ( 'NONE',  ( -2.129999999999999893, -0.2236974387893084226, 0.3499999999999999223 ) ) ;
#940 = ORIENTED_EDGE ( 'NONE', *, *, #1565, .T. ) ;
#941 = AXIS2_PLACEMENT_3D ( 'NONE', #1406, #559, #928 ) ;
#942 = CARTESIAN_POINT ( 'NONE',  ( -2.380000000000000338, -0.2500000000000000000, -0.3949999999999999623 ) ) ;
#943 = CARTESIAN_POINT ( 'NONE',  ( 0.1950000000000000067, 0.1864999999999999158, 0.08122498999199198599 ) ) ;
#944 = CARTESIAN_POINT ( 'NONE',  ( 0.1524203477548967678, 1.096216032218403580, 0.1351593044902064389 ) ) ;
#945 = LINE ( 'NONE', #1310, #526 ) ;
#946 = ORIENTED_EDGE ( 'NONE', *, *, #396, .T. ) ;
#947 = CARTESIAN_POINT ( 'NONE',  ( 0.1314999999999999780, -0.2500000000000000000, 0.5461771185924794159 ) ) ;
#948 = CARTESIAN_POINT ( 'NONE',  ( -0.1949999999999999789, 0.2236974387893083949, 0.3499999999999997002 ) ) ;
#949 = DIRECTION ( 'NONE',  ( 0.000000000000000000, 0.000000000000000000, -1.000000000000000000 ) ) ;
#950 = VERTEX_POINT ( 'NONE', #1106 ) ;
#951 = CARTESIAN_POINT ( 'NONE',  ( -0.1949999999999999789, -0.1864999999999999714, 0.3499999999999997558 ) ) ;
#952 = ORIENTED_EDGE ( 'NONE', *, *, #734, .T. ) ;
#953 = DIRECTION ( 'NONE',  ( 2.652279605499284415E-16, -0.000000000000000000, 1.000000000000000000 ) ) ;
#954 = DIRECTION ( 'NONE',  ( -0.000000000000000000, -0.000000000000000000, -1.000000000000000000 ) ) ;
#955 = DIRECTION ( 'NONE',  ( 0.000000000000000000, -1.000000000000000000, 0.000000000000000000 ) ) ;
#956 = ORIENTED_EDGE ( 'NONE', *, *, #53, .F. ) ;
#957 = DIRECTION ( 'NONE',  ( 0.8515930449020637782, -0.000000000000000000, 0.5242034775489681220 ) ) ;
#958 = CIRCLE ( 'NONE', #807, 0.1325000000000000067 ) ;
#959 = ORIENTED_EDGE ( 'NONE', *, *, #1513, .T. ) ;
#960 = EDGE_CURVE ( 'NONE', #101, #1281, #608, .T. ) ;
#961 = VECTOR ( 'NONE', #957, 39.37007874015748143 ) ;
#962 = CYLINDRICAL_SURFACE ( 'NONE', #856, 0.1950000000000000067 ) ;
#963 = CIRCLE ( 'NONE', #1505, 0.06350000000000001477 ) ;
#964 = VECTOR ( 'NONE', #178, 39.37007874015748143 ) ;
#965 = DIRECTION ( 'NONE',  ( 0.000000000000000000, 0.000000000000000000, 1.000000000000000000 ) ) ;
#966 = DIRECTION ( 'NONE',  ( 0.000000000000000000, -0.000000000000000000, 1.000000000000000000 ) ) ;
#967 = ORIENTED_EDGE ( 'NONE', *, *, #561, .F. ) ;
#968 = LINE ( 'NONE', #132, #149 ) ;
#969 = VERTEX_POINT ( 'NONE', #502 ) ;
#970 = ADVANCED_FACE ( 'NONE', ( #1499 ), #1133, .T. ) ;
#971 = EDGE_CURVE ( 'NONE', #1258, #339, #16, .T. ) ;
#972 = CARTESIAN_POINT ( 'NONE',  ( 0.09999999999999999167, 0.6875000000000001110, 0.05000000000000005829 ) ) ;
#973 = ORIENTED_EDGE ( 'NONE', *, *, #1076, .T. ) ;
#974 = LINE ( 'NONE', #237, #938 ) ;
#975 = ORIENTED_EDGE ( 'NONE', *, *, #1324, .T. ) ;
#976 = CARTESIAN_POINT ( 'NONE',  ( 0.1524203477548967678, -0.2464548917921989546, 0.1351593044902064389 ) ) ;
#977 = LINE ( 'NONE', #14, #913 ) ;
#978 = ORIENTED_EDGE ( 'NONE', *, *, #326, .T. ) ;
#979 = CARTESIAN_POINT ( 'NONE',  ( 0.1420794639450486674, -0.2493036142113629894, 0.5357236393315131240 ) ) ;
#980 = FACE_OUTER_BOUND ( 'NONE', #179, .T. ) ;
#981 = B_SPLINE_CURVE_WITH_KNOTS ( 'NONE', 3,
 ( #1102, #1478, #865, #254, #20, #1168, #1554, #697, #584, #370, #1192, #607, #862, #1452, #493, #346 ),
 .UNSPECIFIED., .F., .F.,
 ( 4, 2, 2, 2, 2, 2, 2, 4 ),
 ( 0.000000000000000000, 0.0005577399640044803210, 0.001115479928008960642, 0.002230959856017920417, 0.002788699820022398461, 0.003346439784026876939, 0.003904179748031355850, 0.004461919712035833895 ),
 .UNSPECIFIED. ) ;
#982 = ORIENTED_EDGE ( 'NONE', *, *, #156, .T. ) ;
#983 = AXIS2_PLACEMENT_3D ( 'NONE', #64, #1509, #400 ) ;
#984 = VECTOR ( 'NONE', #1485, 39.37007874015748143 ) ;
#985 = VECTOR ( 'NONE', #203, 39.37007874015748143 ) ;
#986 = AXIS2_PLACEMENT_3D ( 'NONE', #1167, #902, #796 ) ;
#987 = CARTESIAN_POINT ( 'NONE',  ( -0.1949999999999999789, -0.1864999999999999714, 0.3499999999999997558 ) ) ;
#988 = EDGE_CURVE ( 'NONE', #1138, #594, #451, .T. ) ;
#989 = CARTESIAN_POINT ( 'NONE',  ( -0.1950000000000000067, 0.1864999999999999714, -4.466217029076044898E-23 ) ) ;
#990 = EDGE_CURVE ( 'NONE', #1389, #1330, #768, .T. ) ;
#991 = VERTEX_POINT ( 'NONE', #267 ) ;
#992 = CARTESIAN_POINT ( 'NONE',  ( 0.1950000000000000067, 1.096216032218403580, 0.08122498999199198599 ) ) ;
#993 = CARTESIAN_POINT ( 'NONE',  ( 0.1524203477548967678, 1.096216032218403580, 0.1351593044902064389 ) ) ;
#994 = ORIENTED_EDGE ( 'NONE', *, *, #729, .T. ) ;
#995 = CARTESIAN_POINT ( 'NONE',  ( -2.129999999999999893, 0.2500000000000000000, 0.000000000000000000 ) ) ;
#996 =( BOUNDED_CURVE ( )  B_SPLINE_CURVE ( 3, ( #1031, #91, #921, #1545 ),
 .UNSPECIFIED., .F., .F. ) 
 B_SPLINE_CURVE_WITH_KNOTS ( ( 4, 4 ),
 ( 1.570796326794896780, 1.906521871684122349 ),
 .UNSPECIFIED. ) 
 CURVE ( )  GEOMETRIC_REPRESENTATION_ITEM ( )  RATIONAL_B_SPLINE_CURVE ( ( 1.000000000000000000, 0.9906293979101192804, 0.9906293979101192804, 1.000000000000000000 ) ) 
 REPRESENTATION_ITEM ( '' )  );
#997 = DIRECTION ( 'NONE',  ( 0.000000000000000000, 2.731847993664265191E-16, -1.000000000000000000 ) ) ;
#998 = DIRECTION ( 'NONE',  ( 0.000000000000000000, -1.000000000000000000, 0.000000000000000000 ) ) ;
#999 = VERTEX_POINT ( 'NONE', #258 ) ;
#1000 = DIRECTION ( 'NONE',  ( 0.000000000000000000, 0.000000000000000000, 1.000000000000000000 ) ) ;
#1001 = ORIENTED_EDGE ( 'NONE', *, *, #971, .T. ) ;
#1002 = DIRECTION ( 'NONE',  ( 1.000000000000000000, 0.000000000000000000, 0.000000000000000000 ) ) ;
#1003 = UNCERTAINTY_MEASURE_WITH_UNIT (LENGTH_MEASURE( 1.000000000000000082E-05 ), #1432, 'distance_accuracy_value', 'NONE');
#1004 = DIRECTION ( 'NONE',  ( -0.000000000000000000, -1.000000000000000000, -0.000000000000000000 ) ) ;
#1005 = ORIENTED_EDGE ( 'NONE', *, *, #104, .T. ) ;
#1006 = DIRECTION ( 'NONE',  ( 0.000000000000000000, 1.000000000000000000, 0.000000000000000000 ) ) ;
#1007 = ORIENTED_EDGE ( 'NONE', *, *, #785, .F. ) ;
#1008 = CARTESIAN_POINT ( 'NONE',  ( 0.1000000000000000194, 0.6875000000000001110, -0.04999999999999995420 ) ) ;
#1009 = CIRCLE ( 'NONE', #646, 0.06250000000000000000 ) ;
#1010 = AXIS2_PLACEMENT_3D ( 'NONE', #307, #547, #187 ) ;
#1011 = CARTESIAN_POINT ( 'NONE',  ( 0.1022196781220486989, 1.096216032218403580, 0.1660606437559024873 ) ) ;
#1012 = CIRCLE ( 'NONE', #501, 0.06250000000000000000 ) ;
#1013 = ORIENTED_EDGE ( 'NONE', *, *, #1588, .F. ) ;
#1014 = DIRECTION ( 'NONE',  ( -1.000000000000000000, 0.000000000000000000, 0.000000000000000000 ) ) ;
#1015 = DIRECTION ( 'NONE',  ( 1.000000000000000000, -0.000000000000000000, -7.059038743318510440E-17 ) ) ;
#1016 = ORIENTED_EDGE ( 'NONE', *, *, #1467, .T. ) ;
#1017 = DIRECTION ( 'NONE',  ( 8.857163416958351847E-16, 0.000000000000000000, 1.000000000000000000 ) ) ;
#1018 = ADVANCED_FACE ( 'NONE', ( #980 ), #283, .T. ) ;
#1019 = ADVANCED_FACE ( 'NONE', ( #1376 ), #1235, .T. ) ;
#1020 = CARTESIAN_POINT ( 'NONE',  ( -0.1515929673509959219, 0.2469361336870906087, 0.1228689454211348564 ) ) ;
#1021 = VERTEX_POINT ( 'NONE', #510 ) ;
#1022 = CARTESIAN_POINT ( 'NONE',  ( 0.06945696077523827450, -0.6875000000000001110, -0.1128360784495234664 ) ) ;
#1023 = ORIENTED_EDGE ( 'NONE', *, *, #1419, .T. ) ;
#1024 = CARTESIAN_POINT ( 'NONE',  ( -0.1315000000000000058, 0.1864999999999999714, 1.282992897024467462E-17 ) ) ;
#1025 = EDGE_LOOP ( 'NONE', ( #1101, #1201, #956, #492 ) ) ;
#1026 = CARTESIAN_POINT ( 'NONE',  ( -2.380000000000000338, -0.2500000000000000000, 0.3999999999999998557 ) ) ;
#1027 = ORIENTED_EDGE ( 'NONE', *, *, #988, .T. ) ;
#1028 = CARTESIAN_POINT ( 'NONE',  ( 0.000000000000000000, 0.6875000000000001110, 0.000000000000000000 ) ) ;
#1029 = CARTESIAN_POINT ( 'NONE',  ( 1.622657008870243104E-17, 0.6875000000000001110, -0.1325000000000000067 ) ) ;
#1030 = ORIENTED_EDGE ( 'NONE', *, *, #890, .T. ) ;
#1031 = CARTESIAN_POINT ( 'NONE',  ( 0.1315000000000000058, 0.2500000000000000000, 0.1480369566860528507 ) ) ;
#1032 = ORIENTED_EDGE ( 'NONE', *, *, #112, .F. ) ;
#1033 = TOROIDAL_SURFACE ( 'NONE', #523, 0.03750000000000001249, 0.06250000000000000000 ) ;
#1034 = CARTESIAN_POINT ( 'NONE',  ( -2.380000000000000338, -0.2500000000000000000, -0.000000000000000000 ) ) ;
#1035 = VECTOR ( 'NONE', #1555, 39.37007874015748143 ) ;
#1036 = ADVANCED_FACE ( 'NONE', ( #494 ), #857, .T. ) ;
#1037 = FACE_OUTER_BOUND ( 'NONE', #894, .T. ) ;
#1038 = AXIS2_PLACEMENT_3D ( 'NONE', #714, #600, #480 ) ;
#1039 = EDGE_LOOP ( 'NONE', ( #765, #806, #1095, #657 ) ) ;
#1040 = EDGE_LOOP ( 'NONE', ( #545, #615, #159, #904 ) ) ;
#1041 = AXIS2_PLACEMENT_3D ( 'NONE', #614, #158, #764 ) ;
#1042 = CARTESIAN_POINT ( 'NONE',  ( 1.591367763299568923E-16, -0.2500000000000000000, 0.5999999999999993117 ) ) ;
#1043 = VECTOR ( 'NONE', #787, 39.37007874015748143 ) ;
#1044 = CARTESIAN_POINT ( 'NONE',  ( -0.1681647264240252737, 0.2391308687800437205, 0.09973110148252704865 ) ) ;
#1045 = DIRECTION ( 'NONE',  ( -1.000000000000000000, 0.000000000000000000, 7.059038743318510440E-17 ) ) ;
#1046 = CARTESIAN_POINT ( 'NONE',  ( -0.1949999999999999789, -0.2500000000000000000, 0.4134999999999997566 ) ) ;
#1047 = EDGE_LOOP ( 'NONE', ( #624, #517, #871, #696 ) ) ;
#1048 = ORIENTED_EDGE ( 'NONE', *, *, #1390, .T. ) ;
#1049 = DIRECTION ( 'NONE',  ( 1.000000000000000000, 0.000000000000000000, 0.000000000000000000 ) ) ;
#1050 = CARTESIAN_POINT ( 'NONE',  ( -0.1369871874145283941, 0.2500000000000000555, 0.1389774530444357337 ) ) ;
#1051 = CARTESIAN_POINT ( 'NONE',  ( 0.1315000000000000058, -0.2500000000000000000, 0.3999999999999993006 ) ) ;
#1052 = CARTESIAN_POINT ( 'NONE',  ( 0.1923818800808410612, 0.2048312975717796469, 0.08837517641743464214 ) ) ;
#1053 = CARTESIAN_POINT ( 'NONE',  ( -0.1950000000000000067, 0.2500000000000000000, -4.466217029076044898E-23 ) ) ;
#1054 = VERTEX_POINT ( 'NONE', #1246 ) ;
#1055 = DIRECTION ( 'NONE',  ( -0.000000000000000000, 1.000000000000000000, -0.000000000000000000 ) ) ;
#1056 = ADVANCED_FACE ( 'NONE', ( #636 ), #1345, .T. ) ;
#1057 = CARTESIAN_POINT ( 'NONE',  ( -0.1686974387893084293, -0.2500000000000000555, 0.3763025612106912776 ) ) ;
#1058 = AXIS2_PLACEMENT_3D ( 'NONE', #163, #1014, #1522 ) ;
#1059 = DIRECTION ( 'NONE',  ( 1.000000000000000000, 0.000000000000000000, 1.707404996040163032E-16 ) ) ;
#1060 = CARTESIAN_POINT ( 'NONE',  ( 0.1524203477548967400, 1.096216032218403580, 0.1351593044902064111 ) ) ;
#1061 = CIRCLE ( 'NONE', #1314, 0.06249999999999995143 ) ;
#1062 = EDGE_LOOP ( 'NONE', ( #664, #385, #1583, #738 ) ) ;
#1063 = DIRECTION ( 'NONE',  ( 0.000000000000000000, 0.000000000000000000, 1.000000000000000000 ) ) ;
#1064 = ORIENTED_EDGE ( 'NONE', *, *, #45, .T. ) ;
#1065 = AXIS2_PLACEMENT_3D ( 'NONE', #1291, #1401, #935 ) ;
#1066 = AXIS2_PLACEMENT_3D ( 'NONE', #136, #25, #760 ) ;
#1067 = ADVANCED_FACE ( 'NONE', ( #1474 ), #525, .T. ) ;
#1068 = EDGE_CURVE ( 'NONE', #711, #1021, #1531, .T. ) ;
#1069 = CARTESIAN_POINT ( 'NONE',  ( -0.005000000000000014849, 0.2500000000000000000, 0.3999999999999993006 ) ) ;
#1070 = CARTESIAN_POINT ( 'NONE',  ( -1.979999999999999982, 0.2500000000000000000, -0.5949999999999999734 ) ) ;
#1071 = EDGE_LOOP ( 'NONE', ( #1123, #481, #108, #1088 ) ) ;
#1072 = LINE ( 'NONE', #107, #882 ) ;
#1073 = ORIENTED_EDGE ( 'NONE', *, *, #472, .T. ) ;
#1074 = B_SPLINE_CURVE_WITH_KNOTS ( 'NONE', 3,
 ( #813, #111, #804, #581, #1081, #311, #105, #1052, #934, #575, #1166, #943 ),
 .UNSPECIFIED., .F., .F.,
 ( 4, 2, 2, 2, 2, 4 ),
 ( 6.133173666733496745E-19, 0.0006060162450515342060, 0.001212032490103067761, 0.001818048735154601317, 0.002121056857680367769, 0.002424064980206134656 ),
 .UNSPECIFIED. ) ;
#1075 = DIRECTION ( 'NONE',  ( 0.000000000000000000, 0.000000000000000000, -1.000000000000000000 ) ) ;
#1076 = EDGE_CURVE ( 'NONE', #1118, #810, #534, .T. ) ;
#1077 = PLANE ( 'NONE',  #726 ) ;
#1078 = LINE ( 'NONE', #1575, #961 ) ;
#1079 = VERTEX_POINT ( 'NONE', #289 ) ;
#1080 = APPLICATION_PROTOCOL_DEFINITION ( 'draft international standard', 'automotive_design', 1998, #916 ) ;
#1081 = CARTESIAN_POINT ( 'NONE',  ( 0.1791394895565877332, 0.2289129444684403769, 0.1114568014209936786 ) ) ;
#1082 = PLANE ( 'NONE',  #318 ) ;
#1083 = ADVANCED_FACE ( 'NONE', ( #77 ), #58, .T. ) ;
#1084 = ORIENTED_EDGE ( 'NONE', *, *, #188, .F. ) ;
#1085 = EDGE_CURVE ( 'NONE', #1264, #907, #805, .T. ) ;
#1086 = DIRECTION ( 'NONE',  ( 1.000000000000000000, 0.000000000000000000, -7.059038743318510440E-17 ) ) ;
#1087 = VECTOR ( 'NONE', #1218, 39.37007874015748143 ) ;
#1088 = ORIENTED_EDGE ( 'NONE', *, *, #922, .T. ) ;
#1089 = AXIS2_PLACEMENT_3D ( 'NONE', #1356, #1250, #161 ) ;
#1090 = DIRECTION ( 'NONE',  ( 0.8515930449020637782, -0.000000000000000000, -0.5242034775489681220 ) ) ;
#1091 = LINE ( 'NONE', #1470, #1183 ) ;
#1092 = FACE_OUTER_BOUND ( 'NONE', #613, .T. ) ;
#1093 = ORIENTED_EDGE ( 'NONE', *, *, #231, .F. ) ;
#1094 = CARTESIAN_POINT ( 'NONE',  ( 0.1022196781220488238, -0.6875000000000001110, -0.1660606437559024040 ) ) ;
#1095 = ORIENTED_EDGE ( 'NONE', *, *, #302, .T. ) ;
#1096 = EDGE_CURVE ( 'NONE', #524, #1321, #778, .T. ) ;
#1097 = CARTESIAN_POINT ( 'NONE',  ( 0.1648623724701113458, -0.2408935612549827077, 0.1264317830701031653 ) ) ;
#1098 = DIRECTION ( 'NONE',  ( 0.5242034775489681220, 0.000000000000000000, -0.8515930449020637782 ) ) ;
#1099 = ORIENTED_EDGE ( 'NONE', *, *, #278, .F. ) ;
#1100 = CARTESIAN_POINT ( 'NONE',  ( 0.1823734479384800655, 0.2247099299032405129, 0.4702629939401309911 ) ) ;
#1101 = ORIENTED_EDGE ( 'NONE', *, *, #414, .F. ) ;
#1102 = CARTESIAN_POINT ( 'NONE',  ( -0.1314999999999999780, -0.2499999999999999167, 0.1439887148355731561 ) ) ;
#1103 = EDGE_CURVE ( 'NONE', #1293, #301, #543, .T. ) ;
#1104 = ADVANCED_FACE ( 'NONE', ( #445 ), #648, .T. ) ;
#1105 = CARTESIAN_POINT ( 'NONE',  ( 0.1375000000000000111, -0.7500000000000001110, 0.05000000000000009298 ) ) ;
#1106 = CARTESIAN_POINT ( 'NONE',  ( 2.388061258337338397E-17, -0.6875000000000003331, 0.1950000000000000067 ) ) ;
#1107 = ORIENTED_EDGE ( 'NONE', *, *, #890, .F. ) ;
#1108 = AXIS2_PLACEMENT_3D ( 'NONE', #1540, #1559, #204 ) ;
#1109 = CARTESIAN_POINT ( 'NONE',  ( 0.1196576304080863573, -0.7500000000000001110, -0.08193473918382736254 ) ) ;
#1110 = CIRCLE ( 'NONE', #195, 0.1950000000000000067 ) ;
#1111 = VECTOR ( 'NONE', #748, 39.37007874015748143 ) ;
#1112 = AXIS2_PLACEMENT_3D ( 'NONE', #371, #1015, #1510 ) ;
#1113 = CARTESIAN_POINT ( 'NONE',  ( 0.1000000000000000194, -0.6875000000000001110, -0.04999999999999995420 ) ) ;
#1114 = FACE_OUTER_BOUND ( 'NONE', #899, .T. ) ;
#1115 = EDGE_CURVE ( 'NONE', #969, #390, #1426, .T. ) ;
#1116 = ORIENTED_EDGE ( 'NONE', *, *, #782, .T. ) ;
#1117 = CARTESIAN_POINT ( 'NONE',  ( 0.000000000000000000, 0.6875000000000001110, 0.000000000000000000 ) ) ;
#1118 = VERTEX_POINT ( 'NONE', #1137 ) ;
#1119 = DIRECTION ( 'NONE',  ( 1.224646799147353207E-16, 0.000000000000000000, -1.000000000000000000 ) ) ;
#1120 = CARTESIAN_POINT ( 'NONE',  ( 0.1945986366426429026, -0.1944857170523186796, 0.08247666643789627883 ) ) ;
#1121 = DIRECTION ( 'NONE',  ( 1.000000000000000000, 0.000000000000000000, 0.000000000000000000 ) ) ;
#1122 = ORIENTED_EDGE ( 'NONE', *, *, #990, .F. ) ;
#1123 = ORIENTED_EDGE ( 'NONE', *, *, #1466, .T. ) ;
#1124 = PLANE ( 'NONE',  #1239 ) ;
#1125 = EDGE_LOOP ( 'NONE', ( #650, #495, #1571, #1515 ) ) ;
#1126 = DIRECTION ( 'NONE',  ( -0.000000000000000000, -1.000000000000000000, -0.000000000000000000 ) ) ;
#1127 = DIRECTION ( 'NONE',  ( 0.000000000000000000, 1.000000000000000000, 0.000000000000000000 ) ) ;
#1128 = VERTEX_POINT ( 'NONE', #1542 ) ;
#1129 = ADVANCED_FACE ( 'NONE', ( #1037 ), #683, .T. ) ;
#1130 = EDGE_CURVE ( 'NONE', #301, #1343, #47, .T. ) ;
#1131 = CARTESIAN_POINT ( 'NONE',  ( 0.1196576304080862602, -0.7500000000000001110, 0.08193473918382743193 ) ) ;
#1132 = AXIS2_PLACEMENT_3D ( 'NONE', #288, #777, #694 ) ;
#1133 = TOROIDAL_SURFACE ( 'NONE', #752, 0.1325000000000000067, 0.06250000000000000000 ) ;
#1134 = LINE ( 'NONE', #48, #504 ) ;
#1135 = VECTOR ( 'NONE', #1004, 39.37007874015748143 ) ;
#1136 = ORIENTED_EDGE ( 'NONE', *, *, #470, .F. ) ;
#1137 = CARTESIAN_POINT ( 'NONE',  ( 0.2000000000000000111, 0.6875000000000001110, 0.05000000000000009298 ) ) ;
#1138 = VERTEX_POINT ( 'NONE', #185 ) ;
#1139 = CARTESIAN_POINT ( 'NONE',  ( 0.1196576304080863434, -0.6875000000000001110, -0.08193473918382733479 ) ) ;
#1140 = EDGE_CURVE ( 'NONE', #131, #1365, #270, .T. ) ;
#1141 = CARTESIAN_POINT ( 'NONE',  ( 0.09999999999999999167, 1.096216032218403580, 0.05000000000000005829 ) ) ;
#1142 = ORIENTED_EDGE ( 'NONE', *, *, #442, .F. ) ;
#1143 = CARTESIAN_POINT ( 'NONE',  ( -0.1315000000000000058, -0.1864999999999999714, 1.282992897024467462E-17 ) ) ;
#1144 = VERTEX_POINT ( 'NONE', #789 ) ;
#1145 = DIRECTION ( 'NONE',  ( 0.000000000000000000, 1.000000000000000000, -0.000000000000000000 ) ) ;
#1146 = ORIENTED_EDGE ( 'NONE', *, *, #1241, .T. ) ;
#1147 = EDGE_CURVE ( 'NONE', #168, #524, #1393, .T. ) ;
#1148 = ADVANCED_FACE ( 'NONE', ( #658 ), #1150, .T. ) ;
#1149 = DIRECTION ( 'NONE',  ( -0.000000000000000000, -1.000000000000000000, 0.000000000000000000 ) ) ;
#1150 = CYLINDRICAL_SURFACE ( 'NONE', #369, 0.06350000000000000089 ) ;
#1151 = CARTESIAN_POINT ( 'NONE',  ( -0.1950000000000000067, 0.1864999999999999714, 1.902536995587613425E-17 ) ) ;
#1152 = ORIENTED_EDGE ( 'NONE', *, *, #702, .T. ) ;
#1153 = CIRCLE ( 'NONE', #291, 0.1950000000000000067 ) ;
#1154 = VECTOR ( 'NONE', #558, 39.37007874015748143 ) ;
#1155 = LINE ( 'NONE', #992, #984 ) ;
#1156 = CARTESIAN_POINT ( 'NONE',  ( -2.156302561210691415, 0.2499999999999999722, 0.3763025612106914441 ) ) ;
#1157 = AXIS2_PLACEMENT_3D ( 'NONE', #1175, #1049, #798 ) ;
#1158 = CARTESIAN_POINT ( 'NONE',  ( -0.1949999999999999789, -0.1864999999999999714, 0.3499999999999997558 ) ) ;
#1159 = EDGE_CURVE ( 'NONE', #1318, #1454, #755, .T. ) ;
#1160 = DIRECTION ( 'NONE',  ( 2.731847993664263218E-16, 0.000000000000000000, -1.000000000000000000 ) ) ;
#1161 = ORIENTED_EDGE ( 'NONE', *, *, #104, .F. ) ;
#1162 = CIRCLE ( 'NONE', #786, 0.2000000000000000389 ) ;
#1163 = DIRECTION ( 'NONE',  ( 0.000000000000000000, 0.000000000000000000, 1.000000000000000000 ) ) ;
#1164 = CARTESIAN_POINT ( 'NONE',  ( -0.1314999999999999780, 0.2500000000000000000, 0.1439887148355731561 ) ) ;
#1165 = CARTESIAN_POINT ( 'NONE',  ( 0.1386397686848524768, -0.2500000000000000000, 0.1436420269764926705 ) ) ;
#1166 = CARTESIAN_POINT ( 'NONE',  ( 0.1949999999999999789, 0.1905769291975605295, 0.08122498999199198599 ) ) ;
#1167 = CARTESIAN_POINT ( 'NONE',  ( 0.1000000000000000194, 0.7500000000000001110, -0.04999999999999995420 ) ) ;
#1168 = CARTESIAN_POINT ( 'NONE',  ( -0.1681642402156582616, -0.2391311864853029601, 0.09973189091985987242 ) ) ;
#1169 = LINE ( 'NONE', #1151, #1185 ) ;
#1170 = ORIENTED_EDGE ( 'NONE', *, *, #351, .T. ) ;
#1171 = FILL_AREA_STYLE ('',( #184 ) ) ;
#1172 = LINE ( 'NONE', #1326, #1367 ) ;
#1173 = DIRECTION ( 'NONE',  ( 0.000000000000000000, 1.000000000000000000, 0.000000000000000000 ) ) ;
#1174 = ORIENTED_EDGE ( 'NONE', *, *, #1547, .T. ) ;
#1175 = CARTESIAN_POINT ( 'NONE',  ( 0.1950000000000000067, 0.2500000000000000000, 0.000000000000000000 ) ) ;
#1176 = EDGE_CURVE ( 'NONE', #1258, #131, #672, .T. ) ;
#1177 = ADVANCED_FACE ( 'NONE', ( #918 ), #84, .T. ) ;
#1178 = PRODUCT_CONTEXT ( 'NONE', #916, 'mechanical' ) ;
#1179 = CARTESIAN_POINT ( 'NONE',  ( -0.1314999999999999780, -0.2500000000000000000, 0.4134999999999997566 ) ) ;
#1180 = CARTESIAN_POINT ( 'NONE',  ( -0.1686974387893084293, 0.2500000000000000000, 0.3763025612106912221 ) ) ;
#1181 = LINE ( 'NONE', #944, #677 ) ;
#1182 = B_SPLINE_CURVE_WITH_KNOTS ( 'NONE', 3,
 ( #1224, #1361, #1120, #498, #32, #611, #1455, #844, #261, #1097, #753, #375 ),
 .UNSPECIFIED., .F., .F.,
 ( 4, 2, 2, 2, 2, 4 ),
 ( 1.788112030672749005E-18, 0.0003048727374687316212, 0.0006097454749374613993, 0.001219490949874919546, 0.001829236424812378126, 0.002438981899749836490 ),
 .UNSPECIFIED. ) ;
#1183 = VECTOR ( 'NONE', #954, 39.37007874015748143 ) ;
#1184 = ORIENTED_EDGE ( 'NONE', *, *, #280, .F. ) ;
#1185 = VECTOR ( 'NONE', #323, 39.37007874015748143 ) ;
#1186 = DIRECTION ( 'NONE',  ( -0.000000000000000000, -1.000000000000000000, -0.000000000000000000 ) ) ;
#1187 = ORIENTED_EDGE ( 'NONE', *, *, #1241, .F. ) ;
#1188 = AXIS2_PLACEMENT_3D ( 'NONE', #1327, #707, #949 ) ;
#1189 = VECTOR ( 'NONE', #728, 39.37007874015748143 ) ;
#1190 = CYLINDRICAL_SURFACE ( 'NONE', #881, 0.06350000000000001477 ) ;
#1191 = CYLINDRICAL_SURFACE ( 'NONE', #22, 0.06250000000000000000 ) ;
#1192 = CARTESIAN_POINT ( 'NONE',  ( -0.1900163350721772171, -0.2114339341822479845, 0.04426914570689570450 ) ) ;
#1193 = CARTESIAN_POINT ( 'NONE',  ( -1.979999999999999982, -0.2500000000000000000, 0.000000000000000000 ) ) ;
#1194 = ORIENTED_EDGE ( 'NONE', *, *, #691, .F. ) ;
#1195 = DIRECTION ( 'NONE',  ( 0.000000000000000000, 0.000000000000000000, -1.000000000000000000 ) ) ;
#1196 =( NAMED_UNIT ( * ) SI_UNIT ( $, .STERADIAN. ) SOLID_ANGLE_UNIT ( ) );
#1197 = EDGE_CURVE ( 'NONE', #301, #2, #1012, .T. ) ;
#1198 = ADVANCED_FACE ( 'NONE', ( #312 ), #1427, .T. ) ;
#1199 = DIRECTION ( 'NONE',  ( 0.000000000000000000, 1.000000000000000000, -0.000000000000000000 ) ) ;
#1200 = FACE_OUTER_BOUND ( 'NONE', #888, .T. ) ;
#1201 = ORIENTED_EDGE ( 'NONE', *, *, #1419, .F. ) ;
#1202 = CARTESIAN_POINT ( 'NONE',  ( 0.1314999999999999780, -0.2500000000000000000, 0.5461771185924794159 ) ) ;
#1203 = DIRECTION ( 'NONE',  ( 4.097771990496394335E-16, -4.097771990496397786E-16, -1.000000000000000000 ) ) ;
#1204 = ORIENTED_EDGE ( 'NONE', *, *, #682, .T. ) ;
#1205 = EDGE_CURVE ( 'NONE', #238, #950, #243, .T. ) ;
#1206 = LINE ( 'NONE', #987, #1526 ) ;
#1207 = CARTESIAN_POINT ( 'NONE',  ( -2.180000000000000160, -0.2500000000000000000, -0.5949999999999999734 ) ) ;
#1208 = AXIS2_PLACEMENT_3D ( 'NONE', #1253, #917, #437 ) ;
#1209 = ORIENTED_EDGE ( 'NONE', *, *, #396, .F. ) ;
#1210 = ADVANCED_FACE ( 'NONE', ( #1303 ), #1082, .T. ) ;
#1211 = CARTESIAN_POINT ( 'NONE',  ( 0.1900087457717586914, -0.2114522806683365452, 0.4448740067724439307 ) ) ;
#1212 = FACE_OUTER_BOUND ( 'NONE', #1431, .T. ) ;
#1213 = VECTOR ( 'NONE', #479, 39.37007874015748143 ) ;
#1214 = ORIENTED_EDGE ( 'NONE', *, *, #53, .T. ) ;
#1215 = VECTOR ( 'NONE', #1063, 39.37007874015748143 ) ;
#1216 = AXIS2_PLACEMENT_3D ( 'NONE', #206, #966, #458 ) ;
#1217 = CARTESIAN_POINT ( 'NONE',  ( 2.918912520362202476E-17, 0.2500000000000000000, 0.4134999999999997566 ) ) ;
#1218 = DIRECTION ( 'NONE',  ( 0.8515930449020637782, -0.000000000000000000, -0.5242034775489681220 ) ) ;
#1219 = FACE_OUTER_BOUND ( 'NONE', #503, .T. ) ;
#1220 = PRODUCT ( 'Hook1V', 'Hook1V', '', ( #1178 ) ) ;
#1221 = EDGE_LOOP ( 'NONE', ( #1500, #67, #1535, #919 ) ) ;
#1222 = LINE ( 'NONE', #1193, #1215 ) ;
#1223 = ORIENTED_EDGE ( 'NONE', *, *, #397, .T. ) ;
#1224 = CARTESIAN_POINT ( 'NONE',  ( 0.1950000000000000067, -0.1864999999999999158, 0.08122498999199198599 ) ) ;
#1225 = CARTESIAN_POINT ( 'NONE',  ( 0.1022196781220486989, -0.6875000000000003331, 0.1660606437559024873 ) ) ;
#1226 = ORIENTED_EDGE ( 'NONE', *, *, #619, .T. ) ;
#1227 = DIRECTION ( 'NONE',  ( 0.000000000000000000, -0.000000000000000000, 1.000000000000000000 ) ) ;
#1228 = CARTESIAN_POINT ( 'NONE',  ( 0.1369848920094608180, 0.2500000000000000555, 0.5410553336886558817 ) ) ;
#1229 = ORIENTED_EDGE ( 'NONE', *, *, #564, .F. ) ;
#1230 = DIRECTION ( 'NONE',  ( -0.000000000000000000, -1.000000000000000000, -0.000000000000000000 ) ) ;
#1231 = EDGE_CURVE ( 'NONE', #1281, #991, #828, .T. ) ;
#1232 = CARTESIAN_POINT ( 'NONE',  ( 0.06945696077523831613, -0.6875000000000001110, -0.1128360784495234248 ) ) ;
#1233 = CARTESIAN_POINT ( 'NONE',  ( 0.1315000000000000058, 0.2500000000000000000, 0.1480369566860528507 ) ) ;
#1234 = ORIENTED_EDGE ( 'NONE', *, *, #45, .F. ) ;
#1235 = CYLINDRICAL_SURFACE ( 'NONE', #1479, 0.1950000000000000067 ) ;
#1236 = ORIENTED_EDGE ( 'NONE', *, *, #1484, .F. ) ;
#1237 = AXIS2_PLACEMENT_3D ( 'NONE', #1447, #838, #200 ) ;
#1238 = DIRECTION ( 'NONE',  ( 0.000000000000000000, 0.000000000000000000, 1.000000000000000000 ) ) ;
#1239 = AXIS2_PLACEMENT_3D ( 'NONE', #995, #1002, #1496 ) ;
#1240 = VECTOR ( 'NONE', #51, 39.37007874015748143 ) ;
#1241 = EDGE_CURVE ( 'NONE', #131, #1021, #485, .T. ) ;
#1242 = LINE ( 'NONE', #604, #1579 ) ;
#1243 = DIRECTION ( 'NONE',  ( 0.000000000000000000, 0.000000000000000000, 1.000000000000000000 ) ) ;
#1244 = AXIS2_PLACEMENT_3D ( 'NONE', #897, #794, #1277 ) ;
#1245 = EDGE_LOOP ( 'NONE', ( #1107, #15, #1252, #449 ) ) ;
#1246 = CARTESIAN_POINT ( 'NONE',  ( -2.193499999999999783, 0.2500000000000000000, 0.4134999999999999232 ) ) ;
#1247 = VERTEX_POINT ( 'NONE', #1207 ) ;
#1248 = DIRECTION ( 'NONE',  ( 0.000000000000000000, -1.000000000000000000, 0.000000000000000000 ) ) ;
#1249 = ADVANCED_FACE ( 'NONE', ( #463 ), #212, .T. ) ;
#1250 = DIRECTION ( 'NONE',  ( -0.000000000000000000, 0.000000000000000000, 1.000000000000000000 ) ) ;
#1251 = ADVANCED_FACE ( 'NONE', ( #1200 ), #423, .T. ) ;
#1252 = ORIENTED_EDGE ( 'NONE', *, *, #1231, .T. ) ;
#1253 = CARTESIAN_POINT ( 'NONE',  ( 0.000000000000000000, 0.7500000000000001110, 0.000000000000000000 ) ) ;
#1254 = DIRECTION ( 'NONE',  ( -0.000000000000000000, -1.000000000000000000, -0.000000000000000000 ) ) ;
#1255 = ORIENTED_EDGE ( 'NONE', *, *, #1068, .F. ) ;
#1256 = CYLINDRICAL_SURFACE ( 'NONE', #595, 0.2000000000000000111 ) ;
#1257 = DIRECTION ( 'NONE',  ( 0.000000000000000000, 0.000000000000000000, 1.000000000000000000 ) ) ;
#1258 = VERTEX_POINT ( 'NONE', #1440 ) ;
#1259 = ORIENTED_EDGE ( 'NONE', *, *, #750, .F. ) ;
#1260 = DIRECTION ( 'NONE',  ( 0.000000000000000000, 1.000000000000000000, -0.000000000000000000 ) ) ;
#1261 = VECTOR ( 'NONE', #353, 39.37007874015748143 ) ;
#1262 = AXIS2_PLACEMENT_3D ( 'NONE', #660, #1145, #1163 ) ;
#1263 = DIRECTION ( 'NONE',  ( 0.5242034775489681220, 0.000000000000000000, 0.8515930449020637782 ) ) ;
#1264 = VERTEX_POINT ( 'NONE', #469 ) ;
#1265 = VECTOR ( 'NONE', #1412, 39.37007874015748143 ) ;
#1266 = DIRECTION ( 'NONE',  ( 0.5242034775489680110, 0.000000000000000000, 0.8515930449020637782 ) ) ;
#1267 = VERTEX_POINT ( 'NONE', #113 ) ;
#1268 = DIRECTION ( 'NONE',  ( -1.000000000000000000, 0.000000000000000000, 2.652279605499284415E-16 ) ) ;
#1269 = ADVANCED_FACE ( 'NONE', ( #99 ), #1461, .T. ) ;
#1270 = ORIENTED_EDGE ( 'NONE', *, *, #682, .F. ) ;
#1271 = ADVANCED_FACE ( 'NONE', ( #1092 ), #625, .T. ) ;
#1272 = CARTESIAN_POINT ( 'NONE',  ( -0.1314999999999999780, 0.2500000000000000000, 0.1439887148355731561 ) ) ;
#1273 = CARTESIAN_POINT ( 'NONE',  ( 2.470663560161477052E-17, 0.2500000000000000000, 0.3499999999999997558 ) ) ;
#1274 = DIRECTION ( 'NONE',  ( -0.000000000000000000, 0.000000000000000000, -1.000000000000000000 ) ) ;
#1275 = ORIENTED_EDGE ( 'NONE', *, *, #1076, .F. ) ;
#1276 = DIRECTION ( 'NONE',  ( 0.000000000000000000, 1.000000000000000000, 0.000000000000000000 ) ) ;
#1277 = DIRECTION ( 'NONE',  ( 1.000000000000000000, 0.000000000000000000, 0.000000000000000000 ) ) ;
#1278 =( NAMED_UNIT ( * ) PLANE_ANGLE_UNIT ( ) SI_UNIT ( $, .RADIAN. ) );
#1279 = FACE_OUTER_BOUND ( 'NONE', #1473, .T. ) ;
#1280 = CARTESIAN_POINT ( 'NONE',  ( 0.1000000000000000194, 1.096216032218403580, -0.04999999999999995420 ) ) ;
#1281 = VERTEX_POINT ( 'NONE', #1070 ) ;
#1282 = ORIENTED_EDGE ( 'NONE', *, *, #537, .T. ) ;
#1283 = DIRECTION ( 'NONE',  ( 0.000000000000000000, 1.000000000000000000, 0.000000000000000000 ) ) ;
#1284 = VERTEX_POINT ( 'NONE', #1308 ) ;
#1285 = VECTOR ( 'NONE', #1090, 39.37007874015748143 ) ;
#1286 = DIRECTION ( 'NONE',  ( -0.8515930449020641113, -1.432044218413978854E-16, 0.5242034775489678999 ) ) ;
#1287 = AXIS2_PLACEMENT_3D ( 'NONE', #1139, #52, #535 ) ;
#1288 = LINE ( 'NONE', #574, #521 ) ;
#1289 = FACE_OUTER_BOUND ( 'NONE', #1071, .T. ) ;
#1290 = CARTESIAN_POINT ( 'NONE',  ( -0.1314999999999999780, -0.2500000000000000000, 0.4134999999999997566 ) ) ;
#1291 = CARTESIAN_POINT ( 'NONE',  ( 0.06945696077523827450, -0.6875000000000001110, 0.1128360784495234664 ) ) ;
#1292 = TOROIDAL_SURFACE ( 'NONE', #71, 0.1325000000000000067, 0.06250000000000000000 ) ;
#1293 = VERTEX_POINT ( 'NONE', #90 ) ;
#1294 = AXIS2_PLACEMENT_3D ( 'NONE', #692, #109, #1297 ) ;
#1295 = FACE_OUTER_BOUND ( 'NONE', #208, .T. ) ;
#1296 = ORIENTED_EDGE ( 'NONE', *, *, #782, .F. ) ;
#1297 = DIRECTION ( 'NONE',  ( 1.000000000000000000, 0.000000000000000000, 0.000000000000000000 ) ) ;
#1298 = DIRECTION ( 'NONE',  ( 0.5242034775489681220, 0.000000000000000000, 0.8515930449020637782 ) ) ;
#1299 = ADVANCED_FACE ( 'NONE', ( #1456 ), #1191, .T. ) ;
#1300 = CARTESIAN_POINT ( 'NONE',  ( 1.591367763299568923E-16, 0.2500000000000000000, 0.5999999999999993117 ) ) ;
#1301 = FACE_OUTER_BOUND ( 'NONE', #553, .T. ) ;
#1302 = EDGE_CURVE ( 'NONE', #379, #758, #1181, .T. ) ;
#1303 = FACE_OUTER_BOUND ( 'NONE', #912, .T. ) ;
#1304 = ADVANCED_FACE ( 'NONE', ( #336 ), #1077, .T. ) ;
#1305 = CARTESIAN_POINT ( 'NONE',  ( -2.193499999999999783, -0.2500000000000000000, 0.4134999999999999232 ) ) ;
#1306 = EDGE_LOOP ( 'NONE', ( #78, #186, #1146, #293, #1152 ) ) ;
#1307 = PLANE ( 'NONE',  #673 ) ;
#1308 = CARTESIAN_POINT ( 'NONE',  ( -2.180000000000000160, 0.2500000000000000000, 0.5999999999999998668 ) ) ;
#1309 = ORIENTED_EDGE ( 'NONE', *, *, #801, .T. ) ;
#1310 = CARTESIAN_POINT ( 'NONE',  ( -2.129999999999999893, 0.2500000000000000000, -0.4949999999999999956 ) ) ;
#1311 = ORIENTED_EDGE ( 'NONE', *, *, #26, .T. ) ;
#1312 = ADVANCED_FACE ( 'NONE', ( #329 ), #839, .T. ) ;
#1313 = MECHANICAL_DESIGN_GEOMETRIC_PRESENTATION_REPRESENTATION (  '', ( #363 ), #617 ) ;
#1314 = AXIS2_PLACEMENT_3D ( 'NONE', #256, #997, #359 ) ;
#1315 = CYLINDRICAL_SURFACE ( 'NONE', #906, 0.1999999999999999833 ) ;
#1316 = CARTESIAN_POINT ( 'NONE',  ( 0.000000000000000000, -0.6875000000000003331, 0.000000000000000000 ) ) ;
#1317 = CIRCLE ( 'NONE', #174, 0.06250000000000000000 ) ;
#1318 = VERTEX_POINT ( 'NONE', #120 ) ;
#1319 = CIRCLE ( 'NONE', #317, 0.09999999999999999167 ) ;
#1320 = DIRECTION ( 'NONE',  ( 0.000000000000000000, -1.000000000000000000, 0.000000000000000000 ) ) ;
#1321 = VERTEX_POINT ( 'NONE', #737 ) ;
#1322 = VECTOR ( 'NONE', #1274, 39.37007874015748143 ) ;
#1323 = EDGE_CURVE ( 'NONE', #1343, #358, #836, .T. ) ;
#1324 = EDGE_CURVE ( 'NONE', #1281, #284, #514, .T. ) ;
#1325 =( NAMED_UNIT ( * ) PLANE_ANGLE_UNIT ( ) SI_UNIT ( $, .RADIAN. ) );
#1326 = CARTESIAN_POINT ( 'NONE',  ( 1.015905972643896374E-16, -0.2500000000000000000, -0.5949999999999996403 ) ) ;
#1327 = CARTESIAN_POINT ( 'NONE',  ( -1.979999999999999982, 0.2500000000000000000, 0.000000000000000000 ) ) ;
#1328 = ORIENTED_EDGE ( 'NONE', *, *, #669, .T. ) ;
#1329 = CARTESIAN_POINT ( 'NONE',  ( -2.380000000000000338, 0.2500000000000000000, 0.000000000000000000 ) ) ;
#1330 = VERTEX_POINT ( 'NONE', #247 ) ;
#1331 = APPLICATION_PROTOCOL_DEFINITION ( 'draft international standard', 'automotive_design', 1998, #1379 ) ;
#1332 = ADVANCED_FACE ( 'NONE', ( #376 ), #754, .T. ) ;
#1333 = DIRECTION ( 'NONE',  ( 0.000000000000000000, 0.000000000000000000, -1.000000000000000000 ) ) ;
#1334 = EDGE_LOOP ( 'NONE', ( #940, #1099, #1399, #116 ) ) ;
#1335 = CARTESIAN_POINT ( 'NONE',  ( 0.1823729992435991487, -0.2247105221691725330, 0.4702641815182468932 ) ) ;
#1336 = DIRECTION ( 'NONE',  ( -0.000000000000000000, -1.000000000000000000, -0.000000000000000000 ) ) ;
#1337 = ORIENTED_EDGE ( 'NONE', *, *, #1513, .F. ) ;
#1338 = EDGE_CURVE ( 'NONE', #515, #1375, #365, .T. ) ;
#1339 = LINE ( 'NONE', #241, #1189 ) ;
#1340 = ORIENTED_EDGE ( 'NONE', *, *, #924, .F. ) ;
#1341 = LINE ( 'NONE', #1094, #546 ) ;
#1342 = VECTOR ( 'NONE', #1378, 39.37007874015748143 ) ;
#1343 = VERTEX_POINT ( 'NONE', #860 ) ;
#1344 = AXIS2_PLACEMENT_3D ( 'NONE', #771, #1254, #1357 ) ;
#1345 = TOROIDAL_SURFACE ( 'NONE', #858, 0.03749999999999999167, 0.06250000000000000000 ) ;
#1346 = PLANE ( 'NONE',  #264 ) ;
#1347 = CARTESIAN_POINT ( 'NONE',  ( 0.000000000000000000, -0.2500000000000000000, 0.000000000000000000 ) ) ;
#1348 = ADVANCED_FACE ( 'NONE', ( #1219 ), #1292, .T. ) ;
#1349 = ORIENTED_EDGE ( 'NONE', *, *, #729, .F. ) ;
#1350 = EDGE_CURVE ( 'NONE', #1321, #799, #963, .T. ) ;
#1351 = CARTESIAN_POINT ( 'NONE',  ( 0.1560128816916472316, -0.2452526658782461511, 0.5188534883106394879 ) ) ;
#1352 = CARTESIAN_POINT ( 'NONE',  ( 0.1420796117109669743, 0.2493035943623623241, 0.5357234847876292116 ) ) ;
#1353 = VERTEX_POINT ( 'NONE', #1233 ) ;
#1354 = CARTESIAN_POINT ( 'NONE',  ( -2.180000000000000160, 0.2500000000000000000, -0.3949999999999999623 ) ) ;
#1355 = CARTESIAN_POINT ( 'NONE',  ( 0.1524203477548967678, 0.2464548917921989546, 0.1351593044902064389 ) ) ;
#1356 = CARTESIAN_POINT ( 'NONE',  ( -2.193499999999999783, 0.1864999999999999714, 0.000000000000000000 ) ) ;
#1357 = DIRECTION ( 'NONE',  ( 1.821231995776175479E-15, 0.000000000000000000, 1.000000000000000000 ) ) ;
#1358 = VERTEX_POINT ( 'NONE', #1362 ) ;
#1359 = LINE ( 'NONE', #1368, #239 ) ;
#1360 = ADVANCED_FACE ( 'NONE', ( #1114 ), #389, .F. ) ;
#1361 = CARTESIAN_POINT ( 'NONE',  ( 0.1950000000000000622, -0.1905899528403312004, 0.08122498999199198599 ) ) ;
#1362 = CARTESIAN_POINT ( 'NONE',  ( -2.129999999999999893, 0.1864999999999999714, -0.4949999999999999956 ) ) ;
#1363 = ORIENTED_EDGE ( 'NONE', *, *, #415, .T. ) ;
#1364 = CARTESIAN_POINT ( 'NONE',  ( 0.1314999999999999780, 0.2500000000000000000, 0.5461771185924794159 ) ) ;
#1365 = VERTEX_POINT ( 'NONE', #263 ) ;
#1366 = AXIS2_PLACEMENT_3D ( 'NONE', #1273, #1433, #1045 ) ;
#1367 = VECTOR ( 'NONE', #1059, 39.37007874015748143 ) ;
#1368 = CARTESIAN_POINT ( 'NONE',  ( 0.1524203477548968511, 1.096216032218403580, -0.1351593044902063556 ) ) ;
#1369 = AXIS2_PLACEMENT_3D ( 'NONE', #223, #1203, #361 ) ;
#1370 = ADVANCED_FACE ( 'NONE', ( #33 ), #39, .T. ) ;
#1371 = ADVANCED_FACE ( 'NONE', ( #633 ), #125, .T. ) ;
#1372 = VECTOR ( 'NONE', #663, 39.37007874015748143 ) ;
#1373 = AXIS2_PLACEMENT_3D ( 'NONE', #1141, #1388, #81 ) ;
#1374 = CARTESIAN_POINT ( 'NONE',  ( 0.1315000000000000058, -0.1864999999999999714, 0.000000000000000000 ) ) ;
#1375 = VERTEX_POINT ( 'NONE', #1225 ) ;
#1376 = FACE_OUTER_BOUND ( 'NONE', #228, .T. ) ;
#1377 = ORIENTED_EDGE ( 'NONE', *, *, #702, .F. ) ;
#1378 = DIRECTION ( 'NONE',  ( 0.8515930449020637782, -0.000000000000000000, 0.5242034775489681220 ) ) ;
#1379 = APPLICATION_CONTEXT ( 'automotive_design' ) ;
#1380 = DIRECTION ( 'NONE',  ( 0.5242034775489678999, 0.000000000000000000, 0.8515930449020640003 ) ) ;
#1381 =( BOUNDED_CURVE ( )  B_SPLINE_CURVE ( 3, ( #1158, #319, #1057, #1179 ),
 .UNSPECIFIED., .F., .T. ) 
 B_SPLINE_CURVE_WITH_KNOTS ( ( 4, 4 ),
 ( 0.000000000000000000, 1.570796326794896558 ),
 .UNSPECIFIED. ) 
 CURVE ( )  GEOMETRIC_REPRESENTATION_ITEM ( )  RATIONAL_B_SPLINE_CURVE ( ( 1.000000000000000000, 0.8047378541243649375, 0.8047378541243649375, 1.000000000000000000 ) ) 
 REPRESENTATION_ITEM ( '' )  );
#1382 = EDGE_LOOP ( 'NONE', ( #1328, #194, #747, #1340 ) ) ;
#1383 = CARTESIAN_POINT ( 'NONE',  ( 0.1196576304080862324, 0.7500000000000001110, 0.08193473918382740417 ) ) ;
#1384 = DIRECTION ( 'NONE',  ( 0.000000000000000000, 1.000000000000000000, 0.000000000000000000 ) ) ;
#1385 = CARTESIAN_POINT ( 'NONE',  ( 0.1681473625567450336, 0.2391426746704569672, 0.5011197074102961002 ) ) ;
#1386 = ORIENTED_EDGE ( 'NONE', *, *, #850, .F. ) ;
#1387 = CARTESIAN_POINT ( 'NONE',  ( 0.06945696077523820511, -0.7500000000000001110, 0.1128360784495234942 ) ) ;
#1388 = DIRECTION ( 'NONE',  ( 0.000000000000000000, -1.000000000000000000, 0.000000000000000000 ) ) ;
#1389 = VERTEX_POINT ( 'NONE', #491 ) ;
#1390 = EDGE_CURVE ( 'NONE', #230, #1454, #757, .T. ) ;
#1391 = DIRECTION ( 'NONE',  ( 9.756599977372377265E-17, 0.000000000000000000, 1.000000000000000000 ) ) ;
#1392 = EDGE_CURVE ( 'NONE', #810, #290, #1339, .T. ) ;
#1393 = LINE ( 'NONE', #65, #651 ) ;
#1394 = CYLINDRICAL_SURFACE ( 'NONE', #500, 0.1950000000000000067 ) ;
#1395 = CIRCLE ( 'NONE', #703, 0.1325000000000000067 ) ;
#1396 = CARTESIAN_POINT ( 'NONE',  ( 0.1950000000000000067, -0.1901289009038136801, 0.4064402680204973195 ) ) ;
#1397 = FACE_OUTER_BOUND ( 'NONE', #1508, .T. ) ;
#1398 = AXIS2_PLACEMENT_3D ( 'NONE', #972, #1173, #1581 ) ;
#1399 = ORIENTED_EDGE ( 'NONE', *, *, #1140, .F. ) ;
#1400 = VECTOR ( 'NONE', #1548, 39.37007874015748143 ) ;
#1401 = DIRECTION ( 'NONE',  ( 0.8515930449020638893, 0.000000000000000000, -0.5242034775489681220 ) ) ;
#1402 = ORIENTED_EDGE ( 'NONE', *, *, #563, .F. ) ;
#1403 = CARTESIAN_POINT ( 'NONE',  ( 0.000000000000000000, 0.7500000000000001110, 0.000000000000000000 ) ) ;
#1404 = CARTESIAN_POINT ( 'NONE',  ( -0.1846497087733570963, 0.2214560396267067910, 0.06302511427319736070 ) ) ;
#1405 = LINE ( 'NONE', #1051, #496 ) ;
#1406 = CARTESIAN_POINT ( 'NONE',  ( 1.015905972643896374E-16, 0.2500000000000000000, -0.5949999999999996403 ) ) ;
#1407 = ORIENTED_EDGE ( 'NONE', *, *, #54, .F. ) ;
#1408 = VERTEX_POINT ( 'NONE', #130 ) ;
#1409 = CARTESIAN_POINT ( 'NONE',  ( -2.380000000000000338, 0.2500000000000000000, 0.3999999999999998557 ) ) ;
#1410 = ORIENTED_EDGE ( 'NONE', *, *, #792, .T. ) ;
#1411 = ADVANCED_FACE ( 'NONE', ( #605 ), #9, .T. ) ;
#1412 = DIRECTION ( 'NONE',  ( 0.000000000000000000, 0.000000000000000000, -1.000000000000000000 ) ) ;
#1413 = SURFACE_STYLE_USAGE ( .BOTH. , #456 ) ;
#1414 = DIRECTION ( 'NONE',  ( -1.000000000000000000, 0.000000000000000000, -2.731847993664263218E-16 ) ) ;
#1415 = ORIENTED_EDGE ( 'NONE', *, *, #850, .T. ) ;
#1416 = ORIENTED_EDGE ( 'NONE', *, *, #610, .F. ) ;
#1417 = DIRECTION ( 'NONE',  ( 0.000000000000000000, 1.000000000000000000, 0.000000000000000000 ) ) ;
#1418 = ORIENTED_EDGE ( 'NONE', *, *, #1350, .F. ) ;
#1419 = EDGE_CURVE ( 'NONE', #390, #861, #977, .T. ) ;
#1420 = CIRCLE ( 'NONE', #1058, 0.06250000000000000000 ) ;
#1421 = EDGE_CURVE ( 'NONE', #1264, #1521, #427, .T. ) ;
#1422 = AXIS2_PLACEMENT_3D ( 'NONE', #1008, #616, #380 ) ;
#1423 = CIRCLE ( 'NONE', #1449, 0.1950000000000000067 ) ;
#1424 = CARTESIAN_POINT ( 'NONE',  ( 0.1456791814726656475, -0.2488071192532475551, 0.1393088719732144265 ) ) ;
#1425 = CARTESIAN_POINT ( 'NONE',  ( 0.1022196781220487821, -0.2500000000000000000, 0.1660606437559024595 ) ) ;
#1426 = LINE ( 'NONE', #1046, #1240 ) ;
#1427 = TOROIDAL_SURFACE ( 'NONE', #1038, 0.1325000000000000067, 0.06250000000000000000 ) ;
#1428 = ORIENTED_EDGE ( 'NONE', *, *, #1130, .T. ) ;
#1429 =( GEOMETRIC_REPRESENTATION_CONTEXT ( 3 ) GLOBAL_UNCERTAINTY_ASSIGNED_CONTEXT ( ( #1003 ) ) GLOBAL_UNIT_ASSIGNED_CONTEXT ( ( #1432, #1325, #1196 ) ) REPRESENTATION_CONTEXT ( 'NONE', 'WORKASPACE' ) );
#1430 = CARTESIAN_POINT ( 'NONE',  ( -2.156302561210691415, -0.2499999999999999722, 0.3763025612106914441 ) ) ;
#1431 = EDGE_LOOP ( 'NONE', ( #628, #287, #10, #406 ) ) ;
#1432 =( CONVERSION_BASED_UNIT ( 'INCH', #817 ) LENGTH_UNIT ( ) NAMED_UNIT ( #110 ) );
#1433 = DIRECTION ( 'NONE',  ( -7.059038743318510440E-17, 0.000000000000000000, -1.000000000000000000 ) ) ;
#1434 = DIRECTION ( 'NONE',  ( 0.5242034775489682330, 0.000000000000000000, 0.8515930449020637782 ) ) ;
#1435 = DIRECTION ( 'NONE',  ( 0.8515930449020637782, 0.000000000000000000, -0.5242034775489681220 ) ) ;
#1436 = ORIENTED_EDGE ( 'NONE', *, *, #554, .F. ) ;
#1437 = CARTESIAN_POINT ( 'NONE',  ( -2.193499999999999783, -0.2500000000000000000, -0.4949999999999999956 ) ) ;
#1438 = ORIENTED_EDGE ( 'NONE', *, *, #632, .F. ) ;
#1439 = LINE ( 'NONE', #1425, #1213 ) ;
#1440 = CARTESIAN_POINT ( 'NONE',  ( 0.1524203477548967678, 0.6875000000000001110, 0.1351593044902064389 ) ) ;
#1441 = EDGE_CURVE ( 'NONE', #436, #1574, #373, .T. ) ;
#1442 = EDGE_CURVE ( 'NONE', #1079, #1389, #1539, .T. ) ;
#1443 = DIRECTION ( 'NONE',  ( -0.8515930449020637782, 0.000000000000000000, -0.5242034775489681220 ) ) ;
#1444 = ORIENTED_EDGE ( 'NONE', *, *, #669, .F. ) ;
#1445 = VECTOR ( 'NONE', #1230, 39.37007874015748143 ) ;
#1446 = CARTESIAN_POINT ( 'NONE',  ( 2.005359133603790750E-17, -0.7500000000000001110, -0.1325000000000000067 ) ) ;
#1447 = CARTESIAN_POINT ( 'NONE',  ( 0.09999999999999999167, 0.7500000000000001110, 0.05000000000000005829 ) ) ;
#1448 = DIRECTION ( 'NONE',  ( 1.000000000000000000, 0.000000000000000000, 0.000000000000000000 ) ) ;
#1449 = AXIS2_PLACEMENT_3D ( 'NONE', #1563, #459, #115 ) ;
#1450 = VERTEX_POINT ( 'NONE', #189 ) ;
#1451 = AXIS2_PLACEMENT_3D ( 'NONE', #298, #201, #1266 ) ;
#1452 = CARTESIAN_POINT ( 'NONE',  ( -0.1946860332810067817, -0.1937807819058595948, 0.01275882121567056132 ) ) ;
#1453 = FACE_OUTER_BOUND ( 'NONE', #127, .T. ) ;
#1454 = VERTEX_POINT ( 'NONE', #303 ) ;
#1455 = CARTESIAN_POINT ( 'NONE',  ( 0.1863079060000887577, -0.2191355862592155035, 0.1009076795341383170 ) ) ;
#1456 = FACE_OUTER_BOUND ( 'NONE', #1125, .T. ) ;
#1457 = ORIENTED_EDGE ( 'NONE', *, *, #1130, .F. ) ;
#1458 = DIRECTION ( 'NONE',  ( 0.000000000000000000, -0.000000000000000000, -1.000000000000000000 ) ) ;
#1459 = ORIENTED_EDGE ( 'NONE', *, *, #785, .T. ) ;
#1460 = DIRECTION ( 'NONE',  ( -1.000000000000000000, 0.000000000000000000, 7.059038743318510440E-17 ) ) ;
#1461 = PLANE ( 'NONE',  #1216 ) ;
#1462 = ORIENTED_EDGE ( 'NONE', *, *, #922, .F. ) ;
#1463 = CARTESIAN_POINT ( 'NONE',  ( 0.000000000000000000, -0.7500000000000001110, 0.000000000000000000 ) ) ;
#1464 = ORIENTED_EDGE ( 'NONE', *, *, #537, .F. ) ;
#1465 = DIRECTION ( 'NONE',  ( -0.000000000000000000, -1.000000000000000000, -0.000000000000000000 ) ) ;
#1466 = EDGE_CURVE ( 'NONE', #577, #1284, #412, .T. ) ;
#1467 = EDGE_CURVE ( 'NONE', #1144, #1358, #1506, .T. ) ;
#1468 = CARTESIAN_POINT ( 'NONE',  ( 0.000000000000000000, 0.7500000000000001110, -0.1950000000000000067 ) ) ;
#1469 = FACE_OUTER_BOUND ( 'NONE', #570, .T. ) ;
#1470 = CARTESIAN_POINT ( 'NONE',  ( 0.1315000000000000058, 0.2500000000000000000, 0.000000000000000000 ) ) ;
#1471 = CARTESIAN_POINT ( 'NONE',  ( 0.1196576304080863434, 0.6875000000000001110, -0.08193473918382733479 ) ) ;
#1472 = VECTOR ( 'NONE', #407, 39.37007874015748143 ) ;
#1473 = EDGE_LOOP ( 'NONE', ( #1005, #1459, #372, #1187 ) ) ;
#1474 = FACE_OUTER_BOUND ( 'NONE', #741, .T. ) ;
#1475 = VERTEX_POINT ( 'NONE', #1026 ) ;
#1476 = PRODUCT_DEFINITION ( 'UNKNOWN', '', #654, #142 ) ;
#1477 = AXIS2_PLACEMENT_3D ( 'NONE', #44, #528, #1017 ) ;
#1478 = CARTESIAN_POINT ( 'NONE',  ( -0.1369870955174833649, -0.2500000000000000555, 0.1389775369708839969 ) ) ;
#1479 = AXIS2_PLACEMENT_3D ( 'NONE', #29, #275, #384 ) ;
#1480 = AXIS2_PLACEMENT_3D ( 'NONE', #1471, #1490, #1098 ) ;
#1481 = CARTESIAN_POINT ( 'NONE',  ( -1.979999999999999982, -0.2500000000000000000, -0.5949999999999999734 ) ) ;
#1482 = CARTESIAN_POINT ( 'NONE',  ( -0.1950000000000000067, 0.1901086170634071482, 0.006323709722427287537 ) ) ;
#1483 = EDGE_LOOP ( 'NONE', ( #666, #1013, #157, #402 ) ) ;
#1484 = EDGE_CURVE ( 'NONE', #305, #950, #668, .T. ) ;
#1485 = DIRECTION ( 'NONE',  ( 0.000000000000000000, -1.000000000000000000, 0.000000000000000000 ) ) ;
#1486 = DIRECTION ( 'NONE',  ( 0.000000000000000000, -1.000000000000000000, 0.000000000000000000 ) ) ;
#1487 = EDGE_LOOP ( 'NONE', ( #1349, #362, #433, #1016, #37, #431 ) ) ;
#1488 = CARTESIAN_POINT ( 'NONE',  ( 0.1022196781220486989, -0.2499999999999999167, 0.1660606437559024873 ) ) ;
#1489 = CARTESIAN_POINT ( 'NONE',  ( 0.1022196781220488238, 1.096216032218403580, -0.1660606437559024040 ) ) ;
#1490 = DIRECTION ( 'NONE',  ( 0.8515930449020638893, -0.000000000000000000, 0.5242034775489681220 ) ) ;
#1491 = ORIENTED_EDGE ( 'NONE', *, *, #563, .T. ) ;
#1492 = CARTESIAN_POINT ( 'NONE',  ( 0.1949999999999999789, 0.1901124019833092260, 0.4064109871244590000 ) ) ;
#1493 = EDGE_LOOP ( 'NONE', ( #12, #1562, #690, #1311, #138 ) ) ;
#1494 = EDGE_CURVE ( 'NONE', #590, #1475, #1162, .T. ) ;
#1495 = ADVANCED_FACE ( 'NONE', ( #1397 ), #296, .T. ) ;
#1496 = DIRECTION ( 'NONE',  ( 0.000000000000000000, 0.000000000000000000, -1.000000000000000000 ) ) ;
#1497 = DIRECTION ( 'NONE',  ( 0.000000000000000000, 1.000000000000000000, 0.000000000000000000 ) ) ;
#1498 = ORIENTED_EDGE ( 'NONE', *, *, #731, .T. ) ;
#1499 = FACE_OUTER_BOUND ( 'NONE', #756, .T. ) ;
#1500 = ORIENTED_EDGE ( 'NONE', *, *, #231, .T. ) ;
#1501 = AXIS2_PLACEMENT_3D ( 'NONE', #1024, #866, #759 ) ;
#1502 = CARTESIAN_POINT ( 'NONE',  ( -2.129999999999999893, -0.1864999999999999714, 0.3499999999999998668 ) ) ;
#1503 = AXIS2_PLACEMENT_3D ( 'NONE', #1354, #1260, #652 ) ;
#1504 = EDGE_CURVE ( 'NONE', #1284, #590, #426, .T. ) ;
#1505 = AXIS2_PLACEMENT_3D ( 'NONE', #622, #639, #1121 ) ;
#1506 = CIRCLE ( 'NONE', #1244, 0.06350000000000001477 ) ;
#1507 = DIRECTION ( 'NONE',  ( -1.000000000000000000, 0.000000000000000000, 0.000000000000000000 ) ) ;
#1508 = EDGE_LOOP ( 'NONE', ( #769, #1204, #1275, #923, #1001, #920, #114, #583 ) ) ;
#1509 = DIRECTION ( 'NONE',  ( -0.000000000000000000, -1.000000000000000000, -0.000000000000000000 ) ) ;
#1510 = DIRECTION ( 'NONE',  ( -7.059038743318505509E-17, 0.000000000000000000, -1.000000000000000000 ) ) ;
#1511 = VERTEX_POINT ( 'NONE', #286 ) ;
#1512 = LINE ( 'NONE', #1387, #268 ) ;
#1513 = EDGE_CURVE ( 'NONE', #1054, #168, #1538, .T. ) ;
#1514 = CARTESIAN_POINT ( 'NONE',  ( 0.1950000000000000067, 0.1864999999999999714, 0.000000000000000000 ) ) ;
#1515 = ORIENTED_EDGE ( 'NONE', *, *, #1103, .F. ) ;
#1516 = DIRECTION ( 'NONE',  ( -0.8515930449020638893, 0.000000000000000000, -0.5242034775489681220 ) ) ;
#1517 = ORIENTED_EDGE ( 'NONE', *, *, #770, .T. ) ;
#1518 = CARTESIAN_POINT ( 'NONE',  ( 2.388061258337338397E-17, 0.2500000000000000000, 0.1950000000000000067 ) ) ;
#1519 = EDGE_CURVE ( 'NONE', #594, #758, #811, .T. ) ;
#1520 = CARTESIAN_POINT ( 'NONE',  ( -0.1746333066797572942, 0.2337789158767332731, 0.08778905186883570466 ) ) ;
#1521 = VERTEX_POINT ( 'NONE', #1272 ) ;
#1522 = DIRECTION ( 'NONE',  ( 0.000000000000000000, 0.000000000000000000, 1.000000000000000000 ) ) ;
#1523 = CARTESIAN_POINT ( 'NONE',  ( 0.2000000000000000111, 1.096216032218403580, 0.05000000000000009298 ) ) ;
#1524 = ORIENTED_EDGE ( 'NONE', *, *, #1085, .T. ) ;
#1525 = DIRECTION ( 'NONE',  ( 0.000000000000000000, 0.000000000000000000, 1.000000000000000000 ) ) ;
#1526 = VECTOR ( 'NONE', #736, 39.37007874015748143 ) ;
#1527 = CIRCLE ( 'NONE', #1010, 0.06249999999999999306 ) ;
#1528 = VECTOR ( 'NONE', #1055, 39.37007874015748143 ) ;
#1529 = PLANE ( 'NONE',  #936 ) ;
#1530 = CARTESIAN_POINT ( 'NONE',  ( -0.1900167538677217938, 0.2114329591577189804, 0.04426736234125046993 ) ) ;
#1531 = CIRCLE ( 'NONE', #1584, 0.1950000000000000067 ) ;
#1532 = LENGTH_MEASURE_WITH_UNIT ( LENGTH_MEASURE( 0.02539999999999999897 ), #63 );
#1533 = DIRECTION ( 'NONE',  ( 1.000000000000000000, 0.000000000000000000, -9.756599977372376033E-17 ) ) ;
#1534 = ORIENTED_EDGE ( 'NONE', *, *, #128, .T. ) ;
#1535 = ORIENTED_EDGE ( 'NONE', *, *, #1147, .F. ) ;
#1536 = EDGE_CURVE ( 'NONE', #2, #290, #61, .T. ) ;
#1537 = DIRECTION ( 'NONE',  ( 0.5242034775489682330, 0.000000000000000000, 0.8515930449020638893 ) ) ;
#1538 =( BOUNDED_CURVE ( )  B_SPLINE_CURVE ( 3, ( #774, #1156, #72, #891 ),
 .UNSPECIFIED., .F., .T. ) 
 B_SPLINE_CURVE_WITH_KNOTS ( ( 4, 4 ),
 ( 1.570796326794896558, 3.141592653589793116 ),
 .UNSPECIFIED. ) 
 CURVE ( )  GEOMETRIC_REPRESENTATION_ITEM ( )  RATIONAL_B_SPLINE_CURVE ( ( 1.000000000000000000, 0.8047378541243649375, 0.8047378541243649375, 1.000000000000000000 ) ) 
 REPRESENTATION_ITEM ( '' )  );
#1539 = LINE ( 'NONE', #1514, #964 ) ;
#1540 = CARTESIAN_POINT ( 'NONE',  ( 0.000000000000000000, -0.6875000000000003331, 0.000000000000000000 ) ) ;
#1541 = CYLINDRICAL_SURFACE ( 'NONE', #1208, 0.1950000000000000067 ) ;
#1542 = CARTESIAN_POINT ( 'NONE',  ( 0.000000000000000000, 0.7500000000000001110, 0.1325000000000000067 ) ) ;
#1543 = ORIENTED_EDGE ( 'NONE', *, *, #453, .F. ) ;
#1544 = ORIENTED_EDGE ( 'NONE', *, *, #1085, .F. ) ;
#1545 = CARTESIAN_POINT ( 'NONE',  ( 0.1524203477548967678, 0.2464548917921989546, 0.1351593044902064389 ) ) ;
#1546 = EDGE_CURVE ( 'NONE', #1475, #27, #556, .T. ) ;
#1547 = EDGE_CURVE ( 'NONE', #2, #1118, #1134, .T. ) ;
#1548 = DIRECTION ( 'NONE',  ( -0.000000000000000000, 1.000000000000000000, -0.000000000000000000 ) ) ;
#1549 = DIRECTION ( 'NONE',  ( -1.000000000000000000, 0.000000000000000000, 0.000000000000000000 ) ) ;
#1550 = CARTESIAN_POINT ( 'NONE',  ( 0.1524203477548968511, 1.096216032218403580, -0.1351593044902063556 ) ) ;
#1551 = DIRECTION ( 'NONE',  ( -0.000000000000000000, 0.000000000000000000, 1.000000000000000000 ) ) ;
#1552 = DIRECTION ( 'NONE',  ( 0.000000000000000000, -1.000000000000000000, 0.000000000000000000 ) ) ;
#1553 = ORIENTED_EDGE ( 'NONE', *, *, #134, .T. ) ;
#1554 = CARTESIAN_POINT ( 'NONE',  ( -0.1746327844108648553, -0.2337793731115956342, 0.08779005831825593964 ) ) ;
#1555 = DIRECTION ( 'NONE',  ( -1.000000000000000000, 0.000000000000000000, 0.000000000000000000 ) ) ;
#1556 = ORIENTED_EDGE ( 'NONE', *, *, #781, .T. ) ;
#1557 = AXIS2_PLACEMENT_3D ( 'NONE', #565, #82, #926 ) ;
#1558 = AXIS2_PLACEMENT_3D ( 'NONE', #1069, #1580, #965 ) ;
#1559 = DIRECTION ( 'NONE',  ( 0.000000000000000000, 1.000000000000000000, 0.000000000000000000 ) ) ;
#1560 = CARTESIAN_POINT ( 'NONE',  ( 0.000000000000000000, -0.6875000000000003331, -0.1950000000000000067 ) ) ;
#1561 = DIRECTION ( 'NONE',  ( 0.000000000000000000, 1.000000000000000000, 0.000000000000000000 ) ) ;
#1562 = ORIENTED_EDGE ( 'NONE', *, *, #207, .T. ) ;
#1563 = CARTESIAN_POINT ( 'NONE',  ( 0.000000000000000000, 0.6875000000000001110, 0.000000000000000000 ) ) ;
#1564 = ORIENTED_EDGE ( 'NONE', *, *, #1390, .F. ) ;
#1565 = EDGE_CURVE ( 'NONE', #1258, #123, #705, .T. ) ;
#1566 = CYLINDRICAL_SURFACE ( 'NONE', #1557, 0.2000000000000000111 ) ;
#1567 = CARTESIAN_POINT ( 'NONE',  ( -0.1949999999999999789, 0.1864999999999999714, 0.3499999999999997558 ) ) ;
#1568 = DIRECTION ( 'NONE',  ( 0.000000000000000000, 0.000000000000000000, 1.000000000000000000 ) ) ;
#1569 = EDGE_LOOP ( 'NONE', ( #733, #1270, #30, #848 ) ) ;
#1570 = FACE_OUTER_BOUND ( 'NONE', #259, .T. ) ;
#1571 = ORIENTED_EDGE ( 'NONE', *, *, #1197, .F. ) ;
#1572 = CARTESIAN_POINT ( 'NONE',  ( 0.06945696077523820511, -0.6875000000000001110, 0.1128360784495234942 ) ) ;
#1573 = DIRECTION ( 'NONE',  ( 0.000000000000000000, 1.000000000000000000, -0.000000000000000000 ) ) ;
#1574 = VERTEX_POINT ( 'NONE', #279 ) ;
#1575 = CARTESIAN_POINT ( 'NONE',  ( 0.1524203477548968511, 0.6875000000000001110, -0.1351593044902063556 ) ) ;
#1576 = VERTEX_POINT ( 'NONE', #467 ) ;
#1577 = DIMENSIONAL_EXPONENTS ( 1.000000000000000000, 0.000000000000000000, 0.000000000000000000, 0.000000000000000000, 0.000000000000000000, 0.000000000000000000, 0.000000000000000000 ) ;
#1578 = PRODUCT_RELATED_PRODUCT_CATEGORY ( 'part', '', ( #1220 ) ) ;
#1579 = VECTOR ( 'NONE', #506, 39.37007874015748143 ) ;
#1580 = DIRECTION ( 'NONE',  ( 0.000000000000000000, 1.000000000000000000, -0.000000000000000000 ) ) ;
#1581 = DIRECTION ( 'NONE',  ( 0.000000000000000000, 0.000000000000000000, 1.000000000000000000 ) ) ;
#1582 = VECTOR ( 'NONE', #1486, 39.37007874015748143 ) ;
#1583 = ORIENTED_EDGE ( 'NONE', *, *, #54, .T. ) ;
#1584 = AXIS2_PLACEMENT_3D ( 'NONE', #863, #36, #740 ) ;
#1585 = CARTESIAN_POINT ( 'NONE',  ( 0.1681469417909903785, -0.2391429494223666907, 0.5011204013315352368 ) ) ;
#1586 = DIRECTION ( 'NONE',  ( -1.000000000000000000, 0.000000000000000000, 0.000000000000000000 ) ) ;
#1587 = ORIENTED_EDGE ( 'NONE', *, *, #280, .T. ) ;
#1588 = EDGE_CURVE ( 'NONE', #1475, #721, #597, .T. ) ;
#1589 = VECTOR ( 'NONE', #183, 39.37007874015748143 ) ;
ENDSEC;
END-ISO-10303-21;
