ISO-10303-21;
HEADER;
FILE_DESCRIPTION (( 'STEP AP214' ),
    '1' );
FILE_NAME ('Lid1V.STEP',
    '2026-04-16T19:26:25',
    ( '' ),
    ( '' ),
    'SwSTEP 2.0',
    'SolidWorks 2025',
    '' );
FILE_SCHEMA (( 'AUTOMOTIVE_DESIGN' ));
ENDSEC;

DATA;
#1 = ORIENTED_EDGE ( 'NONE', *, *, #562, .T. ) ;
#2 = PRODUCT_RELATED_PRODUCT_CATEGORY ( 'part', '', ( #219 ) ) ;
#3 = DIRECTION ( 'NONE',  ( -1.000000000000000000, 0.000000000000000000, -0.000000000000000000 ) ) ;
#4 = DIRECTION ( 'NONE',  ( 1.000000000000000000, 0.000000000000000000, 0.000000000000000000 ) ) ;
#5 = CARTESIAN_POINT ( 'NONE',  ( -1.000000000000000222, 0.000000000000000000, 0.1350000000000000089 ) ) ;
#6 = CYLINDRICAL_SURFACE ( 'NONE', #290, 0.06250000000000001388 ) ;
#7 = ORIENTED_EDGE ( 'NONE', *, *, #775, .F. ) ;
#8 = EDGE_CURVE ( 'NONE', #1365, #1017, #1181, .T. ) ;
#9 = ORIENTED_EDGE ( 'NONE', *, *, #1395, .T. ) ;
#10 = ORIENTED_EDGE ( 'NONE', *, *, #1138, .F. ) ;
#11 = CARTESIAN_POINT ( 'NONE',  ( -0.4074999999999999734, -0.3949999999999997957, 0.2550000000000000044 ) ) ;
#12 = CARTESIAN_POINT ( 'NONE',  ( 0.4074999999999998623, 0.4350000000000000533, 0.1250000000000000278 ) ) ;
#13 = AXIS2_PLACEMENT_3D ( 'NONE', #1525, #251, #4 ) ;
#14 = LINE ( 'NONE', #776, #750 ) ;
#15 = LINE ( 'NONE', #1451, #1556 ) ;
#16 = VERTEX_POINT ( 'NONE', #1425 ) ;
#17 = VECTOR ( 'NONE', #1597, 39.37007874015748143 ) ;
#18 = ORIENTED_EDGE ( 'NONE', *, *, #693, .F. ) ;
#19 = EDGE_CURVE ( 'NONE', #1377, #1271, #934, .T. ) ;
#20 = EDGE_LOOP ( 'NONE', ( #508, #1041, #908, #285 ) ) ;
#21 = CARTESIAN_POINT ( 'NONE',  ( 1.500000000000000222, -0.2750000000000000777, 0.000000000000000000 ) ) ;
#22 = CARTESIAN_POINT ( 'NONE',  ( -1.249999999999999778, 0.4999999999999998335, 0.000000000000000000 ) ) ;
#23 = AXIS2_PLACEMENT_3D ( 'NONE', #952, #605, #473 ) ;
#24 = CARTESIAN_POINT ( 'NONE',  ( 1.500000000000000222, 1.000000000000000222, 0.000000000000000000 ) ) ;
#25 = DIRECTION ( 'NONE',  ( -0.000000000000000000, -0.000000000000000000, -1.000000000000000000 ) ) ;
#26 = ORIENTED_EDGE ( 'NONE', *, *, #394, .T. ) ;
#27 = DIMENSIONAL_EXPONENTS ( 1.000000000000000000, 0.000000000000000000, 0.000000000000000000, 0.000000000000000000, 0.000000000000000000, 0.000000000000000000, 0.000000000000000000 ) ;
#28 = ORIENTED_EDGE ( 'NONE', *, *, #102, .T. ) ;
#29 = VECTOR ( 'NONE', #578, 39.37007874015748143 ) ;
#30 = VECTOR ( 'NONE', #718, 39.37007874015748143 ) ;
#31 = EDGE_CURVE ( 'NONE', #969, #1515, #664, .T. ) ;
#32 = DIRECTION ( 'NONE',  ( 1.365923996832131363E-16, -1.000000000000000000, 0.000000000000000000 ) ) ;
#33 = DIRECTION ( 'NONE',  ( 0.7071067811865492381, 0.000000000000000000, 0.7071067811865457964 ) ) ;
#34 = DIRECTION ( 'NONE',  ( 0.000000000000000000, 0.000000000000000000, -1.000000000000000000 ) ) ;
#35 = CARTESIAN_POINT ( 'NONE',  ( -1.500000000000000222, 0.2750000000000000222, 0.2550000000000000044 ) ) ;
#36 = ORIENTED_EDGE ( 'NONE', *, *, #170, .T. ) ;
#37 = AXIS2_PLACEMENT_3D ( 'NONE', #1171, #3, #274 ) ;
#38 = VERTEX_POINT ( 'NONE', #1164 ) ;
#39 = CARTESIAN_POINT ( 'NONE',  ( 0.4699999999999999178, -0.5025000000000000577, 0.2550000000000000044 ) ) ;
#40 = CARTESIAN_POINT ( 'NONE',  ( -1.500000000000000222, -0.2750000000000000777, 0.000000000000000000 ) ) ;
#41 = FACE_OUTER_BOUND ( 'NONE', #1583, .T. ) ;
#42 = DIRECTION ( 'NONE',  ( 0.000000000000000000, 0.000000000000000000, -1.000000000000000000 ) ) ;
#43 = DIRECTION ( 'NONE',  ( -0.000000000000000000, 0.000000000000000000, 1.000000000000000000 ) ) ;
#44 = EDGE_CURVE ( 'NONE', #280, #544, #1644, .T. ) ;
#45 = VERTEX_POINT ( 'NONE', #1572 ) ;
#46 = AXIS2_PLACEMENT_3D ( 'NONE', #1241, #108, #1538 ) ;
#47 = DIRECTION ( 'NONE',  ( -1.000000000000000000, 0.000000000000000000, 0.000000000000000000 ) ) ;
#48 = DIRECTION ( 'NONE',  ( -1.000000000000000000, 0.000000000000000000, 0.000000000000000000 ) ) ;
#49 = DIRECTION ( 'NONE',  ( -0.000000000000000000, -0.000000000000000000, -1.000000000000000000 ) ) ;
#50 = CARTESIAN_POINT ( 'NONE',  ( 0.4699999999999999178, -0.4975000000000001088, 0.000000000000000000 ) ) ;
#51 = CARTESIAN_POINT ( 'NONE',  ( -1.500000000000000222, -1.000000000000000222, 0.2550000000000000044 ) ) ;
#52 = VECTOR ( 'NONE', #1143, 39.37007874015748143 ) ;
#53 = EDGE_CURVE ( 'NONE', #253, #485, #1450, .T. ) ;
#54 = EDGE_CURVE ( 'NONE', #216, #1497, #297, .T. ) ;
#55 = ORIENTED_EDGE ( 'NONE', *, *, #1319, .F. ) ;
#56 = CARTESIAN_POINT ( 'NONE',  ( -0.4074999999999999734, -0.5024999999999999467, 0.000000000000000000 ) ) ;
#57 = CARTESIAN_POINT ( 'NONE',  ( 0.4699999999999999178, 0.4350000000000000533, 0.1250000000000000278 ) ) ;
#58 = CARTESIAN_POINT ( 'NONE',  ( 0.6700000000000000400, 0.000000000000000000, 0.1350000000000000089 ) ) ;
#59 = EDGE_CURVE ( 'NONE', #280, #89, #14, .T. ) ;
#60 = LINE ( 'NONE', #50, #726 ) ;
#61 = DIRECTION ( 'NONE',  ( 1.000000000000000000, -1.453110634927799894E-16, 0.000000000000000000 ) ) ;
#62 = DIRECTION ( 'NONE',  ( -1.000000000000000000, 0.000000000000000000, 0.000000000000000000 ) ) ;
#63 = ORIENTED_EDGE ( 'NONE', *, *, #877, .T. ) ;
#64 = LINE ( 'NONE', #1622, #917 ) ;
#65 = CARTESIAN_POINT ( 'NONE',  ( 0.6700000000000000400, 0.1450000000000000178, 0.1350000000000000644 ) ) ;
#66 = PLANE ( 'NONE',  #1659 ) ;
#67 = LINE ( 'NONE', #1619, #182 ) ;
#68 = VERTEX_POINT ( 'NONE', #388 ) ;
#69 = CARTESIAN_POINT ( 'NONE',  ( 1.500000000000000222, -0.2750000000000000777, 0.000000000000000000 ) ) ;
#70 = ADVANCED_FACE ( 'NONE', ( #1048 ), #550, .F. ) ;
#71 = DIRECTION ( 'NONE',  ( 1.000000000000000000, 0.000000000000000000, 0.000000000000000000 ) ) ;
#72 = CARTESIAN_POINT ( 'NONE',  ( -1.249999999999999778, 0.4999999999999998335, 0.2550000000000000044 ) ) ;
#73 = EDGE_LOOP ( 'NONE', ( #501, #652, #708, #734 ) ) ;
#74 = DIRECTION ( 'NONE',  ( -0.000000000000000000, -0.000000000000000000, 1.000000000000000000 ) ) ;
#75 = VECTOR ( 'NONE', #711, 39.37007874015748143 ) ;
#76 = CARTESIAN_POINT ( 'NONE',  ( 0.4699999999999999178, -0.3949999999999999623, 0.1250000000000000278 ) ) ;
#77 = EDGE_LOOP ( 'NONE', ( #1391, #1052, #206, #1401 ) ) ;
#78 = ORIENTED_EDGE ( 'NONE', *, *, #603, .T. ) ;
#79 = LINE ( 'NONE', #57, #379 ) ;
#80 = CARTESIAN_POINT ( 'NONE',  ( 1.500000000000000222, -0.9999999999999996669, 0.000000000000000000 ) ) ;
#81 = VERTEX_POINT ( 'NONE', #523 ) ;
#82 = EDGE_CURVE ( 'NONE', #544, #1664, #1301, .T. ) ;
#83 = LINE ( 'NONE', #179, #667 ) ;
#84 = CARTESIAN_POINT ( 'NONE',  ( 0.4699999999999999178, -0.4350000000000000533, 0.1250000000000000278 ) ) ;
#85 = DIRECTION ( 'NONE',  ( 1.000000000000000000, 0.000000000000000000, 0.000000000000000000 ) ) ;
#86 = ORIENTED_EDGE ( 'NONE', *, *, #1466, .T. ) ;
#87 = ORIENTED_EDGE ( 'NONE', *, *, #31, .F. ) ;
#88 = DIRECTION ( 'NONE',  ( -1.000000000000000000, -1.453110634927799894E-16, -0.000000000000000000 ) ) ;
#89 = VERTEX_POINT ( 'NONE', #293 ) ;
#90 = AXIS2_PLACEMENT_3D ( 'NONE', #114, #871, #1124 ) ;
#91 = DIRECTION ( 'NONE',  ( -0.000000000000000000, -0.000000000000000000, -1.000000000000000000 ) ) ;
#92 = LINE ( 'NONE', #584, #347 ) ;
#93 = EDGE_CURVE ( 'NONE', #465, #1177, #164, .T. ) ;
#94 = ORIENTED_EDGE ( 'NONE', *, *, #632, .F. ) ;
#95 = AXIS2_PLACEMENT_3D ( 'NONE', #234, #1273, #124 ) ;
#96 = ORIENTED_EDGE ( 'NONE', *, *, #246, .F. ) ;
#97 = DIRECTION ( 'NONE',  ( 0.000000000000000000, 0.000000000000000000, 1.000000000000000000 ) ) ;
#98 = EDGE_LOOP ( 'NONE', ( #1520, #705, #144, #772 ) ) ;
#99 = CARTESIAN_POINT ( 'NONE',  ( -0.4699999999999999734, 0.5024999999999999467, 0.000000000000000000 ) ) ;
#100 = AXIS2_PLACEMENT_3D ( 'NONE', #1392, #1257, #490 ) ;
#101 = CARTESIAN_POINT ( 'NONE',  ( -0.4074999999999999734, 0.5649999999999999467, 0.000000000000000000 ) ) ;
#102 = EDGE_CURVE ( 'NONE', #362, #628, #799, .T. ) ;
#103 = EDGE_CURVE ( 'NONE', #1069, #713, #1173, .T. ) ;
#104 = VECTOR ( 'NONE', #314, 39.37007874015748143 ) ;
#105 = ORIENTED_EDGE ( 'NONE', *, *, #1346, .T. ) ;
#106 = CARTESIAN_POINT ( 'NONE',  ( -1.156249999999999778, -0.5000000000000001110, 0.000000000000000000 ) ) ;
#107 = VERTEX_POINT ( 'NONE', #24 ) ;
#108 = DIRECTION ( 'NONE',  ( 0.000000000000000000, 0.000000000000000000, 1.000000000000000000 ) ) ;
#109 = EDGE_CURVE ( 'NONE', #460, #993, #1481, .T. ) ;
#110 = VECTOR ( 'NONE', #1585, 39.37007874015748143 ) ;
#111 = LINE ( 'NONE', #611, #1582 ) ;
#112 = ORIENTED_EDGE ( 'NONE', *, *, #1378, .F. ) ;
#113 = ORIENTED_EDGE ( 'NONE', *, *, #19, .T. ) ;
#114 = CARTESIAN_POINT ( 'NONE',  ( 0.4074999999999998623, 0.4975000000000001088, 0.000000000000000000 ) ) ;
#115 = DIRECTION ( 'NONE',  ( 0.000000000000000000, 0.000000000000000000, -1.000000000000000000 ) ) ;
#116 = VECTOR ( 'NONE', #283, 39.37007874015748143 ) ;
#117 = DIRECTION ( 'NONE',  ( 0.000000000000000000, 0.000000000000000000, 1.000000000000000000 ) ) ;
#118 = ORIENTED_EDGE ( 'NONE', *, *, #1627, .F. ) ;
#119 = VECTOR ( 'NONE', #1650, 39.37007874015748143 ) ;
#120 = ORIENTED_EDGE ( 'NONE', *, *, #766, .F. ) ;
#121 = EDGE_CURVE ( 'NONE', #609, #45, #829, .T. ) ;
#122 = EDGE_CURVE ( 'NONE', #216, #1384, #406, .T. ) ;
#123 = DIRECTION ( 'NONE',  ( 1.000000000000000000, -1.453110634927799894E-16, 0.000000000000000000 ) ) ;
#124 = DIRECTION ( 'NONE',  ( 1.000000000000000000, 0.000000000000000000, 0.000000000000000000 ) ) ;
#125 = VERTEX_POINT ( 'NONE', #1342 ) ;
#126 = DIRECTION ( 'NONE',  ( -0.000000000000000000, -0.000000000000000000, -1.000000000000000000 ) ) ;
#127 = ADVANCED_FACE ( 'NONE', ( #1588 ), #1232, .F. ) ;
#128 = VERTEX_POINT ( 'NONE', #1087 ) ;
#129 = VECTOR ( 'NONE', #1527, 39.37007874015748143 ) ;
#130 = ORIENTED_EDGE ( 'NONE', *, *, #31, .T. ) ;
#131 = CARTESIAN_POINT ( 'NONE',  ( 0.4074999999999998623, 0.5025000000000000577, 0.000000000000000000 ) ) ;
#132 = ADVANCED_FACE ( 'NONE', ( #336 ), #461, .F. ) ;
#133 = DIRECTION ( 'NONE',  ( -0.000000000000000000, -0.000000000000000000, -1.000000000000000000 ) ) ;
#134 = FACE_BOUND ( 'NONE', #515, .T. ) ;
#135 = ORIENTED_EDGE ( 'NONE', *, *, #1312, .T. ) ;
#136 = ORIENTED_EDGE ( 'NONE', *, *, #1044, .F. ) ;
#137 = ORIENTED_EDGE ( 'NONE', *, *, #775, .T. ) ;
#138 = CARTESIAN_POINT ( 'NONE',  ( -0.4699999999999999734, 0.4974999999999999423, 0.000000000000000000 ) ) ;
#139 = CARTESIAN_POINT ( 'NONE',  ( -1.130000000000000115, -0.2750000000000000222, 0.1350000000000000644 ) ) ;
#140 = LINE ( 'NONE', #1206, #324 ) ;
#141 = CARTESIAN_POINT ( 'NONE',  ( 0.8000000000000000444, -0.2750000000000001332, 0.000000000000000000 ) ) ;
#142 = ORIENTED_EDGE ( 'NONE', *, *, #103, .T. ) ;
#143 = ORIENTED_EDGE ( 'NONE', *, *, #59, .T. ) ;
#144 = ORIENTED_EDGE ( 'NONE', *, *, #593, .F. ) ;
#145 = CARTESIAN_POINT ( 'NONE',  ( -0.4074999999999999734, 0.5649999999999999467, 0.2550000000000000044 ) ) ;
#146 = CARTESIAN_POINT ( 'NONE',  ( -1.130000000000000115, -0.2750000000000000222, 0.000000000000000000 ) ) ;
#147 = DIRECTION ( 'NONE',  ( 0.000000000000000000, -1.000000000000000000, 0.000000000000000000 ) ) ;
#148 = CARTESIAN_POINT ( 'NONE',  ( -0.4699999999999999734, -0.4574999999999998512, 0.2550000000000000044 ) ) ;
#149 = EDGE_CURVE ( 'NONE', #715, #1286, #1363, .T. ) ;
#150 = VECTOR ( 'NONE', #1308, 39.37007874015748143 ) ;
#151 = ORIENTED_EDGE ( 'NONE', *, *, #1574, .F. ) ;
#152 = CARTESIAN_POINT ( 'NONE',  ( -1.249999999999999778, 0.4999999999999998335, 0.000000000000000000 ) ) ;
#153 = DIRECTION ( 'NONE',  ( 0.000000000000000000, 0.000000000000000000, 1.000000000000000000 ) ) ;
#154 = CARTESIAN_POINT ( 'NONE',  ( -1.130000000000000115, -0.1450000000000001010, 0.1350000000000000089 ) ) ;
#155 = DIRECTION ( 'NONE',  ( -1.000000000000000000, -1.138269997360109828E-17, -0.000000000000000000 ) ) ;
#156 = ORIENTED_EDGE ( 'NONE', *, *, #351, .T. ) ;
#157 = ORIENTED_EDGE ( 'NONE', *, *, #330, .T. ) ;
#158 = AXIS2_PLACEMENT_3D ( 'NONE', #154, #783, #904 ) ;
#159 = DIRECTION ( 'NONE',  ( -0.000000000000000000, -0.000000000000000000, -1.000000000000000000 ) ) ;
#160 = CIRCLE ( 'NONE', #620, 0.1437499999999997946 ) ;
#161 = EDGE_CURVE ( 'NONE', #724, #107, #83, .T. ) ;
#162 = CARTESIAN_POINT ( 'NONE',  ( 0.4074999999999998623, -0.4574999999999999623, 0.2550000000000000044 ) ) ;
#163 = DIRECTION ( 'NONE',  ( 1.000000000000000000, -1.138269997360109828E-17, 0.000000000000000000 ) ) ;
#164 = LINE ( 'NONE', #1284, #936 ) ;
#165 = CARTESIAN_POINT ( 'NONE',  ( 0.000000000000000000, 0.000000000000000000, 0.1250000000000000278 ) ) ;
#166 = AXIS2_PLACEMENT_3D ( 'NONE', #885, #751, #1407 ) ;
#167 = VERTEX_POINT ( 'NONE', #1613 ) ;
#168 = DIRECTION ( 'NONE',  ( 1.000000000000000000, 1.453110634927800140E-16, 0.000000000000000000 ) ) ;
#169 = DIRECTION ( 'NONE',  ( 0.000000000000000000, -1.000000000000000000, 0.000000000000000000 ) ) ;
#170 = EDGE_CURVE ( 'NONE', #899, #1608, #455, .T. ) ;
#171 = EDGE_CURVE ( 'NONE', #376, #125, #140, .T. ) ;
#172 = CARTESIAN_POINT ( 'NONE',  ( -1.500000000000000222, 0.2750000000000000222, -3.050000000000000711 ) ) ;
#173 = CARTESIAN_POINT ( 'NONE',  ( -1.500000000000000222, -1.000000000000000222, 0.2550000000000000044 ) ) ;
#174 = AXIS2_PLACEMENT_3D ( 'NONE', #656, #558, #648 ) ;
#175 = ORIENTED_EDGE ( 'NONE', *, *, #268, .T. ) ;
#176 = LINE ( 'NONE', #39, #962 ) ;
#177 = DIRECTION ( 'NONE',  ( -0.000000000000000000, -0.000000000000000000, 1.000000000000000000 ) ) ;
#178 = DIRECTION ( 'NONE',  ( 1.000000000000000000, 0.000000000000000000, 0.000000000000000000 ) ) ;
#179 = CARTESIAN_POINT ( 'NONE',  ( 1.500000000000000222, 1.000000000000000222, 0.2550000000000000044 ) ) ;
#180 = CARTESIAN_POINT ( 'NONE',  ( -1.500000000000000222, -1.000000000000000222, 0.000000000000000000 ) ) ;
#181 = EDGE_CURVE ( 'NONE', #45, #460, #60, .T. ) ;
#182 = VECTOR ( 'NONE', #212, 39.37007874015748143 ) ;
#183 = DIRECTION ( 'NONE',  ( 1.000000000000000000, 0.000000000000000000, 0.000000000000000000 ) ) ;
#184 = ORIENTED_EDGE ( 'NONE', *, *, #305, .T. ) ;
#185 = CARTESIAN_POINT ( 'NONE',  ( -0.4074999999999999734, 0.3949999999999997957, 0.2550000000000000044 ) ) ;
#186 = CIRCLE ( 'NONE', #666, 0.06250000000000001388 ) ;
#187 = AXIS2_PLACEMENT_3D ( 'NONE', #1548, #1418, #422 ) ;
#188 = DIRECTION ( 'NONE',  ( 1.000000000000000000, 0.000000000000000000, 0.000000000000000000 ) ) ;
#189 = DIRECTION ( 'NONE',  ( -0.000000000000000000, -0.000000000000000000, -1.000000000000000000 ) ) ;
#190 = ORIENTED_EDGE ( 'NONE', *, *, #1564, .F. ) ;
#191 = CARTESIAN_POINT ( 'NONE',  ( 0.4074999999999998623, -0.4975000000000001088, 0.000000000000000000 ) ) ;
#192 = CARTESIAN_POINT ( 'NONE',  ( 0.4699999999999999178, -0.3949999999999999623, 0.1250000000000000278 ) ) ;
#193 = CYLINDRICAL_SURFACE ( 'NONE', #1366, 0.1300000000000001155 ) ;
#194 = ORIENTED_EDGE ( 'NONE', *, *, #1667, .T. ) ;
#195 = EDGE_CURVE ( 'NONE', #1600, #988, #1105, .T. ) ;
#196 = VECTOR ( 'NONE', #1045, 39.37007874015748143 ) ;
#197 = LINE ( 'NONE', #308, #749 ) ;
#198 = FACE_OUTER_BOUND ( 'NONE', #857, .T. ) ;
#199 = VERTEX_POINT ( 'NONE', #943 ) ;
#200 = LINE ( 'NONE', #1223, #1344 ) ;
#201 = DIRECTION ( 'NONE',  ( 1.000000000000000000, 0.000000000000000000, 0.000000000000000000 ) ) ;
#202 = CIRCLE ( 'NONE', #410, 0.09375000000000005551 ) ;
#203 = CARTESIAN_POINT ( 'NONE',  ( -1.156249999999999778, 0.4999999999999998335, 0.2050000000000005429 ) ) ;
#204 = ORIENTED_EDGE ( 'NONE', *, *, #415, .F. ) ;
#205 = EDGE_CURVE ( 'NONE', #1384, #240, #1478, .T. ) ;
#206 = ORIENTED_EDGE ( 'NONE', *, *, #416, .F. ) ;
#207 = CARTESIAN_POINT ( 'NONE',  ( 0.4699999999999999178, 0.3949999999999999623, 0.1250000000000000278 ) ) ;
#208 = CARTESIAN_POINT ( 'NONE',  ( 0.4074999999999998623, 0.3949999999999999623, 0.1250000000000000278 ) ) ;
#209 = VERTEX_POINT ( 'NONE', #1074 ) ;
#210 = CARTESIAN_POINT ( 'NONE',  ( -1.000000000000000222, 0.1450000000000001010, 0.000000000000000000 ) ) ;
#211 = DIRECTION ( 'NONE',  ( 1.000000000000000000, 0.000000000000000000, 0.000000000000000000 ) ) ;
#212 = DIRECTION ( 'NONE',  ( -0.000000000000000000, 0.000000000000000000, 1.000000000000000000 ) ) ;
#213 = ORIENTED_EDGE ( 'NONE', *, *, #1494, .F. ) ;
#214 = ORIENTED_EDGE ( 'NONE', *, *, #1175, .T. ) ;
#215 = CYLINDRICAL_SURFACE ( 'NONE', #1237, 0.09375000000000005551 ) ;
#216 = VERTEX_POINT ( 'NONE', #1468 ) ;
#217 = CARTESIAN_POINT ( 'NONE',  ( -1.130000000000000115, -0.1450000000000001010, 0.000000000000000000 ) ) ;
#218 = ADVANCED_FACE ( 'NONE', ( #429, #436, #445 ), #1458, .T. ) ;
#219 = PRODUCT ( 'Lid1V', 'Lid1V', '', ( #1009 ) ) ;
#220 = DIRECTION ( 'NONE',  ( 1.000000000000000000, 6.829619984160658046E-17, -0.000000000000000000 ) ) ;
#221 = AXIS2_PLACEMENT_3D ( 'NONE', #650, #1291, #926 ) ;
#222 = DIRECTION ( 'NONE',  ( 1.000000000000000000, 1.453110634927799894E-16, -0.000000000000000000 ) ) ;
#223 = ORIENTED_EDGE ( 'NONE', *, *, #570, .F. ) ;
#224 = ORIENTED_EDGE ( 'NONE', *, *, #1495, .T. ) ;
#225 = ORIENTED_EDGE ( 'NONE', *, *, #1242, .F. ) ;
#226 = VECTOR ( 'NONE', #1634, 39.37007874015748143 ) ;
#227 = DIRECTION ( 'NONE',  ( -0.000000000000000000, 0.000000000000000000, -1.000000000000000000 ) ) ;
#228 = ADVANCED_FACE ( 'NONE', ( #817 ), #565, .F. ) ;
#229 = EDGE_CURVE ( 'NONE', #643, #167, #963, .T. ) ;
#230 = CARTESIAN_POINT ( 'NONE',  ( 1.500000000000000222, -0.9999999999999996669, 0.000000000000000000 ) ) ;
#231 = VERTEX_POINT ( 'NONE', #317 ) ;
#232 = EDGE_LOOP ( 'NONE', ( #882, #585, #1371, #854 ) ) ;
#233 = LINE ( 'NONE', #1531, #953 ) ;
#234 = CARTESIAN_POINT ( 'NONE',  ( -1.249999999999999778, 0.4999999999999998335, 0.2550000000000000044 ) ) ;
#235 = CONICAL_SURFACE ( 'NONE', #100, 0.09375000000000005551, 0.7853981633974507215 ) ;
#236 = CARTESIAN_POINT ( 'NONE',  ( -0.4699999999999999734, 0.4974999999999999423, 0.000000000000000000 ) ) ;
#237 = AXIS2_PLACEMENT_3D ( 'NONE', #1665, #262, #1014 ) ;
#238 = ORIENTED_EDGE ( 'NONE', *, *, #340, .T. ) ;
#239 =( NAMED_UNIT ( * ) SI_UNIT ( $, .STERADIAN. ) SOLID_ANGLE_UNIT ( ) );
#240 = VERTEX_POINT ( 'NONE', #210 ) ;
#241 = DIRECTION ( 'NONE',  ( 1.000000000000000000, 0.000000000000000000, 0.000000000000000000 ) ) ;
#242 = PRESENTATION_LAYER_ASSIGNMENT (  '', '', ( #1259 ) ) ;
#243 = LINE ( 'NONE', #1133, #1638 ) ;
#244 =( GEOMETRIC_REPRESENTATION_CONTEXT ( 3 ) GLOBAL_UNCERTAINTY_ASSIGNED_CONTEXT ( ( #758 ) ) GLOBAL_UNIT_ASSIGNED_CONTEXT ( ( #883, #487, #239 ) ) REPRESENTATION_CONTEXT ( 'NONE', 'WORKASPACE' ) );
#245 = EDGE_CURVE ( 'NONE', #1017, #1365, #373, .T. ) ;
#246 = EDGE_CURVE ( 'NONE', #1286, #636, #200, .T. ) ;
#247 = ORIENTED_EDGE ( 'NONE', *, *, #684, .F. ) ;
#248 = DIRECTION ( 'NONE',  ( -0.000000000000000000, -0.000000000000000000, 1.000000000000000000 ) ) ;
#249 = ORIENTED_EDGE ( 'NONE', *, *, #1251, .T. ) ;
#250 = DIRECTION ( 'NONE',  ( 1.000000000000000000, -1.453110634927799894E-16, 0.000000000000000000 ) ) ;
#251 = DIRECTION ( 'NONE',  ( 0.000000000000000000, 0.000000000000000000, 1.000000000000000000 ) ) ;
#252 = VECTOR ( 'NONE', #855, 39.37007874015748143 ) ;
#253 = VERTEX_POINT ( 'NONE', #1097 ) ;
#254 = DIRECTION ( 'NONE',  ( 1.000000000000000000, 0.000000000000000000, 0.000000000000000000 ) ) ;
#255 = EDGE_LOOP ( 'NONE', ( #120, #590, #581, #802 ) ) ;
#256 = ADVANCED_FACE ( 'NONE', ( #970 ), #1490, .T. ) ;
#257 = VECTOR ( 'NONE', #311, 39.37007874015748143 ) ;
#258 = ORIENTED_EDGE ( 'NONE', *, *, #19, .F. ) ;
#259 = CARTESIAN_POINT ( 'NONE',  ( 0.4074999999999998623, 0.4350000000000000533, 0.000000000000000000 ) ) ;
#260 = LINE ( 'NONE', #1028, #573 ) ;
#261 = ORIENTED_EDGE ( 'NONE', *, *, #229, .F. ) ;
#262 = DIRECTION ( 'NONE',  ( 0.000000000000000000, 0.000000000000000000, -1.000000000000000000 ) ) ;
#263 = VECTOR ( 'NONE', #43, 39.37007874015748143 ) ;
#264 = VERTEX_POINT ( 'NONE', #858 ) ;
#265 = CIRCLE ( 'NONE', #1176, 0.09375000000000005551 ) ;
#266 = ORIENTED_EDGE ( 'NONE', *, *, #1444, .F. ) ;
#267 = CARTESIAN_POINT ( 'NONE',  ( -1.249999999999999778, 0.4999999999999998335, 0.000000000000000000 ) ) ;
#268 = EDGE_CURVE ( 'NONE', #1043, #834, #695, .T. ) ;
#269 = ORIENTED_EDGE ( 'NONE', *, *, #279, .F. ) ;
#270 = CARTESIAN_POINT ( 'NONE',  ( -0.4699999999999999734, -0.4974999999999999423, 0.1250000000000000278 ) ) ;
#271 = ORIENTED_EDGE ( 'NONE', *, *, #1233, .F. ) ;
#272 = VERTEX_POINT ( 'NONE', #1329 ) ;
#273 = ORIENTED_EDGE ( 'NONE', *, *, #794, .F. ) ;
#274 = DIRECTION ( 'NONE',  ( -0.000000000000000000, 0.000000000000000000, 1.000000000000000000 ) ) ;
#275 = CARTESIAN_POINT ( 'NONE',  ( 0.6700000000000000400, -0.2750000000000001332, 0.000000000000000000 ) ) ;
#276 = CARTESIAN_POINT ( 'NONE',  ( 0.4699999999999999178, 0.000000000000000000, 0.2550000000000000044 ) ) ;
#277 = DIRECTION ( 'NONE',  ( 0.000000000000000000, 0.000000000000000000, 1.000000000000000000 ) ) ;
#278 = EDGE_CURVE ( 'NONE', #167, #375, #197, .T. ) ;
#279 = EDGE_CURVE ( 'NONE', #1390, #1539, #186, .T. ) ;
#280 = VERTEX_POINT ( 'NONE', #931 ) ;
#281 = ORIENTED_EDGE ( 'NONE', *, *, #309, .T. ) ;
#282 = VECTOR ( 'NONE', #169, 39.37007874015748143 ) ;
#283 = DIRECTION ( 'NONE',  ( 0.000000000000000000, 1.000000000000000000, 0.000000000000000000 ) ) ;
#284 = LINE ( 'NONE', #146, #383 ) ;
#285 = ORIENTED_EDGE ( 'NONE', *, *, #668, .T. ) ;
#286 = CARTESIAN_POINT ( 'NONE',  ( -1.500000000000000222, -1.000000000000000222, 0.2550000000000000044 ) ) ;
#287 = VECTOR ( 'NONE', #1318, 39.37007874015748143 ) ;
#288 = ORIENTED_EDGE ( 'NONE', *, *, #816, .F. ) ;
#289 = CARTESIAN_POINT ( 'NONE',  ( -0.4699999999999999734, 0.000000000000000000, 0.2550000000000000044 ) ) ;
#290 = AXIS2_PLACEMENT_3D ( 'NONE', #761, #1276, #360 ) ;
#291 = DIRECTION ( 'NONE',  ( -1.453110634927800140E-16, -1.000000000000000000, 0.000000000000000000 ) ) ;
#292 = CARTESIAN_POINT ( 'NONE',  ( -1.156249999999999778, 0.4999999999999998335, 0.2050000000000005429 ) ) ;
#293 = CARTESIAN_POINT ( 'NONE',  ( -0.4699999999999999734, -0.4574999999999998512, 0.1250000000000000278 ) ) ;
#294 = CARTESIAN_POINT ( 'NONE',  ( -1.249999999999999778, 0.4999999999999998335, 0.000000000000000000 ) ) ;
#295 = ORIENTED_EDGE ( 'NONE', *, *, #642, .T. ) ;
#296 = ORIENTED_EDGE ( 'NONE', *, *, #245, .T. ) ;
#297 = CIRCLE ( 'NONE', #158, 0.1299999999999999767 ) ;
#298 = EDGE_CURVE ( 'NONE', #719, #1121, #322, .T. ) ;
#299 = EDGE_CURVE ( 'NONE', #1161, #1497, #1092, .T. ) ;
#300 = SURFACE_STYLE_FILL_AREA ( #1446 ) ;
#301 = CARTESIAN_POINT ( 'NONE',  ( -0.4074999999999999734, -0.3949999999999997957, 0.1250000000000000278 ) ) ;
#302 = DIRECTION ( 'NONE',  ( 1.000000000000000000, 1.365923996832131609E-16, 0.000000000000000000 ) ) ;
#303 = DIRECTION ( 'NONE',  ( -0.000000000000000000, -0.000000000000000000, -1.000000000000000000 ) ) ;
#304 = DIRECTION ( 'NONE',  ( -1.000000000000000000, 0.000000000000000000, 0.000000000000000000 ) ) ;
#305 = EDGE_CURVE ( 'NONE', #1660, #715, #1219, .T. ) ;
#306 = VECTOR ( 'NONE', #948, 39.37007874015748143 ) ;
#307 = EDGE_LOOP ( 'NONE', ( #1248, #1523, #1559, #339 ) ) ;
#308 = CARTESIAN_POINT ( 'NONE',  ( -0.4699999999999999734, 0.3949999999999997957, 0.1250000000000000278 ) ) ;
#309 = EDGE_CURVE ( 'NONE', #625, #1238, #670, .T. ) ;
#310 = CARTESIAN_POINT ( 'NONE',  ( -0.4699999999999999734, -0.4349999999999999423, 0.1250000000000000278 ) ) ;
#311 = DIRECTION ( 'NONE',  ( -0.7071067811865492381, 8.659560562354953812E-17, 0.7071067811865457964 ) ) ;
#312 = DIRECTION ( 'NONE',  ( 1.000000000000000000, 0.000000000000000000, -0.000000000000000000 ) ) ;
#313 = LINE ( 'NONE', #329, #1253 ) ;
#314 = DIRECTION ( 'NONE',  ( -0.000000000000000000, -1.000000000000000000, -0.000000000000000000 ) ) ;
#315 = VERTEX_POINT ( 'NONE', #185 ) ;
#316 = FACE_OUTER_BOUND ( 'NONE', #1297, .T. ) ;
#317 = CARTESIAN_POINT ( 'NONE',  ( -1.500000000000000222, -1.000000000000000222, 0.2550000000000000044 ) ) ;
#318 = CARTESIAN_POINT ( 'NONE',  ( -0.4074999999999999734, -0.4974999999999999423, 0.000000000000000000 ) ) ;
#319 = AXIS2_PLACEMENT_3D ( 'NONE', #838, #1599, #1099 ) ;
#320 = CARTESIAN_POINT ( 'NONE',  ( -0.4074999999999999734, 0.4349999999999999423, 0.000000000000000000 ) ) ;
#321 = ORIENTED_EDGE ( 'NONE', *, *, #541, .T. ) ;
#322 = LINE ( 'NONE', #69, #617 ) ;
#323 = COLOUR_RGB ( '',0.7921568627450980005, 0.8196078431372548767, 0.9333333333333333481 ) ;
#324 = VECTOR ( 'NONE', #1625, 39.37007874015748143 ) ;
#325 = DIRECTION ( 'NONE',  ( -0.000000000000000000, -0.000000000000000000, 1.000000000000000000 ) ) ;
#326 = FACE_OUTER_BOUND ( 'NONE', #1226, .T. ) ;
#327 = ORIENTED_EDGE ( 'NONE', *, *, #1534, .T. ) ;
#328 = DIRECTION ( 'NONE',  ( 0.000000000000000000, 0.000000000000000000, 1.000000000000000000 ) ) ;
#329 = CARTESIAN_POINT ( 'NONE',  ( 0.4074999999999998623, -0.4350000000000000533, 0.000000000000000000 ) ) ;
#330 = EDGE_CURVE ( 'NONE', #1195, #209, #176, .T. ) ;
#331 = CIRCLE ( 'NONE', #1354, 0.06250000000000001388 ) ;
#332 = ORIENTED_EDGE ( 'NONE', *, *, #1167, .F. ) ;
#333 = DIRECTION ( 'NONE',  ( 0.000000000000000000, 0.000000000000000000, 1.000000000000000000 ) ) ;
#334 = CARTESIAN_POINT ( 'NONE',  ( -0.4699999999999999734, -0.4974999999999999423, 0.000000000000000000 ) ) ;
#335 = ORIENTED_EDGE ( 'NONE', *, *, #44, .F. ) ;
#336 = FACE_OUTER_BOUND ( 'NONE', #1150, .T. ) ;
#337 = CARTESIAN_POINT ( 'NONE',  ( 0.4699999999999999178, -0.3949999999999999623, 0.2550000000000000044 ) ) ;
#338 = VECTOR ( 'NONE', #33, 39.37007874015748143 ) ;
#339 = ORIENTED_EDGE ( 'NONE', *, *, #195, .T. ) ;
#340 = EDGE_CURVE ( 'NONE', #533, #1069, #1047, .T. ) ;
#341 = ORIENTED_EDGE ( 'NONE', *, *, #93, .T. ) ;
#342 = CARTESIAN_POINT ( 'NONE',  ( 0.6700000000000000400, 0.1450000000000000178, 0.000000000000000000 ) ) ;
#343 = ORIENTED_EDGE ( 'NONE', *, *, #1243, .T. ) ;
#344 = DIRECTION ( 'NONE',  ( 0.000000000000000000, 0.000000000000000000, -1.000000000000000000 ) ) ;
#345 = CARTESIAN_POINT ( 'NONE',  ( 0.4699999999999999178, 0.4975000000000001088, 0.000000000000000000 ) ) ;
#346 = LINE ( 'NONE', #1460, #104 ) ;
#347 = VECTOR ( 'NONE', #222, 39.37007874015748143 ) ;
#348 = EDGE_LOOP ( 'NONE', ( #986, #273, #382, #760 ) ) ;
#349 = EDGE_LOOP ( 'NONE', ( #946, #1353, #1145, #887 ) ) ;
#350 = EDGE_CURVE ( 'NONE', #1017, #1122, #1453, .T. ) ;
#351 = EDGE_CURVE ( 'NONE', #1159, #795, #1062, .T. ) ;
#352 = ORIENTED_EDGE ( 'NONE', *, *, #1312, .F. ) ;
#353 = CARTESIAN_POINT ( 'NONE',  ( 0.4074999999999998623, -0.3949999999999999623, 0.1250000000000000278 ) ) ;
#354 = VECTOR ( 'NONE', #564, 39.37007874015748143 ) ;
#355 = DIRECTION ( 'NONE',  ( -1.000000000000000000, 0.000000000000000000, 0.000000000000000000 ) ) ;
#356 = ORIENTED_EDGE ( 'NONE', *, *, #1242, .T. ) ;
#357 = ORIENTED_EDGE ( 'NONE', *, *, #1516, .T. ) ;
#358 = ORIENTED_EDGE ( 'NONE', *, *, #1167, .T. ) ;
#359 = CYLINDRICAL_SURFACE ( 'NONE', #46, 0.06250000000000001388 ) ;
#360 = DIRECTION ( 'NONE',  ( -1.000000000000000000, 0.000000000000000000, 0.000000000000000000 ) ) ;
#361 = EDGE_LOOP ( 'NONE', ( #1031, #249, #10, #28 ) ) ;
#362 = VERTEX_POINT ( 'NONE', #1463 ) ;
#363 = CARTESIAN_POINT ( 'NONE',  ( 0.4699999999999999178, 0.5025000000000000577, 0.000000000000000000 ) ) ;
#364 = CARTESIAN_POINT ( 'NONE',  ( 0.8000000000000000444, 0.1450000000000000178, 0.000000000000000000 ) ) ;
#365 = MANIFOLD_SOLID_BREP ( 'Chamfer1', #1668 ) ;
#366 = PLANE ( 'NONE',  #1070 ) ;
#367 = EDGE_CURVE ( 'NONE', #38, #876, #1084, .T. ) ;
#368 = ORIENTED_EDGE ( 'NONE', *, *, #466, .T. ) ;
#369 = EDGE_LOOP ( 'NONE', ( #637, #409 ) ) ;
#370 = LINE ( 'NONE', #353, #1503 ) ;
#371 = CYLINDRICAL_SURFACE ( 'NONE', #13, 0.06250000000000001388 ) ;
#372 = FACE_BOUND ( 'NONE', #1016, .T. ) ;
#373 = CIRCLE ( 'NONE', #1480, 0.09375000000000005551 ) ;
#374 = EDGE_CURVE ( 'NONE', #315, #1428, #745, .T. ) ;
#375 = VERTEX_POINT ( 'NONE', #831 ) ;
#376 = VERTEX_POINT ( 'NONE', #1336 ) ;
#377 = CARTESIAN_POINT ( 'NONE',  ( 0.4074999999999998623, -0.5025000000000000577, 0.000000000000000000 ) ) ;
#378 = DIRECTION ( 'NONE',  ( 0.000000000000000000, 1.000000000000000000, 0.000000000000000000 ) ) ;
#379 = VECTOR ( 'NONE', #689, 39.37007874015748143 ) ;
#380 = VERTEX_POINT ( 'NONE', #438 ) ;
#381 = DIRECTION ( 'NONE',  ( 1.000000000000000000, -1.453110634927800140E-16, 0.000000000000000000 ) ) ;
#382 = ORIENTED_EDGE ( 'NONE', *, *, #1405, .T. ) ;
#383 = VECTOR ( 'NONE', #49, 39.37007874015748143 ) ;
#384 = EDGE_CURVE ( 'NONE', #38, #485, #1042, .T. ) ;
#385 = ORIENTED_EDGE ( 'NONE', *, *, #1251, .F. ) ;
#386 = CARTESIAN_POINT ( 'NONE',  ( 0.4074999999999998623, 0.5650000000000000577, 0.2550000000000000044 ) ) ;
#387 = LINE ( 'NONE', #1265, #119 ) ;
#388 = CARTESIAN_POINT ( 'NONE',  ( 0.4074999999999998623, -0.3949999999999999623, 0.2550000000000000044 ) ) ;
#389 = DIRECTION ( 'NONE',  ( -0.000000000000000000, -1.000000000000000000, -0.000000000000000000 ) ) ;
#390 = VECTOR ( 'NONE', #592, 39.37007874015748143 ) ;
#391 = ORIENTED_EDGE ( 'NONE', *, *, #1542, .F. ) ;
#392 = VECTOR ( 'NONE', #1151, 39.37007874015748143 ) ;
#393 = EDGE_LOOP ( 'NONE', ( #204, #1262, #1484, #343 ) ) ;
#394 = EDGE_CURVE ( 'NONE', #81, #1384, #1507, .T. ) ;
#395 = EDGE_CURVE ( 'NONE', #1157, #1545, #346, .T. ) ;
#396 = FACE_OUTER_BOUND ( 'NONE', #1061, .T. ) ;
#397 = DIRECTION ( 'NONE',  ( 0.000000000000000000, 1.000000000000000000, 0.000000000000000000 ) ) ;
#398 = CARTESIAN_POINT ( 'NONE',  ( 0.4699999999999999178, -0.4574999999999999623, 0.000000000000000000 ) ) ;
#399 = PLANE ( 'NONE',  #1389 ) ;
#400 = ORIENTED_EDGE ( 'NONE', *, *, #416, .T. ) ;
#401 = VECTOR ( 'NONE', #1436, 39.37007874015748143 ) ;
#402 = EDGE_CURVE ( 'NONE', #1320, #1286, #712, .T. ) ;
#403 = ORIENTED_EDGE ( 'NONE', *, *, #1494, .T. ) ;
#404 = DIRECTION ( 'NONE',  ( 0.000000000000000000, 0.000000000000000000, 1.000000000000000000 ) ) ;
#405 = DIRECTION ( 'NONE',  ( 1.453110634927800140E-16, -1.000000000000000000, 0.000000000000000000 ) ) ;
#406 = LINE ( 'NONE', #5, #507 ) ;
#407 = LINE ( 'NONE', #935, #1227 ) ;
#408 = CONICAL_SURFACE ( 'NONE', #1025, 0.09375000000000005551, 0.7853981633974507215 ) ;
#409 = ORIENTED_EDGE ( 'NONE', *, *, #434, .T. ) ;
#410 = AXIS2_PLACEMENT_3D ( 'NONE', #22, #153, #1221 ) ;
#411 = DIRECTION ( 'NONE',  ( -0.000000000000000000, -0.000000000000000000, 1.000000000000000000 ) ) ;
#412 = DIRECTION ( 'NONE',  ( 1.000000000000000000, 0.000000000000000000, 0.000000000000000000 ) ) ;
#413 = CARTESIAN_POINT ( 'NONE',  ( -1.000000000000000222, 0.2750000000000001332, 0.000000000000000000 ) ) ;
#414 = DIRECTION ( 'NONE',  ( -1.000000000000000000, 0.000000000000000000, 0.000000000000000000 ) ) ;
#415 = EDGE_CURVE ( 'NONE', #1110, #1544, #92, .T. ) ;
#416 = EDGE_CURVE ( 'NONE', #1161, #907, #929, .T. ) ;
#417 = ORIENTED_EDGE ( 'NONE', *, *, #794, .T. ) ;
#418 = CARTESIAN_POINT ( 'NONE',  ( -0.4074999999999999734, 0.4574999999999998512, 0.2550000000000000044 ) ) ;
#419 = AXIS2_PLACEMENT_3D ( 'NONE', #1089, #1483, #85 ) ;
#420 = FACE_OUTER_BOUND ( 'NONE', #1228, .T. ) ;
#421 = CARTESIAN_POINT ( 'NONE',  ( -0.4074999999999999734, -0.5024999999999999467, 0.2550000000000000044 ) ) ;
#422 = DIRECTION ( 'NONE',  ( -1.000000000000000000, 0.000000000000000000, 0.000000000000000000 ) ) ;
#423 = CARTESIAN_POINT ( 'NONE',  ( 0.4074999999999998623, 0.4574999999999999623, 0.1250000000000000278 ) ) ;
#424 = ADVANCED_FACE ( 'NONE', ( #973 ), #851, .F. ) ;
#425 = ORIENTED_EDGE ( 'NONE', *, *, #374, .F. ) ;
#426 = DIRECTION ( 'NONE',  ( 1.000000000000000000, 0.000000000000000000, 0.000000000000000000 ) ) ;
#427 = PLANE ( 'NONE',  #809 ) ;
#428 = PLANE ( 'NONE',  #1521 ) ;
#429 = FACE_BOUND ( 'NONE', #978, .T. ) ;
#430 = LINE ( 'NONE', #76, #75 ) ;
#431 = AXIS2_PLACEMENT_3D ( 'NONE', #647, #411, #1417 ) ;
#432 = ORIENTED_EDGE ( 'NONE', *, *, #278, .T. ) ;
#433 = SURFACE_SIDE_STYLE ('',( #300 ) ) ;
#434 = EDGE_CURVE ( 'NONE', #725, #598, #1149, .T. ) ;
#435 = CARTESIAN_POINT ( 'NONE',  ( -1.249999999999999778, 0.4999999999999998335, 0.2050000000000005429 ) ) ;
#436 = FACE_BOUND ( 'NONE', #1612, .T. ) ;
#437 = DIRECTION ( 'NONE',  ( 1.000000000000000000, -1.453110634927799894E-16, 0.000000000000000000 ) ) ;
#438 = CARTESIAN_POINT ( 'NONE',  ( 1.500000000000000222, 0.2750000000000000777, 0.000000000000000000 ) ) ;
#439 = EDGE_LOOP ( 'NONE', ( #1376, #779, #644, #1421 ) ) ;
#440 = CIRCLE ( 'NONE', #1090, 0.06250000000000001388 ) ;
#441 = DIRECTION ( 'NONE',  ( -0.000000000000000000, -0.000000000000000000, -1.000000000000000000 ) ) ;
#442 = FACE_OUTER_BOUND ( 'NONE', #307, .T. ) ;
#443 = DIRECTION ( 'NONE',  ( 0.000000000000000000, 0.000000000000000000, -1.000000000000000000 ) ) ;
#444 = ADVANCED_FACE ( 'NONE', ( #861, #1471, #1116 ), #694, .T. ) ;
#445 = FACE_OUTER_BOUND ( 'NONE', #975, .T. ) ;
#446 = CARTESIAN_POINT ( 'NONE',  ( -1.249999999999999778, -0.5000000000000001110, 0.000000000000000000 ) ) ;
#447 = AXIS2_PLACEMENT_3D ( 'NONE', #723, #575, #448 ) ;
#448 = DIRECTION ( 'NONE',  ( 1.000000000000000000, 0.000000000000000000, 0.000000000000000000 ) ) ;
#449 = ORIENTED_EDGE ( 'NONE', *, *, #205, .T. ) ;
#450 = DIRECTION ( 'NONE',  ( 0.000000000000000000, 0.000000000000000000, 1.000000000000000000 ) ) ;
#451 = AXIS2_PLACEMENT_3D ( 'NONE', #1080, #328, #807 ) ;
#452 = DIRECTION ( 'NONE',  ( -1.000000000000000000, -1.365923996832131363E-16, 0.000000000000000000 ) ) ;
#453 = DIRECTION ( 'NONE',  ( 1.000000000000000000, 0.000000000000000000, 0.000000000000000000 ) ) ;
#454 = ORIENTED_EDGE ( 'NONE', *, *, #476, .F. ) ;
#455 = LINE ( 'NONE', #979, #1100 ) ;
#456 = CARTESIAN_POINT ( 'NONE',  ( -1.500000000000000222, -1.000000000000000222, 0.2550000000000000044 ) ) ;
#457 = DIRECTION ( 'NONE',  ( -1.000000000000000000, -2.048885995248197660E-16, -0.000000000000000000 ) ) ;
#458 = VERTEX_POINT ( 'NONE', #320 ) ;
#459 = ORIENTED_EDGE ( 'NONE', *, *, #122, .F. ) ;
#460 = VERTEX_POINT ( 'NONE', #1235 ) ;
#461 = PLANE ( 'NONE',  #587 ) ;
#462 = DIRECTION ( 'NONE',  ( 0.000000000000000000, 0.000000000000000000, 1.000000000000000000 ) ) ;
#463 = CIRCLE ( 'NONE', #762, 0.1437499999999997946 ) ;
#464 = PLANE ( 'NONE',  #635 ) ;
#465 = VERTEX_POINT ( 'NONE', #828 ) ;
#466 = EDGE_CURVE ( 'NONE', #834, #216, #67, .T. ) ;
#467 = ADVANCED_FACE ( 'NONE', ( #1348 ), #193, .F. ) ;
#468 = ORIENTED_EDGE ( 'NONE', *, *, #298, .T. ) ;
#469 = VECTOR ( 'NONE', #1459, 39.37007874015748143 ) ;
#470 = DIRECTION ( 'NONE',  ( 1.000000000000000000, 0.000000000000000000, 0.000000000000000000 ) ) ;
#471 = ORIENTED_EDGE ( 'NONE', *, *, #877, .F. ) ;
#472 = CARTESIAN_POINT ( 'NONE',  ( -1.130000000000000115, -0.2750000000000000222, 0.000000000000000000 ) ) ;
#473 = DIRECTION ( 'NONE',  ( 1.000000000000000000, 0.000000000000000000, 0.000000000000000000 ) ) ;
#474 = AXIS2_PLACEMENT_3D ( 'NONE', #1643, #1252, #254 ) ;
#475 = ORIENTED_EDGE ( 'NONE', *, *, #1202, .F. ) ;
#476 = EDGE_CURVE ( 'NONE', #1309, #1185, #1442, .T. ) ;
#477 = ORIENTED_EDGE ( 'NONE', *, *, #1076, .F. ) ;
#478 = LINE ( 'NONE', #106, #483 ) ;
#479 = EDGE_LOOP ( 'NONE', ( #992, #1362, #454, #747 ) ) ;
#480 = VECTOR ( 'NONE', #1431, 39.37007874015748143 ) ;
#481 = DIRECTION ( 'NONE',  ( 0.000000000000000000, 0.000000000000000000, 1.000000000000000000 ) ) ;
#482 = FACE_OUTER_BOUND ( 'NONE', #1245, .T. ) ;
#483 = VECTOR ( 'NONE', #248, 39.37007874015748143 ) ;
#484 = CARTESIAN_POINT ( 'NONE',  ( -0.4074999999999999734, 0.3949999999999997957, 0.2550000000000000044 ) ) ;
#485 = VERTEX_POINT ( 'NONE', #203 ) ;
#486 = VECTOR ( 'NONE', #404, 39.37007874015748143 ) ;
#487 =( NAMED_UNIT ( * ) PLANE_ANGLE_UNIT ( ) SI_UNIT ( $, .RADIAN. ) );
#488 = EDGE_LOOP ( 'NONE', ( #143, #403, #1263, #63, #321, #137 ) ) ;
#489 = EDGE_CURVE ( 'NONE', #199, #1122, #721, .T. ) ;
#490 = DIRECTION ( 'NONE',  ( 1.000000000000000000, 0.000000000000000000, 0.000000000000000000 ) ) ;
#491 = DIRECTION ( 'NONE',  ( -1.453110634927800140E-16, -1.000000000000000000, 0.000000000000000000 ) ) ;
#492 = VECTOR ( 'NONE', #1393, 39.37007874015748143 ) ;
#493 = EDGE_LOOP ( 'NONE', ( #1130, #1485, #1413, #1358 ) ) ;
#494 = SHAPE_DEFINITION_REPRESENTATION ( #848, #1059 ) ;
#495 = EDGE_LOOP ( 'NONE', ( #432, #1169, #518, #937, #1255, #1113, #1508, #785 ) ) ;
#496 = DIRECTION ( 'NONE',  ( -1.000000000000000000, 0.000000000000000000, 0.000000000000000000 ) ) ;
#497 = ADVANCED_FACE ( 'NONE', ( #595 ), #464, .F. ) ;
#498 = AXIS2_PLACEMENT_3D ( 'NONE', #294, #651, #1050 ) ;
#499 = FACE_BOUND ( 'NONE', #1035, .T. ) ;
#500 = CIRCLE ( 'NONE', #1528, 0.06250000000000001388 ) ;
#501 = ORIENTED_EDGE ( 'NONE', *, *, #1646, .F. ) ;
#502 = ORIENTED_EDGE ( 'NONE', *, *, #653, .T. ) ;
#503 = CYLINDRICAL_SURFACE ( 'NONE', #90, 0.06250000000000001388 ) ;
#504 = CARTESIAN_POINT ( 'NONE',  ( 1.500000000000000222, -0.9999999999999996669, 0.2550000000000000044 ) ) ;
#505 = ORIENTED_EDGE ( 'NONE', *, *, #171, .T. ) ;
#506 = DIRECTION ( 'NONE',  ( 1.000000000000000000, 0.000000000000000000, -0.000000000000000000 ) ) ;
#507 = VECTOR ( 'NONE', #559, 39.37007874015748143 ) ;
#508 = ORIENTED_EDGE ( 'NONE', *, *, #816, .T. ) ;
#509 = ORIENTED_EDGE ( 'NONE', *, *, #671, .F. ) ;
#510 = FACE_OUTER_BOUND ( 'NONE', #1623, .T. ) ;
#511 = CARTESIAN_POINT ( 'NONE',  ( -1.156249999999999778, -0.5000000000000001110, 0.000000000000000000 ) ) ;
#512 = AXIS2_PLACEMENT_3D ( 'NONE', #1220, #1486, #333 ) ;
#513 = DIRECTION ( 'NONE',  ( 0.000000000000000000, 0.000000000000000000, 1.000000000000000000 ) ) ;
#514 = DIRECTION ( 'NONE',  ( 0.000000000000000000, 1.000000000000000000, 0.000000000000000000 ) ) ;
#515 = EDGE_LOOP ( 'NONE', ( #1307, #1288 ) ) ;
#516 = EDGE_CURVE ( 'NONE', #380, #16, #111, .T. ) ;
#517 = EDGE_CURVE ( 'NONE', #1185, #625, #1006, .T. ) ;
#518 = ORIENTED_EDGE ( 'NONE', *, *, #415, .T. ) ;
#519 = AXIS2_PLACEMENT_3D ( 'NONE', #1020, #1132, #1141 ) ;
#520 = EDGE_LOOP ( 'NONE', ( #1514, #358, #821, #601, #341, #1640, #356, #1359 ) ) ;
#521 = DIRECTION ( 'NONE',  ( 1.000000000000000000, 1.365923996832131363E-16, 0.000000000000000000 ) ) ;
#522 = CARTESIAN_POINT ( 'NONE',  ( -1.500000000000000222, -1.000000000000000222, 0.2550000000000000044 ) ) ;
#523 = CARTESIAN_POINT ( 'NONE',  ( -1.130000000000000115, 0.2750000000000000222, 0.1350000000000000644 ) ) ;
#524 = DIRECTION ( 'NONE',  ( -0.000000000000000000, -0.000000000000000000, 1.000000000000000000 ) ) ;
#525 = AXIS2_PLACEMENT_3D ( 'NONE', #1426, #1573, #414 ) ;
#526 = ORIENTED_EDGE ( 'NONE', *, *, #661, .F. ) ;
#527 = ORIENTED_EDGE ( 'NONE', *, *, #1591, .F. ) ;
#528 = AXIS2_PLACEMENT_3D ( 'NONE', #819, #1492, #62 ) ;
#529 = CARTESIAN_POINT ( 'NONE',  ( -0.4699999999999999734, 0.000000000000000000, 0.000000000000000000 ) ) ;
#530 = DIRECTION ( 'NONE',  ( 0.000000000000000000, 0.000000000000000000, -1.000000000000000000 ) ) ;
#531 = CARTESIAN_POINT ( 'NONE',  ( 0.4074999999999998623, -0.4975000000000001088, 0.000000000000000000 ) ) ;
#532 = CARTESIAN_POINT ( 'NONE',  ( -1.130000000000000115, 0.2750000000000000222, 0.1350000000000000644 ) ) ;
#533 = VERTEX_POINT ( 'NONE', #1394 ) ;
#534 = MECHANICAL_DESIGN_GEOMETRIC_PRESENTATION_REPRESENTATION (  '', ( #1259 ), #1473 ) ;
#535 = VECTOR ( 'NONE', #572, 39.37007874015748143 ) ;
#536 = ORIENTED_EDGE ( 'NONE', *, *, #985, .F. ) ;
#537 = DIMENSIONAL_EXPONENTS ( 1.000000000000000000, 0.000000000000000000, 0.000000000000000000, 0.000000000000000000, 0.000000000000000000, 0.000000000000000000, 0.000000000000000000 ) ;
#538 = DIRECTION ( 'NONE',  ( 1.000000000000000000, -1.453110634927800140E-16, 0.000000000000000000 ) ) ;
#539 = CARTESIAN_POINT ( 'NONE',  ( 0.4074999999999998623, -0.5025000000000000577, 0.000000000000000000 ) ) ;
#540 = ADVANCED_FACE ( 'NONE', ( #739 ), #1512, .F. ) ;
#541 = EDGE_CURVE ( 'NONE', #533, #1631, #243, .T. ) ;
#542 = ORIENTED_EDGE ( 'NONE', *, *, #1311, .T. ) ;
#543 = FACE_OUTER_BOUND ( 'NONE', #495, .T. ) ;
#544 = VERTEX_POINT ( 'NONE', #1652 ) ;
#545 = ORIENTED_EDGE ( 'NONE', *, *, #841, .F. ) ;
#546 = DIRECTION ( 'NONE',  ( 1.000000000000000000, 0.000000000000000000, 0.000000000000000000 ) ) ;
#547 = VECTOR ( 'NONE', #397, 39.37007874015748143 ) ;
#548 = DIRECTION ( 'NONE',  ( -0.000000000000000000, -0.000000000000000000, -1.000000000000000000 ) ) ;
#549 = DIRECTION ( 'NONE',  ( -0.000000000000000000, -0.000000000000000000, -1.000000000000000000 ) ) ;
#550 = PLANE ( 'NONE',  #1316 ) ;
#551 = DIRECTION ( 'NONE',  ( 0.000000000000000000, 0.000000000000000000, -1.000000000000000000 ) ) ;
#552 = ADVANCED_FACE ( 'NONE', ( #499, #754, #372, #134, #881 ), #366, .F. ) ;
#553 = AXIS2_PLACEMENT_3D ( 'NONE', #377, #990, #626 ) ;
#554 = ORIENTED_EDGE ( 'NONE', *, *, #299, .F. ) ;
#555 = CARTESIAN_POINT ( 'NONE',  ( -1.343749999999999778, -0.5000000000000001110, 0.000000000000000000 ) ) ;
#556 = AXIS2_PLACEMENT_3D ( 'NONE', #418, #441, #1474 ) ;
#557 = LINE ( 'NONE', #1072, #252 ) ;
#558 = DIRECTION ( 'NONE',  ( -0.000000000000000000, -0.000000000000000000, -1.000000000000000000 ) ) ;
#559 = DIRECTION ( 'NONE',  ( 0.000000000000000000, 1.000000000000000000, 0.000000000000000000 ) ) ;
#560 = DIRECTION ( 'NONE',  ( 1.000000000000000000, 0.000000000000000000, 0.000000000000000000 ) ) ;
#561 = VERTEX_POINT ( 'NONE', #1411 ) ;
#562 = EDGE_CURVE ( 'NONE', #199, #598, #627, .T. ) ;
#563 = FACE_OUTER_BOUND ( 'NONE', #393, .T. ) ;
#564 = DIRECTION ( 'NONE',  ( 0.000000000000000000, 1.000000000000000000, 0.000000000000000000 ) ) ;
#565 = CYLINDRICAL_SURFACE ( 'NONE', #451, 0.06250000000000001388 ) ;
#566 = DIRECTION ( 'NONE',  ( -0.000000000000000000, -0.000000000000000000, -1.000000000000000000 ) ) ;
#567 = DIRECTION ( 'NONE',  ( 1.000000000000000000, 0.000000000000000000, 0.000000000000000000 ) ) ;
#568 = ORIENTED_EDGE ( 'NONE', *, *, #840, .F. ) ;
#569 = EDGE_CURVE ( 'NONE', #1122, #199, #265, .T. ) ;
#570 = EDGE_CURVE ( 'NONE', #1110, #315, #888, .T. ) ;
#571 = CARTESIAN_POINT ( 'NONE',  ( 0.4699999999999999178, -0.5025000000000000577, 0.000000000000000000 ) ) ;
#572 = DIRECTION ( 'NONE',  ( 0.000000000000000000, -0.000000000000000000, -1.000000000000000000 ) ) ;
#573 = VECTOR ( 'NONE', #942, 39.37007874015748143 ) ;
#574 = DIRECTION ( 'NONE',  ( 0.000000000000000000, 0.000000000000000000, 1.000000000000000000 ) ) ;
#575 = DIRECTION ( 'NONE',  ( -0.000000000000000000, -0.000000000000000000, -1.000000000000000000 ) ) ;
#576 = ORIENTED_EDGE ( 'NONE', *, *, #873, .F. ) ;
#577 = AXIS2_PLACEMENT_3D ( 'NONE', #1174, #277, #1302 ) ;
#578 = DIRECTION ( 'NONE',  ( 1.000000000000000000, 1.453110634927799894E-16, 0.000000000000000000 ) ) ;
#579 = DIRECTION ( 'NONE',  ( 1.000000000000000000, 0.000000000000000000, -0.000000000000000000 ) ) ;
#580 = DIRECTION ( 'NONE',  ( 1.000000000000000000, 0.000000000000000000, 0.000000000000000000 ) ) ;
#581 = ORIENTED_EDGE ( 'NONE', *, *, #599, .F. ) ;
#582 = DIRECTION ( 'NONE',  ( -0.000000000000000000, -0.000000000000000000, -1.000000000000000000 ) ) ;
#583 = DIRECTION ( 'NONE',  ( 1.000000000000000000, 0.000000000000000000, 0.000000000000000000 ) ) ;
#584 = CARTESIAN_POINT ( 'NONE',  ( 0.4699999999999999178, 0.3949999999999999623, 0.1250000000000000278 ) ) ;
#585 = ORIENTED_EDGE ( 'NONE', *, *, #8, .F. ) ;
#586 = ORIENTED_EDGE ( 'NONE', *, *, #960, .T. ) ;
#587 = AXIS2_PLACEMENT_3D ( 'NONE', #172, #958, #682 ) ;
#588 = LINE ( 'NONE', #956, #1134 ) ;
#589 = CYLINDRICAL_SURFACE ( 'NONE', #847, 0.1299999999999999767 ) ;
#590 = ORIENTED_EDGE ( 'NONE', *, *, #1243, .F. ) ;
#591 = CARTESIAN_POINT ( 'NONE',  ( -1.500000000000000222, -1.000000000000000222, 0.000000000000000000 ) ) ;
#592 = DIRECTION ( 'NONE',  ( 0.000000000000000000, -1.000000000000000000, 0.000000000000000000 ) ) ;
#593 = EDGE_CURVE ( 'NONE', #209, #899, #1204, .T. ) ;
#594 = ADVANCED_FACE ( 'NONE', ( #1519 ), #6, .F. ) ;
#595 = FACE_OUTER_BOUND ( 'NONE', #361, .T. ) ;
#596 = ORIENTED_EDGE ( 'NONE', *, *, #1202, .T. ) ;
#597 = AXIS2_PLACEMENT_3D ( 'NONE', #1289, #32, #521 ) ;
#598 = VERTEX_POINT ( 'NONE', #1258 ) ;
#599 = EDGE_CURVE ( 'NONE', #1515, #264, #688, .T. ) ;
#600 = CARTESIAN_POINT ( 'NONE',  ( 0.8000000000000000444, -0.1450000000000001010, 0.000000000000000000 ) ) ;
#601 = ORIENTED_EDGE ( 'NONE', *, *, #1323, .T. ) ;
#602 = CARTESIAN_POINT ( 'NONE',  ( -8.210075087342069880E-17, -0.5649999999999999467, 0.000000000000000000 ) ) ;
#603 = EDGE_CURVE ( 'NONE', #167, #1177, #875, .T. ) ;
#604 = AXIS2_PLACEMENT_3D ( 'NONE', #600, #844, #178 ) ;
#605 = DIRECTION ( 'NONE',  ( -0.000000000000000000, -0.000000000000000000, -1.000000000000000000 ) ) ;
#606 = ORIENTED_EDGE ( 'NONE', *, *, #1109, .T. ) ;
#607 = ORIENTED_EDGE ( 'NONE', *, *, #1495, .F. ) ;
#608 = VECTOR ( 'NONE', #389, 39.37007874015748143 ) ;
#609 = VERTEX_POINT ( 'NONE', #1022 ) ;
#610 = LINE ( 'NONE', #602, #1304 ) ;
#611 = CARTESIAN_POINT ( 'NONE',  ( 0.6700000000000000400, 0.2750000000000000777, 0.000000000000000000 ) ) ;
#612 = AXIS2_PLACEMENT_3D ( 'NONE', #1285, #355, #867 ) ;
#613 = ADVANCED_FACE ( 'NONE', ( #770 ), #991, .F. ) ;
#614 = ORIENTED_EDGE ( 'NONE', *, *, #815, .F. ) ;
#615 = APPLICATION_PROTOCOL_DEFINITION ( 'draft international standard', 'automotive_design', 1998, #1254 ) ;
#616 = ORIENTED_EDGE ( 'NONE', *, *, #1405, .F. ) ;
#617 = VECTOR ( 'NONE', #1577, 39.37007874015748143 ) ;
#618 = VECTOR ( 'NONE', #513, 39.37007874015748143 ) ;
#619 = DIRECTION ( 'NONE',  ( 0.000000000000000000, 0.000000000000000000, 1.000000000000000000 ) ) ;
#620 = AXIS2_PLACEMENT_3D ( 'NONE', #824, #189, #453 ) ;
#621 = CARTESIAN_POINT ( 'NONE',  ( 0.4074999999999998623, 0.4574999999999999623, 0.2550000000000000044 ) ) ;
#622 = ORIENTED_EDGE ( 'NONE', *, *, #632, .T. ) ;
#623 = AXIS2_PLACEMENT_3D ( 'NONE', #162, #548, #1570 ) ;
#624 = ADVANCED_FACE ( 'NONE', ( #1387 ), #896, .F. ) ;
#625 = VERTEX_POINT ( 'NONE', #1381 ) ;
#626 = DIRECTION ( 'NONE',  ( 1.000000000000000000, 0.000000000000000000, 0.000000000000000000 ) ) ;
#627 = LINE ( 'NONE', #1000, #52 ) ;
#628 = VERTEX_POINT ( 'NONE', #230 ) ;
#629 = ORIENTED_EDGE ( 'NONE', *, *, #1369, .T. ) ;
#630 = DIRECTION ( 'NONE',  ( 0.000000000000000000, 0.000000000000000000, 1.000000000000000000 ) ) ;
#631 = CARTESIAN_POINT ( 'NONE',  ( 0.4699999999999999178, -0.4574999999999999623, 0.2550000000000000044 ) ) ;
#632 = EDGE_CURVE ( 'NONE', #1320, #81, #744, .T. ) ;
#633 = ORIENTED_EDGE ( 'NONE', *, *, #730, .F. ) ;
#634 = DIRECTION ( 'NONE',  ( 1.000000000000000000, 0.000000000000000000, 0.000000000000000000 ) ) ;
#635 = AXIS2_PLACEMENT_3D ( 'NONE', #1108, #982, #1504 ) ;
#636 = VERTEX_POINT ( 'NONE', #35 ) ;
#637 = ORIENTED_EDGE ( 'NONE', *, *, #1627, .T. ) ;
#638 = DIRECTION ( 'NONE',  ( 0.000000000000000000, 0.000000000000000000, 1.000000000000000000 ) ) ;
#639 = CARTESIAN_POINT ( 'NONE',  ( -1.000000000000000222, 0.1450000000000000455, 0.1350000000000000089 ) ) ;
#640 = CARTESIAN_POINT ( 'NONE',  ( -1.156249999999999778, 0.4999999999999998335, 0.000000000000000000 ) ) ;
#641 = DIRECTION ( 'NONE',  ( 0.000000000000000000, 1.000000000000000000, 0.000000000000000000 ) ) ;
#642 = EDGE_CURVE ( 'NONE', #1001, #636, #407, .T. ) ;
#643 = VERTEX_POINT ( 'NONE', #1326 ) ;
#644 = ORIENTED_EDGE ( 'NONE', *, *, #569, .T. ) ;
#645 = ORIENTED_EDGE ( 'NONE', *, *, #44, .T. ) ;
#646 = EDGE_CURVE ( 'NONE', #879, #1390, #15, .T. ) ;
#647 = CARTESIAN_POINT ( 'NONE',  ( 0.4074999999999998623, -0.4574999999999999623, 0.1250000000000000278 ) ) ;
#648 = DIRECTION ( 'NONE',  ( 1.000000000000000000, 0.000000000000000000, 0.000000000000000000 ) ) ;
#649 = AXIS2_PLACEMENT_3D ( 'NONE', #152, #1178, #789 ) ;
#650 = CARTESIAN_POINT ( 'NONE',  ( -1.249999999999999778, -0.5000000000000001110, 0.000000000000000000 ) ) ;
#651 = DIRECTION ( 'NONE',  ( 0.000000000000000000, 0.000000000000000000, 1.000000000000000000 ) ) ;
#652 = ORIENTED_EDGE ( 'NONE', *, *, #1148, .T. ) ;
#653 = EDGE_CURVE ( 'NONE', #1185, #1091, #1066, .T. ) ;
#654 = ORIENTED_EDGE ( 'NONE', *, *, #804, .F. ) ;
#655 = PLANE ( 'NONE',  #1651 ) ;
#656 = CARTESIAN_POINT ( 'NONE',  ( 0.4074999999999998623, 0.5025000000000000577, 0.2550000000000000044 ) ) ;
#657 = CARTESIAN_POINT ( 'NONE',  ( 1.500000000000000222, -0.9999999999999996669, 0.2550000000000000044 ) ) ;
#658 = CARTESIAN_POINT ( 'NONE',  ( 0.8000000000000000444, 0.1450000000000000178, 0.1350000000000000089 ) ) ;
#659 = AXIS2_PLACEMENT_3D ( 'NONE', #423, #524, #1419 ) ;
#660 = ORIENTED_EDGE ( 'NONE', *, *, #278, .F. ) ;
#661 = EDGE_CURVE ( 'NONE', #375, #1110, #500, .T. ) ;
#662 = DIRECTION ( 'NONE',  ( -0.000000000000000000, 0.000000000000000000, 1.000000000000000000 ) ) ;
#663 = DIRECTION ( 'NONE',  ( 1.000000000000000000, 1.453110634927800140E-16, 0.000000000000000000 ) ) ;
#664 = LINE ( 'NONE', #276, #696 ) ;
#665 = DIRECTION ( 'NONE',  ( 0.000000000000000000, 0.000000000000000000, 1.000000000000000000 ) ) ;
#666 = AXIS2_PLACEMENT_3D ( 'NONE', #1313, #811, #47 ) ;
#667 = VECTOR ( 'NONE', #1199, 39.37007874015748143 ) ;
#668 = EDGE_CURVE ( 'NONE', #231, #1545, #1292, .T. ) ;
#669 = ORIENTED_EDGE ( 'NONE', *, *, #517, .T. ) ;
#670 = LINE ( 'NONE', #1186, #29 ) ;
#671 = EDGE_CURVE ( 'NONE', #1399, #253, #793, .T. ) ;
#672 = CARTESIAN_POINT ( 'NONE',  ( 0.8000000000000000444, -0.2750000000000000777, 0.1350000000000000644 ) ) ;
#673 = FACE_OUTER_BOUND ( 'NONE', #98, .T. ) ;
#674 = CARTESIAN_POINT ( 'NONE',  ( -0.4074999999999999734, -0.5649999999999999467, 0.000000000000000000 ) ) ;
#675 = DIRECTION ( 'NONE',  ( -0.000000000000000000, -0.000000000000000000, 1.000000000000000000 ) ) ;
#676 = CONICAL_SURFACE ( 'NONE', #1322, 0.09375000000000005551, 0.7853981633974507215 ) ;
#677 = ORIENTED_EDGE ( 'NONE', *, *, #54, .T. ) ;
#678 =( LENGTH_UNIT ( ) NAMED_UNIT ( * ) SI_UNIT ( $, .METRE. ) );
#679 = AXIS2_PLACEMENT_3D ( 'NONE', #1179, #798, #412 ) ;
#680 = CARTESIAN_POINT ( 'NONE',  ( -1.500000000000000222, -1.000000000000000222, 0.2550000000000000044 ) ) ;
#681 = CARTESIAN_POINT ( 'NONE',  ( -0.4699999999999999734, -0.4574999999999998512, 0.2550000000000000044 ) ) ;
#682 = DIRECTION ( 'NONE',  ( -1.000000000000000000, -1.138269997360109828E-17, 0.000000000000000000 ) ) ;
#683 = CARTESIAN_POINT ( 'NONE',  ( 1.500000000000000222, 1.000000000000000222, 0.2550000000000000044 ) ) ;
#684 = EDGE_CURVE ( 'NONE', #834, #240, #1193, .T. ) ;
#685 = CIRCLE ( 'NONE', #659, 0.06250000000000001388 ) ;
#686 = ORIENTED_EDGE ( 'NONE', *, *, #82, .F. ) ;
#687 = SURFACE_STYLE_USAGE ( .BOTH. , #433 ) ;
#688 = CIRCLE ( 'NONE', #906, 0.06250000000000001388 ) ;
#689 = DIRECTION ( 'NONE',  ( -0.000000000000000000, 1.000000000000000000, -0.000000000000000000 ) ) ;
#690 = CARTESIAN_POINT ( 'NONE',  ( -0.4699999999999999734, 0.4349999999999999423, 0.1250000000000000278 ) ) ;
#691 = DIRECTION ( 'NONE',  ( 0.000000000000000000, 0.000000000000000000, 1.000000000000000000 ) ) ;
#692 = CARTESIAN_POINT ( 'NONE',  ( 0.6700000000000000400, -0.1450000000000001010, 0.1350000000000000089 ) ) ;
#693 = EDGE_CURVE ( 'NONE', #209, #1377, #921, .T. ) ;
#694 = PLANE ( 'NONE',  #859 ) ;
#695 = CIRCLE ( 'NONE', #911, 0.1299999999999999767 ) ;
#696 = VECTOR ( 'NONE', #1065, 39.37007874015748143 ) ;
#697 = ORIENTED_EDGE ( 'NONE', *, *, #1388, .T. ) ;
#698 =( NAMED_UNIT ( * ) SI_UNIT ( $, .STERADIAN. ) SOLID_ANGLE_UNIT ( ) );
#699 = FACE_OUTER_BOUND ( 'NONE', #20, .T. ) ;
#700 = CARTESIAN_POINT ( 'NONE',  ( -1.500000000000000222, 0.9999999999999998890, 0.2550000000000000044 ) ) ;
#701 = DIRECTION ( 'NONE',  ( 1.000000000000000000, 0.000000000000000000, 0.000000000000000000 ) ) ;
#702 = CARTESIAN_POINT ( 'NONE',  ( -1.000000000000000222, -0.1449999999999999623, 0.000000000000000000 ) ) ;
#703 = VECTOR ( 'NONE', #813, 39.37007874015748143 ) ;
#704 = DIRECTION ( 'NONE',  ( 0.000000000000000000, 0.000000000000000000, -1.000000000000000000 ) ) ;
#705 = ORIENTED_EDGE ( 'NONE', *, *, #170, .F. ) ;
#706 = CARTESIAN_POINT ( 'NONE',  ( -1.343749999999999778, 0.4999999999999998335, 0.2050000000000005429 ) ) ;
#707 = PLANE ( 'NONE',  #512 ) ;
#708 = ORIENTED_EDGE ( 'NONE', *, *, #161, .F. ) ;
#709 = DIRECTION ( 'NONE',  ( 0.000000000000000000, 0.000000000000000000, 1.000000000000000000 ) ) ;
#710 = AXIS2_PLACEMENT_3D ( 'NONE', #364, #115, #1532 ) ;
#711 = DIRECTION ( 'NONE',  ( 1.000000000000000000, -1.453110634927799894E-16, 0.000000000000000000 ) ) ;
#712 = LINE ( 'NONE', #1374, #771 ) ;
#713 = VERTEX_POINT ( 'NONE', #784 ) ;
#714 = VECTOR ( 'NONE', #220, 39.37007874015748143 ) ;
#715 = VERTEX_POINT ( 'NONE', #1432 ) ;
#716 = EDGE_CURVE ( 'NONE', #376, #231, #914, .T. ) ;
#717 = DIRECTION ( 'NONE',  ( -0.000000000000000000, -0.000000000000000000, -1.000000000000000000 ) ) ;
#718 = DIRECTION ( 'NONE',  ( -0.000000000000000000, -0.000000000000000000, 1.000000000000000000 ) ) ;
#719 = VERTEX_POINT ( 'NONE', #141 ) ;
#720 = DIRECTION ( 'NONE',  ( 0.000000000000000000, -0.000000000000000000, 1.000000000000000000 ) ) ;
#721 = CIRCLE ( 'NONE', #419, 0.09375000000000005551 ) ;
#722 = PLANE ( 'NONE',  #878 ) ;
#723 = CARTESIAN_POINT ( 'NONE',  ( -0.4074999999999999734, 0.5024999999999999467, 0.2550000000000000044 ) ) ;
#724 = VERTEX_POINT ( 'NONE', #683 ) ;
#725 = VERTEX_POINT ( 'NONE', #792 ) ;
#726 = VECTOR ( 'NONE', #582, 39.37007874015748143 ) ;
#727 = CARTESIAN_POINT ( 'NONE',  ( -1.500000000000000222, 0.2750000000000000222, 0.1350000000000000644 ) ) ;
#728 = CARTESIAN_POINT ( 'NONE',  ( -1.249999999999999778, -0.5000000000000001110, 0.000000000000000000 ) ) ;
#729 = ORIENTED_EDGE ( 'NONE', *, *, #599, .T. ) ;
#730 = EDGE_CURVE ( 'NONE', #724, #1660, #1183, .T. ) ;
#731 = DIRECTION ( 'NONE',  ( 0.000000000000000000, 0.000000000000000000, 1.000000000000000000 ) ) ;
#732 = PLANE ( 'NONE',  #1333 ) ;
#733 = CARTESIAN_POINT ( 'NONE',  ( -1.249999999999999778, -0.5000000000000001110, 0.2550000000000000044 ) ) ;
#734 = ORIENTED_EDGE ( 'NONE', *, *, #1388, .F. ) ;
#735 = ORIENTED_EDGE ( 'NONE', *, *, #181, .T. ) ;
#736 = ORIENTED_EDGE ( 'NONE', *, *, #1516, .F. ) ;
#737 = DIRECTION ( 'NONE',  ( 0.000000000000000000, 0.000000000000000000, -1.000000000000000000 ) ) ;
#738 = CONICAL_SURFACE ( 'NONE', #1461, 0.09375000000000005551, 0.7853981633974507215 ) ;
#739 = FACE_OUTER_BOUND ( 'NONE', #1277, .T. ) ;
#740 = ORIENTED_EDGE ( 'NONE', *, *, #1109, .F. ) ;
#741 = VECTOR ( 'NONE', #566, 39.37007874015748143 ) ;
#742 = ORIENTED_EDGE ( 'NONE', *, *, #865, .T. ) ;
#743 = PLANE ( 'NONE',  #1244 ) ;
#744 = LINE ( 'NONE', #532, #1013 ) ;
#745 = CIRCLE ( 'NONE', #556, 0.06250000000000001388 ) ;
#746 = EDGE_CURVE ( 'NONE', #969, #965, #905, .T. ) ;
#747 = ORIENTED_EDGE ( 'NONE', *, *, #1067, .F. ) ;
#748 = LINE ( 'NONE', #1270, #1482 ) ;
#749 = VECTOR ( 'NONE', #796, 39.37007874015748143 ) ;
#750 = VECTOR ( 'NONE', #1317, 39.37007874015748143 ) ;
#751 = DIRECTION ( 'NONE',  ( 1.453110634927800140E-16, -1.000000000000000000, 0.000000000000000000 ) ) ;
#752 = DIRECTION ( 'NONE',  ( 0.000000000000000000, 0.000000000000000000, 1.000000000000000000 ) ) ;
#753 = VECTOR ( 'NONE', #856, 39.37007874015748143 ) ;
#754 = FACE_OUTER_BOUND ( 'NONE', #1472, .T. ) ;
#755 = ORIENTED_EDGE ( 'NONE', *, *, #476, .T. ) ;
#756 = AXIS2_PLACEMENT_3D ( 'NONE', #267, #1162, #918 ) ;
#757 = ORIENTED_EDGE ( 'NONE', *, *, #972, .F. ) ;
#758 = UNCERTAINTY_MEASURE_WITH_UNIT (LENGTH_MEASURE( 1.000000000000000082E-05 ), #883, 'distance_accuracy_value', 'NONE');
#759 = PLANE ( 'NONE',  #166 ) ;
#760 = ORIENTED_EDGE ( 'NONE', *, *, #1369, .F. ) ;
#761 = CARTESIAN_POINT ( 'NONE',  ( 0.4074999999999998623, 0.5025000000000000577, 0.000000000000000000 ) ) ;
#762 = AXIS2_PLACEMENT_3D ( 'NONE', #72, #1498, #580 ) ;
#763 = ORIENTED_EDGE ( 'NONE', *, *, #394, .F. ) ;
#764 = ORIENTED_EDGE ( 'NONE', *, *, #466, .F. ) ;
#765 = ADVANCED_FACE ( 'NONE', ( #543 ), #399, .F. ) ;
#766 = EDGE_CURVE ( 'NONE', #1544, #1056, #685, .T. ) ;
#767 = CIRCLE ( 'NONE', #577, 0.09375000000000005551 ) ;
#768 = CARTESIAN_POINT ( 'NONE',  ( -0.4699999999999999734, -0.5024999999999999467, 0.2550000000000000044 ) ) ;
#769 = DIRECTION ( 'NONE',  ( -0.000000000000000000, -0.000000000000000000, 1.000000000000000000 ) ) ;
#770 = FACE_OUTER_BOUND ( 'NONE', #791, .T. ) ;
#771 = VECTOR ( 'NONE', #457, 39.37007874015748143 ) ;
#772 = ORIENTED_EDGE ( 'NONE', *, *, #330, .F. ) ;
#773 = EDGE_LOOP ( 'NONE', ( #1010, #1341, #763, #94 ) ) ;
#774 = FACE_OUTER_BOUND ( 'NONE', #1184, .T. ) ;
#775 = EDGE_CURVE ( 'NONE', #1631, #280, #1558, .T. ) ;
#776 = CARTESIAN_POINT ( 'NONE',  ( -0.4699999999999999734, -0.3949999999999997957, 0.1250000000000000278 ) ) ;
#777 = CARTESIAN_POINT ( 'NONE',  ( -0.4074999999999999734, 0.4574999999999998512, 0.1250000000000000278 ) ) ;
#778 = ORIENTED_EDGE ( 'NONE', *, *, #985, .T. ) ;
#779 = ORIENTED_EDGE ( 'NONE', *, *, #350, .T. ) ;
#780 = EDGE_LOOP ( 'NONE', ( #576, #884, #654, #1135 ) ) ;
#781 = DIRECTION ( 'NONE',  ( -1.000000000000000000, 0.000000000000000000, -0.000000000000000000 ) ) ;
#782 = DIRECTION ( 'NONE',  ( 0.000000000000000000, 0.000000000000000000, 1.000000000000000000 ) ) ;
#783 = DIRECTION ( 'NONE',  ( -0.000000000000000000, -0.000000000000000000, -1.000000000000000000 ) ) ;
#784 = CARTESIAN_POINT ( 'NONE',  ( -0.4074999999999999734, -0.5649999999999999467, 0.2550000000000000044 ) ) ;
#785 = ORIENTED_EDGE ( 'NONE', *, *, #229, .T. ) ;
#786 = ADVANCED_FACE ( 'NONE', ( #1040 ), #1057, .F. ) ;
#787 = AXIS2_PLACEMENT_3D ( 'NONE', #910, #405, #663 ) ;
#788 = ORIENTED_EDGE ( 'NONE', *, *, #900, .T. ) ;
#789 = DIRECTION ( 'NONE',  ( 1.000000000000000000, 0.000000000000000000, 0.000000000000000000 ) ) ;
#790 = DIRECTION ( 'NONE',  ( 0.000000000000000000, 0.000000000000000000, 1.000000000000000000 ) ) ;
#791 = EDGE_LOOP ( 'NONE', ( #757, #142, #864, #36 ) ) ;
#792 = CARTESIAN_POINT ( 'NONE',  ( -1.393749999999999600, -0.5000000000000001110, 0.2550000000000000044 ) ) ;
#793 = CIRCLE ( 'NONE', #498, 0.09375000000000005551 ) ;
#794 = EDGE_CURVE ( 'NONE', #485, #38, #767, .T. ) ;
#795 = VERTEX_POINT ( 'NONE', #148 ) ;
#796 = DIRECTION ( 'NONE',  ( -0.000000000000000000, -1.000000000000000000, -0.000000000000000000 ) ) ;
#797 = LINE ( 'NONE', #932, #945 ) ;
#798 = DIRECTION ( 'NONE',  ( 0.000000000000000000, 0.000000000000000000, 1.000000000000000000 ) ) ;
#799 = LINE ( 'NONE', #657, #1345 ) ;
#800 = CARTESIAN_POINT ( 'NONE',  ( 0.4699999999999999178, 0.000000000000000000, 0.2550000000000000044 ) ) ;
#801 = AXIS2_PLACEMENT_3D ( 'NONE', #1596, #1604, #950 ) ;
#802 = ORIENTED_EDGE ( 'NONE', *, *, #1395, .F. ) ;
#803 = PRESENTATION_STYLE_ASSIGNMENT (( #687 ) ) ;
#804 = EDGE_CURVE ( 'NONE', #988, #1397, #1200, .T. ) ;
#805 = DIRECTION ( 'NONE',  ( 0.000000000000000000, 0.000000000000000000, 1.000000000000000000 ) ) ;
#806 = CARTESIAN_POINT ( 'NONE',  ( 0.4699999999999999178, 0.4574999999999999623, 0.2550000000000000044 ) ) ;
#807 = DIRECTION ( 'NONE',  ( 1.000000000000000000, 0.000000000000000000, 0.000000000000000000 ) ) ;
#808 = CARTESIAN_POINT ( 'NONE',  ( 0.4699999999999999178, 0.5025000000000000577, 0.000000000000000000 ) ) ;
#809 = AXIS2_PLACEMENT_3D ( 'NONE', #207, #1586, #168 ) ;
#810 = EDGE_LOOP ( 'NONE', ( #740, #923, #1505, #1629 ) ) ;
#811 = DIRECTION ( 'NONE',  ( 0.000000000000000000, 0.000000000000000000, -1.000000000000000000 ) ) ;
#812 = CIRCLE ( 'NONE', #519, 0.06250000000000001388 ) ;
#813 = DIRECTION ( 'NONE',  ( -1.000000000000000000, -1.365923996832131609E-16, -0.000000000000000000 ) ) ;
#814 = CARTESIAN_POINT ( 'NONE',  ( 0.6700000000000000400, -0.1450000000000001010, 0.000000000000000000 ) ) ;
#815 = EDGE_CURVE ( 'NONE', #713, #899, #981, .T. ) ;
#816 = EDGE_CURVE ( 'NONE', #1545, #628, #1215, .T. ) ;
#817 = FACE_OUTER_BOUND ( 'NONE', #255, .T. ) ;
#818 = CARTESIAN_POINT ( 'NONE',  ( -1.393749999999999600, 0.4999999999999998335, 0.2550000000000000044 ) ) ;
#819 = CARTESIAN_POINT ( 'NONE',  ( -1.130000000000000115, 0.1450000000000000455, -3.050000000000000711 ) ) ;
#820 = CIRCLE ( 'NONE', #553, 0.06250000000000001388 ) ;
#821 = ORIENTED_EDGE ( 'NONE', *, *, #309, .F. ) ;
#822 = VECTOR ( 'NONE', #927, 39.37007874015748143 ) ;
#823 = LINE ( 'NONE', #976, #1568 ) ;
#824 = CARTESIAN_POINT ( 'NONE',  ( -1.249999999999999778, -0.5000000000000001110, 0.2550000000000000044 ) ) ;
#825 = ORIENTED_EDGE ( 'NONE', *, *, #966, .F. ) ;
#826 = DIRECTION ( 'NONE',  ( 0.000000000000000000, 0.000000000000000000, 1.000000000000000000 ) ) ;
#827 = FACE_OUTER_BOUND ( 'NONE', #1639, .T. ) ;
#828 = CARTESIAN_POINT ( 'NONE',  ( -0.4699999999999999734, 0.5024999999999999467, 0.000000000000000000 ) ) ;
#829 = CIRCLE ( 'NONE', #1018, 0.06250000000000001388 ) ;
#830 = ORIENTED_EDGE ( 'NONE', *, *, #305, .F. ) ;
#831 = CARTESIAN_POINT ( 'NONE',  ( -0.4699999999999999734, 0.4574999999999998512, 0.1250000000000000278 ) ) ;
#832 = DIRECTION ( 'NONE',  ( -0.000000000000000000, -0.000000000000000000, 1.000000000000000000 ) ) ;
#833 = CYLINDRICAL_SURFACE ( 'NONE', #1398, 0.06250000000000001388 ) ;
#834 = VERTEX_POINT ( 'NONE', #702 ) ;
#835 = CARTESIAN_POINT ( 'NONE',  ( -1.249999999999999778, -0.5000000000000001110, 0.000000000000000000 ) ) ;
#836 = DIRECTION ( 'NONE',  ( 0.000000000000000000, 0.000000000000000000, -1.000000000000000000 ) ) ;
#837 = VECTOR ( 'NONE', #481, 39.37007874015748143 ) ;
#838 = CARTESIAN_POINT ( 'NONE',  ( -1.130000000000000115, 0.1450000000000000455, 0.1350000000000000644 ) ) ;
#839 = ORIENTED_EDGE ( 'NONE', *, *, #1466, .F. ) ;
#840 = EDGE_CURVE ( 'NONE', #561, #272, #430, .T. ) ;
#841 = EDGE_CURVE ( 'NONE', #1664, #1631, #1008, .T. ) ;
#842 = ORIENTED_EDGE ( 'NONE', *, *, #603, .F. ) ;
#843 = FACE_OUTER_BOUND ( 'NONE', #348, .T. ) ;
#844 = DIRECTION ( 'NONE',  ( 0.000000000000000000, 0.000000000000000000, 1.000000000000000000 ) ) ;
#845 = ORIENTED_EDGE ( 'NONE', *, *, #516, .F. ) ;
#846 = CARTESIAN_POINT ( 'NONE',  ( 0.000000000000000000, 0.000000000000000000, 0.2550000000000000044 ) ) ;
#847 = AXIS2_PLACEMENT_3D ( 'NONE', #949, #443, #1094 ) ;
#848 = PRODUCT_DEFINITION_SHAPE ( 'NONE', 'NONE',  #1196 ) ;
#849 = FACE_OUTER_BOUND ( 'NONE', #1513, .T. ) ;
#850 = ADVANCED_FACE ( 'NONE', ( #849 ), #1098, .F. ) ;
#851 = CYLINDRICAL_SURFACE ( 'NONE', #528, 0.1300000000000001155 ) ;
#852 = ORIENTED_EDGE ( 'NONE', *, *, #541, .F. ) ;
#853 = EDGE_CURVE ( 'NONE', #993, #609, #313, .T. ) ;
#854 = ORIENTED_EDGE ( 'NONE', *, *, #489, .T. ) ;
#855 = DIRECTION ( 'NONE',  ( 0.000000000000000000, 0.000000000000000000, 1.000000000000000000 ) ) ;
#856 = DIRECTION ( 'NONE',  ( 0.000000000000000000, -1.000000000000000000, 0.000000000000000000 ) ) ;
#857 = EDGE_LOOP ( 'NONE', ( #459, #677, #554, #400, #1337, #1101, #55, #26 ) ) ;
#858 = CARTESIAN_POINT ( 'NONE',  ( 0.4074999999999998623, 0.3949999999999999623, 0.2550000000000000044 ) ) ;
#859 = AXIS2_PLACEMENT_3D ( 'NONE', #1628, #1607, #1208 ) ;
#860 = CARTESIAN_POINT ( 'NONE',  ( 0.4699999999999999178, 0.000000000000000000, 0.000000000000000000 ) ) ;
#861 = FACE_BOUND ( 'NONE', #369, .T. ) ;
#862 = ORIENTED_EDGE ( 'NONE', *, *, #1076, .T. ) ;
#863 = ORIENTED_EDGE ( 'NONE', *, *, #1646, .T. ) ;
#864 = ORIENTED_EDGE ( 'NONE', *, *, #815, .T. ) ;
#865 = EDGE_CURVE ( 'NONE', #1157, #1043, #951, .T. ) ;
#866 = CARTESIAN_POINT ( 'NONE',  ( 0.4699999999999999178, 0.5025000000000000577, 0.2550000000000000044 ) ) ;
#867 = DIRECTION ( 'NONE',  ( 0.000000000000000000, 0.000000000000000000, 1.000000000000000000 ) ) ;
#868 = ORIENTED_EDGE ( 'NONE', *, *, #93, .F. ) ;
#869 = APPLICATION_PROTOCOL_DEFINITION ( 'draft international standard', 'automotive_design', 1998, #1547 ) ;
#870 = ORIENTED_EDGE ( 'NONE', *, *, #268, .F. ) ;
#871 = DIRECTION ( 'NONE',  ( 0.000000000000000000, 0.000000000000000000, 1.000000000000000000 ) ) ;
#872 = CARTESIAN_POINT ( 'NONE',  ( 0.4699999999999999178, 0.3949999999999999623, 0.2550000000000000044 ) ) ;
#873 = EDGE_CURVE ( 'NONE', #16, #1600, #1605, .T. ) ;
#874 = EDGE_CURVE ( 'NONE', #1102, #68, #1088, .T. ) ;
#875 = LINE ( 'NONE', #236, #392 ) ;
#876 = VERTEX_POINT ( 'NONE', #818 ) ;
#877 = EDGE_CURVE ( 'NONE', #1159, #533, #1364, .T. ) ;
#878 = AXIS2_PLACEMENT_3D ( 'NONE', #192, #1106, #1343 ) ;
#879 = VERTEX_POINT ( 'NONE', #345 ) ;
#880 = DIRECTION ( 'NONE',  ( -1.000000000000000000, -0.000000000000000000, 0.000000000000000000 ) ) ;
#881 = FACE_BOUND ( 'NONE', #520, .T. ) ;
#882 = ORIENTED_EDGE ( 'NONE', *, *, #350, .F. ) ;
#883 =( CONVERSION_BASED_UNIT ( 'INCH', #1278 ) LENGTH_UNIT ( ) NAMED_UNIT ( #537 ) );
#884 = ORIENTED_EDGE ( 'NONE', *, *, #930, .F. ) ;
#885 = CARTESIAN_POINT ( 'NONE',  ( -8.210075087342069880E-17, 0.5649999999999999467, 0.000000000000000000 ) ) ;
#886 = CARTESIAN_POINT ( 'NONE',  ( -1.130000000000000115, 0.2750000000000001332, 0.000000000000000000 ) ) ;
#887 = ORIENTED_EDGE ( 'NONE', *, *, #853, .F. ) ;
#888 = LINE ( 'NONE', #484, #989 ) ;
#889 = ADVANCED_FACE ( 'NONE', ( #1234 ), #66, .F. ) ;
#890 = ADVANCED_FACE ( 'NONE', ( #1606 ), #1356, .F. ) ;
#891 = ORIENTED_EDGE ( 'NONE', *, *, #865, .F. ) ;
#892 = CIRCLE ( 'NONE', #623, 0.06250000000000001388 ) ;
#893 = ORIENTED_EDGE ( 'NONE', *, *, #642, .F. ) ;
#894 = CARTESIAN_POINT ( 'NONE',  ( 0.4074999999999998623, -0.4350000000000000533, 0.000000000000000000 ) ) ;
#895 = ORIENTED_EDGE ( 'NONE', *, *, #1294, .T. ) ;
#896 = PLANE ( 'NONE',  #612 ) ;
#897 = ADVANCED_FACE ( 'NONE', ( #827 ), #722, .T. ) ;
#898 = CIRCLE ( 'NONE', #95, 0.1437499999999997946 ) ;
#899 = VERTEX_POINT ( 'NONE', #1334 ) ;
#900 = EDGE_CURVE ( 'NONE', #1271, #45, #1479, .T. ) ;
#901 = ORIENTED_EDGE ( 'NONE', *, *, #930, .T. ) ;
#902 = VECTOR ( 'NONE', #437, 39.37007874015748143 ) ;
#903 = CARTESIAN_POINT ( 'NONE',  ( 0.8000000000000000444, -0.2750000000000000777, 0.1350000000000000644 ) ) ;
#904 = DIRECTION ( 'NONE',  ( 1.000000000000000000, 0.000000000000000000, 0.000000000000000000 ) ) ;
#905 = LINE ( 'NONE', #808, #150 ) ;
#906 = AXIS2_PLACEMENT_3D ( 'NONE', #621, #126, #634 ) ;
#907 = VERTEX_POINT ( 'NONE', #692 ) ;
#908 = ORIENTED_EDGE ( 'NONE', *, *, #1506, .F. ) ;
#909 = CYLINDRICAL_SURFACE ( 'NONE', #649, 0.09375000000000005551 ) ;
#910 = CARTESIAN_POINT ( 'NONE',  ( -6.321031261935929057E-17, 0.4349999999999999978, 0.000000000000000000 ) ) ;
#911 = AXIS2_PLACEMENT_3D ( 'NONE', #217, #731, #426 ) ;
#912 = ADVANCED_FACE ( 'NONE', ( #1373 ), #732, .F. ) ;
#913 = EDGE_LOOP ( 'NONE', ( #1420, #669, #281, #135 ) ) ;
#914 = LINE ( 'NONE', #286, #608 ) ;
#915 = ORIENTED_EDGE ( 'NONE', *, *, #1502, .F. ) ;
#916 = EDGE_LOOP ( 'NONE', ( #974, #113, #788, #735, #391, #157 ) ) ;
#917 = VECTOR ( 'NONE', #1351, 39.37007874015748143 ) ;
#918 = DIRECTION ( 'NONE',  ( 1.000000000000000000, 0.000000000000000000, 0.000000000000000000 ) ) ;
#919 = DIRECTION ( 'NONE',  ( -0.000000000000000000, -1.000000000000000000, -0.000000000000000000 ) ) ;
#920 = ORIENTED_EDGE ( 'NONE', *, *, #402, .T. ) ;
#921 = LINE ( 'NONE', #800, #984 ) ;
#922 = VECTOR ( 'NONE', #790, 39.37007874015748143 ) ;
#923 = ORIENTED_EDGE ( 'NONE', *, *, #395, .T. ) ;
#924 = PLANE ( 'NONE',  #37 ) ;
#925 = DIRECTION ( 'NONE',  ( -1.138269997360109828E-17, -1.000000000000000000, 0.000000000000000000 ) ) ;
#926 = DIRECTION ( 'NONE',  ( 1.000000000000000000, 0.000000000000000000, 0.000000000000000000 ) ) ;
#927 = DIRECTION ( 'NONE',  ( 1.000000000000000000, 1.453110634927799894E-16, 0.000000000000000000 ) ) ;
#928 = ORIENTED_EDGE ( 'NONE', *, *, #1434, .T. ) ;
#929 = CIRCLE ( 'NONE', #23, 0.1299999999999999767 ) ;
#930 = EDGE_CURVE ( 'NONE', #1397, #16, #1589, .T. ) ;
#931 = CARTESIAN_POINT ( 'NONE',  ( -0.4699999999999999734, -0.4974999999999999423, 0.1250000000000000278 ) ) ;
#932 = CARTESIAN_POINT ( 'NONE',  ( 0.6700000000000000400, -0.1450000000000001010, 0.000000000000000000 ) ) ;
#933 = LINE ( 'NONE', #1046, #257 ) ;
#934 = LINE ( 'NONE', #398, #480 ) ;
#935 = CARTESIAN_POINT ( 'NONE',  ( -1.500000000000000222, 0.2750000000000000222, 0.2550000000000000044 ) ) ;
#936 = VECTOR ( 'NONE', #147, 39.37007874015748143 ) ;
#937 = ORIENTED_EDGE ( 'NONE', *, *, #766, .T. ) ;
#938 = ADVANCED_FACE ( 'NONE', ( #1511 ), #359, .F. ) ;
#939 = EDGE_CURVE ( 'NONE', #1664, #993, #233, .T. ) ;
#940 = DIRECTION ( 'NONE',  ( -1.000000000000000000, 1.138269997360109828E-17, 0.000000000000000000 ) ) ;
#941 = DIRECTION ( 'NONE',  ( 1.000000000000000000, 1.453110634927799894E-16, 0.000000000000000000 ) ) ;
#942 = DIRECTION ( 'NONE',  ( 0.000000000000000000, 0.000000000000000000, 1.000000000000000000 ) ) ;
#943 = CARTESIAN_POINT ( 'NONE',  ( -1.156249999999999778, -0.5000000000000001110, 0.2050000000000005429 ) ) ;
#944 = CARTESIAN_POINT ( 'NONE',  ( 0.8000000000000000444, 0.2750000000000000777, 0.000000000000000000 ) ) ;
#945 = VECTOR ( 'NONE', #1154, 39.37007874015748143 ) ;
#946 = ORIENTED_EDGE ( 'NONE', *, *, #109, .F. ) ;
#947 = ADVANCED_FACE ( 'NONE', ( #1400 ), #235, .F. ) ;
#948 = DIRECTION ( 'NONE',  ( -1.000000000000000000, 1.453110634927799894E-16, -0.000000000000000000 ) ) ;
#949 = CARTESIAN_POINT ( 'NONE',  ( 0.8000000000000000444, -0.1450000000000001010, -3.050000000000000711 ) ) ;
#950 = DIRECTION ( 'NONE',  ( -1.000000000000000000, 0.000000000000000000, 0.000000000000000000 ) ) ;
#951 = LINE ( 'NONE', #1207, #714 ) ;
#952 = CARTESIAN_POINT ( 'NONE',  ( 0.8000000000000000444, -0.1450000000000001010, 0.1350000000000000644 ) ) ;
#953 = VECTOR ( 'NONE', #123, 39.37007874015748143 ) ;
#954 = VERTEX_POINT ( 'NONE', #259 ) ;
#955 = DIRECTION ( 'NONE',  ( -0.000000000000000000, 0.000000000000000000, 1.000000000000000000 ) ) ;
#956 = CARTESIAN_POINT ( 'NONE',  ( -1.343749999999999778, 0.4999999999999998335, 0.000000000000000000 ) ) ;
#957 = CARTESIAN_POINT ( 'NONE',  ( 0.4074999999999998623, 0.4350000000000000533, 0.000000000000000000 ) ) ;
#958 = DIRECTION ( 'NONE',  ( -1.138269997360109828E-17, 1.000000000000000000, 0.000000000000000000 ) ) ;
#959 = DIRECTION ( 'NONE',  ( -0.000000000000000000, -0.000000000000000000, 1.000000000000000000 ) ) ;
#960 = EDGE_CURVE ( 'NONE', #1608, #1195, #820, .T. ) ;
#961 = DIRECTION ( 'NONE',  ( 0.000000000000000000, 0.000000000000000000, 1.000000000000000000 ) ) ;
#962 = VECTOR ( 'NONE', #955, 39.37007874015748143 ) ;
#963 = CIRCLE ( 'NONE', #801, 0.06250000000000001388 ) ;
#964 = ORIENTED_EDGE ( 'NONE', *, *, #121, .T. ) ;
#965 = VERTEX_POINT ( 'NONE', #363 ) ;
#966 = EDGE_CURVE ( 'NONE', #795, #1102, #440, .T. ) ;
#967 = CARTESIAN_POINT ( 'NONE',  ( -1.500000000000000222, 0.2750000000000000222, 0.000000000000000000 ) ) ;
#968 = CARTESIAN_POINT ( 'NONE',  ( 1.500000000000000222, 0.2750000000000000777, -3.050000000000000711 ) ) ;
#969 = VERTEX_POINT ( 'NONE', #866 ) ;
#970 = FACE_OUTER_BOUND ( 'NONE', #488, .T. ) ;
#971 = DIRECTION ( 'NONE',  ( 0.000000000000000000, 0.000000000000000000, -1.000000000000000000 ) ) ;
#972 = EDGE_CURVE ( 'NONE', #1069, #1608, #610, .T. ) ;
#973 = FACE_OUTER_BOUND ( 'NONE', #773, .T. ) ;
#974 = ORIENTED_EDGE ( 'NONE', *, *, #693, .T. ) ;
#975 = EDGE_LOOP ( 'NONE', ( #893, #697, #1669, #105 ) ) ;
#976 = CARTESIAN_POINT ( 'NONE',  ( 1.500000000000000222, -0.2750000000000000777, -3.050000000000000711 ) ) ;
#977 = LINE ( 'NONE', #690, #1496 ) ;
#978 = EDGE_LOOP ( 'NONE', ( #1236, #629 ) ) ;
#979 = CARTESIAN_POINT ( 'NONE',  ( 0.4074999999999998623, -0.5650000000000000577, 0.000000000000000000 ) ) ;
#980 = AXIS2_PLACEMENT_3D ( 'NONE', #1424, #782, #1189 ) ;
#981 = LINE ( 'NONE', #1224, #902 ) ;
#982 = DIRECTION ( 'NONE',  ( -1.000000000000000000, 0.000000000000000000, 0.000000000000000000 ) ) ;
#983 = ORIENTED_EDGE ( 'NONE', *, *, #8, .T. ) ;
#984 = VECTOR ( 'NONE', #514, 39.37007874015748143 ) ;
#985 = EDGE_CURVE ( 'NONE', #272, #68, #370, .T. ) ;
#986 = ORIENTED_EDGE ( 'NONE', *, *, #367, .F. ) ;
#987 = CARTESIAN_POINT ( 'NONE',  ( 0.4074999999999998623, -0.5650000000000000577, 0.000000000000000000 ) ) ;
#988 = VERTEX_POINT ( 'NONE', #1011 ) ;
#989 = VECTOR ( 'NONE', #1402, 39.37007874015748143 ) ;
#990 = DIRECTION ( 'NONE',  ( 0.000000000000000000, 0.000000000000000000, 1.000000000000000000 ) ) ;
#991 = PLANE ( 'NONE',  #1338 ) ;
#992 = ORIENTED_EDGE ( 'NONE', *, *, #1323, .F. ) ;
#993 = VERTEX_POINT ( 'NONE', #894 ) ;
#994 = PRODUCT_DEFINITION_FORMATION_WITH_SPECIFIED_SOURCE ( 'ANY', '', #219, .NOT_KNOWN. ) ;
#995 = ADVANCED_FACE ( 'NONE', ( #1662 ), #676, .F. ) ;
#996 = ADVANCED_FACE ( 'NONE', ( #1379 ), #743, .F. ) ;
#997 = DIRECTION ( 'NONE',  ( 0.000000000000000000, -1.000000000000000000, 0.000000000000000000 ) ) ;
#998 = ORIENTED_EDGE ( 'NONE', *, *, #1261, .F. ) ;
#999 = FACE_OUTER_BOUND ( 'NONE', #1203, .T. ) ;
#1000 = CARTESIAN_POINT ( 'NONE',  ( -1.156249999999999778, -0.5000000000000001110, 0.2050000000000005429 ) ) ;
#1001 = VERTEX_POINT ( 'NONE', #1264 ) ;
#1002 = ORIENTED_EDGE ( 'NONE', *, *, #402, .F. ) ;
#1003 = FACE_OUTER_BOUND ( 'NONE', #1217, .T. ) ;
#1004 = CARTESIAN_POINT ( 'NONE',  ( -1.249999999999999778, 0.4999999999999998335, 0.2050000000000005429 ) ) ;
#1005 = CIRCLE ( 'NONE', #679, 0.1299999999999999767 ) ;
#1006 = LINE ( 'NONE', #101, #129 ) ;
#1007 = ORIENTED_EDGE ( 'NONE', *, *, #1175, .F. ) ;
#1008 = CIRCLE ( 'NONE', #1437, 0.06250000000000001388 ) ;
#1009 = PRODUCT_CONTEXT ( 'NONE', #1254, 'mechanical' ) ;
#1010 = ORIENTED_EDGE ( 'NONE', *, *, #1416, .F. ) ;
#1011 = CARTESIAN_POINT ( 'NONE',  ( 0.6700000000000000400, 0.1450000000000000178, 0.1350000000000000089 ) ) ;
#1012 = FACE_OUTER_BOUND ( 'NONE', #780, .T. ) ;
#1013 = VECTOR ( 'NONE', #1566, 39.37007874015748143 ) ;
#1014 = DIRECTION ( 'NONE',  ( -1.000000000000000000, 0.000000000000000000, 0.000000000000000000 ) ) ;
#1015 = ADVANCED_FACE ( 'NONE', ( #1649 ), #759, .T. ) ;
#1016 = EDGE_LOOP ( 'NONE', ( #983, #296 ) ) ;
#1017 = VERTEX_POINT ( 'NONE', #1272 ) ;
#1018 = AXIS2_PLACEMENT_3D ( 'NONE', #1565, #42, #1155 ) ;
#1019 = LINE ( 'NONE', #1115, #226 ) ;
#1020 = CARTESIAN_POINT ( 'NONE',  ( -0.4074999999999999734, 0.5024999999999999467, 0.000000000000000000 ) ) ;
#1021 = EDGE_LOOP ( 'NONE', ( #1209, #1621, #151, #616 ) ) ;
#1022 = CARTESIAN_POINT ( 'NONE',  ( 0.4074999999999998623, -0.4350000000000000533, 0.1250000000000000278 ) ) ;
#1023 = ADVANCED_FACE ( 'NONE', ( #1003 ), #503, .F. ) ;
#1024 = ORIENTED_EDGE ( 'NONE', *, *, #1592, .T. ) ;
#1025 = AXIS2_PLACEMENT_3D ( 'NONE', #435, #1475, #71 ) ;
#1026 = ORIENTED_EDGE ( 'NONE', *, *, #569, .F. ) ;
#1027 = PLANE ( 'NONE',  #1380 ) ;
#1028 = CARTESIAN_POINT ( 'NONE',  ( 0.4699999999999999178, 0.4574999999999999623, 0.000000000000000000 ) ) ;
#1029 = DIRECTION ( 'NONE',  ( 0.000000000000000000, 0.000000000000000000, 1.000000000000000000 ) ) ;
#1030 = CARTESIAN_POINT ( 'NONE',  ( -1.000000000000000222, 0.2750000000000001332, 0.000000000000000000 ) ) ;
#1031 = ORIENTED_EDGE ( 'NONE', *, *, #1647, .T. ) ;
#1032 = CIRCLE ( 'NONE', #1060, 0.06250000000000001388 ) ;
#1033 = EDGE_LOOP ( 'NONE', ( #614, #86, #156, #1452, #1477, #214, #18, #1567 ) ) ;
#1034 = ADVANCED_FACE ( 'NONE', ( #1524 ), #1146, .F. ) ;
#1035 = EDGE_LOOP ( 'NONE', ( #852, #238, #1462, #586, #1328, #1051, #1488, #1530 ) ) ;
#1036 = VECTOR ( 'NONE', #61, 39.37007874015748143 ) ;
#1037 = CARTESIAN_POINT ( 'NONE',  ( -0.4074999999999999734, -0.5649999999999999467, 0.000000000000000000 ) ) ;
#1038 = LINE ( 'NONE', #1306, #547 ) ;
#1039 = CARTESIAN_POINT ( 'NONE',  ( -0.4074999999999999734, -0.4349999999999999423, 0.000000000000000000 ) ) ;
#1040 = FACE_OUTER_BOUND ( 'NONE', #1268, .T. ) ;
#1041 = ORIENTED_EDGE ( 'NONE', *, *, #102, .F. ) ;
#1042 = CIRCLE ( 'NONE', #1282, 0.09375000000000005551 ) ;
#1043 = VERTEX_POINT ( 'NONE', #472 ) ;
#1044 = EDGE_CURVE ( 'NONE', #1428, #375, #1019, .T. ) ;
#1045 = DIRECTION ( 'NONE',  ( -0.000000000000000000, -0.000000000000000000, 1.000000000000000000 ) ) ;
#1046 = CARTESIAN_POINT ( 'NONE',  ( -1.343749999999999778, -0.5000000000000001110, 0.2050000000000005429 ) ) ;
#1047 = CIRCLE ( 'NONE', #1180, 0.06250000000000001388 ) ;
#1048 = FACE_OUTER_BOUND ( 'NONE', #1129, .T. ) ;
#1049 = AXIS2_PLACEMENT_3D ( 'NONE', #1383, #97, #1522 ) ;
#1050 = DIRECTION ( 'NONE',  ( 1.000000000000000000, 0.000000000000000000, 0.000000000000000000 ) ) ;
#1051 = ORIENTED_EDGE ( 'NONE', *, *, #109, .T. ) ;
#1052 = ORIENTED_EDGE ( 'NONE', *, *, #1190, .F. ) ;
#1053 = VECTOR ( 'NONE', #941, 39.37007874015748143 ) ;
#1054 = CARTESIAN_POINT ( 'NONE',  ( -1.343749999999999778, -0.5000000000000001110, 0.2050000000000005429 ) ) ;
#1055 = DIRECTION ( 'NONE',  ( -1.000000000000000000, 0.000000000000000000, 0.000000000000000000 ) ) ;
#1056 = VERTEX_POINT ( 'NONE', #1250 ) ;
#1057 = CYLINDRICAL_SURFACE ( 'NONE', #525, 0.06250000000000001388 ) ;
#1058 = ORIENTED_EDGE ( 'NONE', *, *, #1261, .T. ) ;
#1059 = ADVANCED_BREP_SHAPE_REPRESENTATION ( 'Lid1V', ( #365, #1049 ), #244 ) ;
#1060 = AXIS2_PLACEMENT_3D ( 'NONE', #421, #549, #1571 ) ;
#1061 = EDGE_LOOP ( 'NONE', ( #357, #1083, #660, #78, #868, #1569 ) ) ;
#1062 = LINE ( 'NONE', #289, #110 ) ;
#1063 = LINE ( 'NONE', #1554, #116 ) ;
#1064 = FACE_OUTER_BOUND ( 'NONE', #1410, .T. ) ;
#1065 = DIRECTION ( 'NONE',  ( 0.000000000000000000, -1.000000000000000000, 0.000000000000000000 ) ) ;
#1066 = LINE ( 'NONE', #1441, #822 ) ;
#1067 = EDGE_CURVE ( 'NONE', #465, #1309, #1641, .T. ) ;
#1068 = ADVANCED_FACE ( 'NONE', ( #999 ), #1447, .F. ) ;
#1069 = VERTEX_POINT ( 'NONE', #1037 ) ;
#1070 = AXIS2_PLACEMENT_3D ( 'NONE', #1126, #117, #506 ) ;
#1071 = FILL_AREA_STYLE_COLOUR ( '', #323 ) ;
#1072 = CARTESIAN_POINT ( 'NONE',  ( 0.4074999999999998623, 0.5650000000000000577, 0.2550000000000000044 ) ) ;
#1073 = CYLINDRICAL_SURFACE ( 'NONE', #1409, 0.06250000000000001388 ) ;
#1074 = CARTESIAN_POINT ( 'NONE',  ( 0.4699999999999999178, -0.5025000000000000577, 0.2550000000000000044 ) ) ;
#1075 = DIRECTION ( 'NONE',  ( 0.000000000000000000, 0.000000000000000000, -1.000000000000000000 ) ) ;
#1076 = EDGE_CURVE ( 'NONE', #1271, #272, #1213, .T. ) ;
#1077 = ORIENTED_EDGE ( 'NONE', *, *, #1319, .T. ) ;
#1078 = LENGTH_MEASURE_WITH_UNIT ( LENGTH_MEASURE( 0.02539999999999999897 ), #678 );
#1079 = CARTESIAN_POINT ( 'NONE',  ( 0.4074999999999998623, 0.5650000000000000577, 0.000000000000000000 ) ) ;
#1080 = CARTESIAN_POINT ( 'NONE',  ( 0.4074999999999998623, 0.4574999999999999623, 0.000000000000000000 ) ) ;
#1081 = DIRECTION ( 'NONE',  ( 0.000000000000000000, 0.000000000000000000, 1.000000000000000000 ) ) ;
#1082 = DIRECTION ( 'NONE',  ( -0.000000000000000000, -0.000000000000000000, -1.000000000000000000 ) ) ;
#1083 = ORIENTED_EDGE ( 'NONE', *, *, #1044, .T. ) ;
#1084 = LINE ( 'NONE', #706, #1661 ) ;
#1085 = LINE ( 'NONE', #1610, #1053 ) ;
#1086 = ORIENTED_EDGE ( 'NONE', *, *, #746, .T. ) ;
#1087 = CARTESIAN_POINT ( 'NONE',  ( -1.106249999999999956, 0.4999999999999998335, 0.2550000000000000044 ) ) ;
#1088 = LINE ( 'NONE', #337, #1036 ) ;
#1089 = CARTESIAN_POINT ( 'NONE',  ( -1.249999999999999778, -0.5000000000000001110, 0.2050000000000005429 ) ) ;
#1090 = AXIS2_PLACEMENT_3D ( 'NONE', #1140, #91, #241 ) ;
#1091 = VERTEX_POINT ( 'NONE', #386 ) ;
#1092 = LINE ( 'NONE', #1609, #1615 ) ;
#1093 = PLANE ( 'NONE',  #1624 ) ;
#1094 = DIRECTION ( 'NONE',  ( -1.000000000000000000, 0.000000000000000000, 0.000000000000000000 ) ) ;
#1095 = ORIENTED_EDGE ( 'NONE', *, *, #874, .F. ) ;
#1096 = ADVANCED_FACE ( 'NONE', ( #510 ), #924, .T. ) ;
#1097 = CARTESIAN_POINT ( 'NONE',  ( -1.156249999999999778, 0.4999999999999998335, 0.000000000000000000 ) ) ;
#1098 = PLANE ( 'NONE',  #1170 ) ;
#1099 = DIRECTION ( 'NONE',  ( 1.000000000000000000, 0.000000000000000000, 0.000000000000000000 ) ) ;
#1100 = VECTOR ( 'NONE', #303, 39.37007874015748143 ) ;
#1101 = ORIENTED_EDGE ( 'NONE', *, *, #804, .T. ) ;
#1102 = VERTEX_POINT ( 'NONE', #11 ) ;
#1103 = DIRECTION ( 'NONE',  ( 1.000000000000000000, 0.000000000000000000, 0.000000000000000000 ) ) ;
#1104 = ORIENTED_EDGE ( 'NONE', *, *, #1148, .F. ) ;
#1105 = LINE ( 'NONE', #65, #1535 ) ;
#1106 = DIRECTION ( 'NONE',  ( -1.453110634927800140E-16, -1.000000000000000000, 0.000000000000000000 ) ) ;
#1107 = AXIS2_PLACEMENT_3D ( 'NONE', #131, #638, #1438 ) ;
#1108 = CARTESIAN_POINT ( 'NONE',  ( 1.500000000000000222, -0.9999999999999996669, 0.2550000000000000044 ) ) ;
#1109 = EDGE_CURVE ( 'NONE', #1157, #376, #1314, .T. ) ;
#1110 = VERTEX_POINT ( 'NONE', #1578 ) ;
#1111 = ORIENTED_EDGE ( 'NONE', *, *, #59, .F. ) ;
#1112 = DIRECTION ( 'NONE',  ( -0.000000000000000000, -0.000000000000000000, -1.000000000000000000 ) ) ;
#1113 = ORIENTED_EDGE ( 'NONE', *, *, #279, .T. ) ;
#1114 = CIRCLE ( 'NONE', #604, 0.1299999999999999767 ) ;
#1115 = CARTESIAN_POINT ( 'NONE',  ( -0.4699999999999999734, 0.4574999999999998512, 0.1250000000000000278 ) ) ;
#1116 = FACE_BOUND ( 'NONE', #1033, .T. ) ;
#1117 = ORIENTED_EDGE ( 'NONE', *, *, #1233, .T. ) ;
#1118 = ADVANCED_FACE ( 'NONE', ( #1429 ), #909, .F. ) ;
#1119 = ADVANCED_FACE ( 'NONE', ( #420 ), #655, .T. ) ;
#1120 = VECTOR ( 'NONE', #1581, 39.37007874015748143 ) ;
#1121 = VERTEX_POINT ( 'NONE', #21 ) ;
#1122 = VERTEX_POINT ( 'NONE', #1054 ) ;
#1123 = AXIS2_PLACEMENT_3D ( 'NONE', #733, #1082, #183 ) ;
#1124 = DIRECTION ( 'NONE',  ( 1.000000000000000000, 0.000000000000000000, 0.000000000000000000 ) ) ;
#1125 = FACE_OUTER_BOUND ( 'NONE', #1021, .T. ) ;
#1126 = CARTESIAN_POINT ( 'NONE',  ( 0.000000000000000000, 0.000000000000000000, 0.000000000000000000 ) ) ;
#1127 = VECTOR ( 'NONE', #159, 39.37007874015748143 ) ;
#1128 = VECTOR ( 'NONE', #1557, 39.37007874015748143 ) ;
#1129 = EDGE_LOOP ( 'NONE', ( #247, #368, #1403, #449 ) ) ;
#1130 = ORIENTED_EDGE ( 'NONE', *, *, #171, .F. ) ;
#1131 = CARTESIAN_POINT ( 'NONE',  ( 0.000000000000000000, 0.000000000000000000, 0.1250000000000000278 ) ) ;
#1132 = DIRECTION ( 'NONE',  ( 0.000000000000000000, 0.000000000000000000, 1.000000000000000000 ) ) ;
#1133 = CARTESIAN_POINT ( 'NONE',  ( -0.4699999999999999734, 0.000000000000000000, 0.000000000000000000 ) ) ;
#1134 = VECTOR ( 'NONE', #325, 39.37007874015748143 ) ;
#1135 = ORIENTED_EDGE ( 'NONE', *, *, #195, .F. ) ;
#1136 = CARTESIAN_POINT ( 'NONE',  ( -0.4074999999999999734, -0.4349999999999999423, 0.000000000000000000 ) ) ;
#1137 = ORIENTED_EDGE ( 'NONE', *, *, #1526, .F. ) ;
#1138 = EDGE_CURVE ( 'NONE', #362, #125, #1063, .T. ) ;
#1139 = ADVANCED_FACE ( 'NONE', ( #396 ), #1027, .F. ) ;
#1140 = CARTESIAN_POINT ( 'NONE',  ( -0.4074999999999999734, -0.4574999999999998512, 0.2550000000000000044 ) ) ;
#1141 = DIRECTION ( 'NONE',  ( 1.000000000000000000, 0.000000000000000000, 0.000000000000000000 ) ) ;
#1142 = VECTOR ( 'NONE', #1147, 39.37007874015748143 ) ;
#1143 = DIRECTION ( 'NONE',  ( 0.7071067811865492381, 0.000000000000000000, 0.7071067811865457964 ) ) ;
#1144 = ORIENTED_EDGE ( 'NONE', *, *, #1191, .F. ) ;
#1145 = ORIENTED_EDGE ( 'NONE', *, *, #121, .F. ) ;
#1146 = CYLINDRICAL_SURFACE ( 'NONE', #1160, 0.06250000000000001388 ) ;
#1147 = DIRECTION ( 'NONE',  ( 1.000000000000000000, 1.453110634927799894E-16, -0.000000000000000000 ) ) ;
#1148 = EDGE_CURVE ( 'NONE', #380, #107, #1546, .T. ) ;
#1149 = CIRCLE ( 'NONE', #1123, 0.1437499999999997946 ) ;
#1150 = EDGE_LOOP ( 'NONE', ( #1002, #622, #1077, #901, #845, #863, #295, #96 ) ) ;
#1151 = DIRECTION ( 'NONE',  ( -0.000000000000000000, -0.000000000000000000, -1.000000000000000000 ) ) ;
#1152 = ORIENTED_EDGE ( 'NONE', *, *, #374, .T. ) ;
#1153 = ORIENTED_EDGE ( 'NONE', *, *, #1591, .T. ) ;
#1154 = DIRECTION ( 'NONE',  ( -0.000000000000000000, 0.000000000000000000, -1.000000000000000000 ) ) ;
#1155 = DIRECTION ( 'NONE',  ( -1.000000000000000000, 0.000000000000000000, 0.000000000000000000 ) ) ;
#1156 = DIRECTION ( 'NONE',  ( 1.000000000000000000, 0.000000000000000000, 0.000000000000000000 ) ) ;
#1157 = VERTEX_POINT ( 'NONE', #40 ) ;
#1158 = EDGE_CURVE ( 'NONE', #719, #1161, #1299, .T. ) ;
#1159 = VERTEX_POINT ( 'NONE', #768 ) ;
#1160 = AXIS2_PLACEMENT_3D ( 'NONE', #1657, #737, #496 ) ;
#1161 = VERTEX_POINT ( 'NONE', #903 ) ;
#1162 = DIRECTION ( 'NONE',  ( -0.000000000000000000, -0.000000000000000000, 1.000000000000000000 ) ) ;
#1163 = LINE ( 'NONE', #1325, #282 ) ;
#1164 = CARTESIAN_POINT ( 'NONE',  ( -1.343749999999999778, 0.4999999999999998335, 0.2050000000000005429 ) ) ;
#1165 = DIRECTION ( 'NONE',  ( -1.000000000000000000, 0.000000000000000000, -0.000000000000000000 ) ) ;
#1166 = ADVANCED_FACE ( 'NONE', ( #774 ), #1281, .F. ) ;
#1167 = EDGE_CURVE ( 'NONE', #965, #1238, #1427, .T. ) ;
#1168 = ORIENTED_EDGE ( 'NONE', *, *, #82, .T. ) ;
#1169 = ORIENTED_EDGE ( 'NONE', *, *, #661, .T. ) ;
#1170 = AXIS2_PLACEMENT_3D ( 'NONE', #456, #1614, #971 ) ;
#1171 = CARTESIAN_POINT ( 'NONE',  ( 0.4699999999999999178, 0.000000000000000000, 0.000000000000000000 ) ) ;
#1172 = LINE ( 'NONE', #292, #338 ) ;
#1173 = LINE ( 'NONE', #674, #618 ) ;
#1174 = CARTESIAN_POINT ( 'NONE',  ( -1.249999999999999778, 0.4999999999999998335, 0.2050000000000005429 ) ) ;
#1175 = EDGE_CURVE ( 'NONE', #68, #1377, #892, .T. ) ;
#1176 = AXIS2_PLACEMENT_3D ( 'NONE', #1658, #1533, #1156 ) ;
#1177 = VERTEX_POINT ( 'NONE', #138 ) ;
#1178 = DIRECTION ( 'NONE',  ( -0.000000000000000000, -0.000000000000000000, 1.000000000000000000 ) ) ;
#1179 = CARTESIAN_POINT ( 'NONE',  ( -1.130000000000000115, 0.1450000000000000455, 0.000000000000000000 ) ) ;
#1180 = AXIS2_PLACEMENT_3D ( 'NONE', #56, #450, #546 ) ;
#1181 = CIRCLE ( 'NONE', #221, 0.09375000000000005551 ) ;
#1182 = DIRECTION ( 'NONE',  ( 1.000000000000000000, 0.000000000000000000, 0.000000000000000000 ) ) ;
#1183 = LINE ( 'NONE', #1549, #287 ) ;
#1184 = EDGE_LOOP ( 'NONE', ( #1117, #830, #633, #1231 ) ) ;
#1185 = VERTEX_POINT ( 'NONE', #145 ) ;
#1186 = CARTESIAN_POINT ( 'NONE',  ( -8.210075087342069880E-17, 0.5649999999999999467, 0.000000000000000000 ) ) ;
#1187 = VECTOR ( 'NONE', #1188, 39.37007874015748143 ) ;
#1188 = DIRECTION ( 'NONE',  ( 0.000000000000000000, 1.000000000000000000, 0.000000000000000000 ) ) ;
#1189 = DIRECTION ( 'NONE',  ( 1.000000000000000000, 0.000000000000000000, 0.000000000000000000 ) ) ;
#1190 = EDGE_CURVE ( 'NONE', #907, #1435, #797, .T. ) ;
#1191 = EDGE_CURVE ( 'NONE', #1056, #1390, #79, .T. ) ;
#1192 = DIRECTION ( 'NONE',  ( 1.000000000000000000, 0.000000000000000000, 0.000000000000000000 ) ) ;
#1193 = LINE ( 'NONE', #1030, #1120 ) ;
#1194 = AXIS2_PLACEMENT_3D ( 'NONE', #1487, #1239, #1331 ) ;
#1195 = VERTEX_POINT ( 'NONE', #571 ) ;
#1196 = PRODUCT_DEFINITION ( 'UNKNOWN', '', #994, #1656 ) ;
#1197 = CARTESIAN_POINT ( 'NONE',  ( -0.4074999999999999734, -0.4574999999999998512, 0.1250000000000000278 ) ) ;
#1198 = LINE ( 'NONE', #1587, #922 ) ;
#1199 = DIRECTION ( 'NONE',  ( -0.000000000000000000, -0.000000000000000000, -1.000000000000000000 ) ) ;
#1200 = CIRCLE ( 'NONE', #1635, 0.1299999999999999767 ) ;
#1201 = DIRECTION ( 'NONE',  ( -0.000000000000000000, -0.000000000000000000, -1.000000000000000000 ) ) ;
#1202 = EDGE_CURVE ( 'NONE', #1399, #38, #588, .T. ) ;
#1203 = EDGE_LOOP ( 'NONE', ( #475, #1655, #1279, #417 ) ) ;
#1204 = CIRCLE ( 'NONE', #474, 0.06250000000000001388 ) ;
#1205 = CARTESIAN_POINT ( 'NONE',  ( 0.000000000000000000, 0.000000000000000000, 0.1350000000000000089 ) ) ;
#1206 = CARTESIAN_POINT ( 'NONE',  ( 1.500000000000000222, -0.2750000000000000777, 0.2550000000000000044 ) ) ;
#1207 = CARTESIAN_POINT ( 'NONE',  ( -1.000000000000000222, -0.2750000000000000222, 0.000000000000000000 ) ) ;
#1208 = DIRECTION ( 'NONE',  ( 1.000000000000000000, 0.000000000000000000, -0.000000000000000000 ) ) ;
#1209 = ORIENTED_EDGE ( 'NONE', *, *, #384, .F. ) ;
#1210 = ADVANCED_FACE ( 'NONE', ( #563 ), #427, .F. ) ;
#1211 = DIRECTION ( 'NONE',  ( 0.000000000000000000, 0.000000000000000000, 1.000000000000000000 ) ) ;
#1212 = ORIENTED_EDGE ( 'NONE', *, *, #646, .T. ) ;
#1213 = CIRCLE ( 'NONE', #431, 0.06250000000000001388 ) ;
#1214 = CARTESIAN_POINT ( 'NONE',  ( -1.000000000000000222, 0.1450000000000000455, 0.000000000000000000 ) ) ;
#1215 = LINE ( 'NONE', #180, #469 ) ;
#1216 = DIRECTION ( 'NONE',  ( -1.000000000000000000, 0.000000000000000000, 0.000000000000000000 ) ) ;
#1217 = EDGE_LOOP ( 'NONE', ( #266, #527, #269, #1560 ) ) ;
#1218 = CIRCLE ( 'NONE', #980, 0.06250000000000001388 ) ;
#1219 = LINE ( 'NONE', #1321, #1127 ) ;
#1220 = CARTESIAN_POINT ( 'NONE',  ( 0.6700000000000000400, -0.2750000000000001332, 0.000000000000000000 ) ) ;
#1221 = DIRECTION ( 'NONE',  ( 1.000000000000000000, 0.000000000000000000, 0.000000000000000000 ) ) ;
#1222 = ORIENTED_EDGE ( 'NONE', *, *, #840, .T. ) ;
#1223 = CARTESIAN_POINT ( 'NONE',  ( -1.500000000000000222, 0.2750000000000000222, -3.050000000000000711 ) ) ;
#1224 = CARTESIAN_POINT ( 'NONE',  ( -8.210075087342069880E-17, -0.5649999999999999467, 0.2550000000000000044 ) ) ;
#1225 = AXIS2_PLACEMENT_3D ( 'NONE', #446, #959, #211 ) ;
#1226 = EDGE_LOOP ( 'NONE', ( #1493, #471, #839, #1510 ) ) ;
#1227 = VECTOR ( 'NONE', #155, 39.37007874015748143 ) ;
#1228 = EDGE_LOOP ( 'NONE', ( #1620, #1536, #895, #1168 ) ) ;
#1229 = CARTESIAN_POINT ( 'NONE',  ( -1.500000000000000222, 0.9999999999999998890, 0.000000000000000000 ) ) ;
#1230 = LINE ( 'NONE', #80, #354 ) ;
#1231 = ORIENTED_EDGE ( 'NONE', *, *, #161, .T. ) ;
#1232 = CYLINDRICAL_SURFACE ( 'NONE', #1260, 0.06250000000000001388 ) ;
#1233 = EDGE_CURVE ( 'NONE', #107, #715, #1339, .T. ) ;
#1234 = FACE_OUTER_BOUND ( 'NONE', #916, .T. ) ;
#1235 = CARTESIAN_POINT ( 'NONE',  ( 0.4699999999999999178, -0.4975000000000001088, 0.000000000000000000 ) ) ;
#1236 = ORIENTED_EDGE ( 'NONE', *, *, #1574, .T. ) ;
#1237 = AXIS2_PLACEMENT_3D ( 'NONE', #728, #1476, #470 ) ;
#1238 = VERTEX_POINT ( 'NONE', #1079 ) ;
#1239 = DIRECTION ( 'NONE',  ( 0.000000000000000000, 0.000000000000000000, -1.000000000000000000 ) ) ;
#1240 = ORIENTED_EDGE ( 'NONE', *, *, #873, .T. ) ;
#1241 = CARTESIAN_POINT ( 'NONE',  ( -0.4074999999999999734, 0.5024999999999999467, 0.000000000000000000 ) ) ;
#1242 = EDGE_CURVE ( 'NONE', #458, #954, #1085, .T. ) ;
#1243 = EDGE_CURVE ( 'NONE', #264, #1544, #64, .T. ) ;
#1244 = AXIS2_PLACEMENT_3D ( 'NONE', #1131, #227, #880 ) ;
#1245 = EDGE_LOOP ( 'NONE', ( #477, #258, #1007, #536 ) ) ;
#1246 = ORIENTED_EDGE ( 'NONE', *, *, #1647, .F. ) ;
#1247 = ADVANCED_FACE ( 'NONE', ( #843 ), #408, .F. ) ;
#1248 = ORIENTED_EDGE ( 'NONE', *, *, #1617, .T. ) ;
#1249 = VECTOR ( 'NONE', #378, 39.37007874015748143 ) ;
#1250 = CARTESIAN_POINT ( 'NONE',  ( 0.4699999999999999178, 0.4574999999999999623, 0.1250000000000000278 ) ) ;
#1251 = EDGE_CURVE ( 'NONE', #1121, #125, #823, .T. ) ;
#1252 = DIRECTION ( 'NONE',  ( -0.000000000000000000, -0.000000000000000000, -1.000000000000000000 ) ) ;
#1253 = VECTOR ( 'NONE', #462, 39.37007874015748143 ) ;
#1254 = APPLICATION_CONTEXT ( 'automotive_design' ) ;
#1255 = ORIENTED_EDGE ( 'NONE', *, *, #1191, .T. ) ;
#1256 = ORIENTED_EDGE ( 'NONE', *, *, #53, .F. ) ;
#1257 = DIRECTION ( 'NONE',  ( 0.000000000000000000, 0.000000000000000000, 1.000000000000000000 ) ) ;
#1258 = CARTESIAN_POINT ( 'NONE',  ( -1.106249999999999956, -0.5000000000000001110, 0.2550000000000000044 ) ) ;
#1259 = STYLED_ITEM ( 'NONE', ( #803 ), #365 ) ;
#1260 = AXIS2_PLACEMENT_3D ( 'NONE', #191, #691, #701 ) ;
#1261 = EDGE_CURVE ( 'NONE', #1102, #561, #1594, .T. ) ;
#1262 = ORIENTED_EDGE ( 'NONE', *, *, #570, .T. ) ;
#1263 = ORIENTED_EDGE ( 'NONE', *, *, #351, .F. ) ;
#1264 = CARTESIAN_POINT ( 'NONE',  ( 1.500000000000000222, 0.2750000000000000777, 0.2550000000000000044 ) ) ;
#1265 = CARTESIAN_POINT ( 'NONE',  ( -1.500000000000000222, -1.000000000000000222, 0.2550000000000000044 ) ) ;
#1266 = DIRECTION ( 'NONE',  ( -1.000000000000000000, -0.000000000000000000, -0.000000000000000000 ) ) ;
#1267 = CIRCLE ( 'NONE', #1454, 0.06250000000000001388 ) ;
#1268 = EDGE_LOOP ( 'NONE', ( #526, #136, #425, #223 ) ) ;
#1269 = EDGE_CURVE ( 'NONE', #1177, #458, #331, .T. ) ;
#1270 = CARTESIAN_POINT ( 'NONE',  ( 0.4699999999999999178, 0.000000000000000000, 0.000000000000000000 ) ) ;
#1271 = VERTEX_POINT ( 'NONE', #1464 ) ;
#1272 = CARTESIAN_POINT ( 'NONE',  ( -1.343749999999999778, -0.5000000000000001110, 0.000000000000000000 ) ) ;
#1273 = DIRECTION ( 'NONE',  ( -0.000000000000000000, -0.000000000000000000, -1.000000000000000000 ) ) ;
#1274 = CIRCLE ( 'NONE', #174, 0.06250000000000001388 ) ;
#1275 = ORIENTED_EDGE ( 'NONE', *, *, #1269, .F. ) ;
#1276 = DIRECTION ( 'NONE',  ( 0.000000000000000000, 0.000000000000000000, -1.000000000000000000 ) ) ;
#1277 = EDGE_LOOP ( 'NONE', ( #1275, #842, #261, #1137 ) ) ;
#1278 = LENGTH_MEASURE_WITH_UNIT ( LENGTH_MEASURE( 0.02539999999999999897 ), #1404 );
#1279 = ORIENTED_EDGE ( 'NONE', *, *, #53, .T. ) ;
#1280 = UNCERTAINTY_MEASURE_WITH_UNIT (LENGTH_MEASURE( 1.000000000000000082E-05 ), #1593, 'distance_accuracy_value', 'NONE');
#1281 = PLANE ( 'NONE',  #597 ) ;
#1282 = AXIS2_PLACEMENT_3D ( 'NONE', #1636, #961, #567 ) ;
#1283 = ADVANCED_FACE ( 'NONE', ( #198 ), #1093, .T. ) ;
#1284 = CARTESIAN_POINT ( 'NONE',  ( -0.4699999999999999734, 0.000000000000000000, 0.000000000000000000 ) ) ;
#1285 = CARTESIAN_POINT ( 'NONE',  ( 1.500000000000000222, -0.9999999999999996669, 0.2550000000000000044 ) ) ;
#1286 = VERTEX_POINT ( 'NONE', #967 ) ;
#1287 = ORIENTED_EDGE ( 'NONE', *, *, #1502, .T. ) ;
#1288 = ORIENTED_EDGE ( 'NONE', *, *, #671, .T. ) ;
#1289 = CARTESIAN_POINT ( 'NONE',  ( -1.500000000000000222, 0.9999999999999998890, 0.2550000000000000044 ) ) ;
#1290 = DIRECTION ( 'NONE',  ( 1.000000000000000000, 0.000000000000000000, 0.000000000000000000 ) ) ;
#1291 = DIRECTION ( 'NONE',  ( 0.000000000000000000, 0.000000000000000000, 1.000000000000000000 ) ) ;
#1292 = LINE ( 'NONE', #173, #1412 ) ;
#1293 = ADVANCED_FACE ( 'NONE', ( #699 ), #1456, .F. ) ;
#1294 = EDGE_CURVE ( 'NONE', #609, #544, #1324, .T. ) ;
#1295 = EDGE_LOOP ( 'NONE', ( #568, #542, #1111, #645, #1529, #964, #1580, #862 ) ) ;
#1296 = ORIENTED_EDGE ( 'NONE', *, *, #149, .T. ) ;
#1297 = EDGE_LOOP ( 'NONE', ( #545, #686, #335, #7 ) ) ;
#1298 = ADVANCED_FACE ( 'NONE', ( #442 ), #707, .F. ) ;
#1299 = LINE ( 'NONE', #672, #486 ) ;
#1300 = LINE ( 'NONE', #681, #1327 ) ;
#1301 = LINE ( 'NONE', #1039, #1128 ) ;
#1302 = DIRECTION ( 'NONE',  ( 1.000000000000000000, 0.000000000000000000, 0.000000000000000000 ) ) ;
#1303 = ORIENTED_EDGE ( 'NONE', *, *, #298, .F. ) ;
#1304 = VECTOR ( 'NONE', #250, 39.37007874015748143 ) ;
#1305 = CARTESIAN_POINT ( 'NONE',  ( -6.321031261935929057E-17, -0.4349999999999999978, 0.000000000000000000 ) ) ;
#1306 = CARTESIAN_POINT ( 'NONE',  ( 0.4699999999999999178, 0.000000000000000000, 0.000000000000000000 ) ) ;
#1307 = ORIENTED_EDGE ( 'NONE', *, *, #1543, .T. ) ;
#1308 = DIRECTION ( 'NONE',  ( -0.000000000000000000, -0.000000000000000000, -1.000000000000000000 ) ) ;
#1309 = VERTEX_POINT ( 'NONE', #1330 ) ;
#1310 = ORIENTED_EDGE ( 'NONE', *, *, #1534, .F. ) ;
#1311 = EDGE_CURVE ( 'NONE', #561, #89, #1267, .T. ) ;
#1312 = EDGE_CURVE ( 'NONE', #1238, #1091, #557, .T. ) ;
#1313 = CARTESIAN_POINT ( 'NONE',  ( 0.4074999999999998623, 0.4975000000000001088, 0.1250000000000000278 ) ) ;
#1314 = LINE ( 'NONE', #1423, #196 ) ;
#1315 = CARTESIAN_POINT ( 'NONE',  ( -1.343749999999999778, 0.4999999999999998335, 0.000000000000000000 ) ) ;
#1316 = AXIS2_PLACEMENT_3D ( 'NONE', #413, #1182, #34 ) ;
#1317 = DIRECTION ( 'NONE',  ( -0.000000000000000000, 1.000000000000000000, -0.000000000000000000 ) ) ;
#1318 = DIRECTION ( 'NONE',  ( -1.000000000000000000, -1.365923996832131609E-16, -0.000000000000000000 ) ) ;
#1319 = EDGE_CURVE ( 'NONE', #81, #1397, #1370, .T. ) ;
#1320 = VERTEX_POINT ( 'NONE', #886 ) ;
#1321 = CARTESIAN_POINT ( 'NONE',  ( -1.500000000000000222, 0.9999999999999998890, 0.2550000000000000044 ) ) ;
#1322 = AXIS2_PLACEMENT_3D ( 'NONE', #1385, #630, #1517 ) ;
#1323 = EDGE_CURVE ( 'NONE', #625, #465, #812, .T. ) ;
#1324 = LINE ( 'NONE', #310, #306 ) ;
#1325 = CARTESIAN_POINT ( 'NONE',  ( -0.4699999999999999734, 0.000000000000000000, 0.2550000000000000044 ) ) ;
#1326 = CARTESIAN_POINT ( 'NONE',  ( -0.4074999999999999734, 0.4349999999999999423, 0.1250000000000000278 ) ) ;
#1327 = VECTOR ( 'NONE', #1555, 39.37007874015748143 ) ;
#1328 = ORIENTED_EDGE ( 'NONE', *, *, #1542, .T. ) ;
#1329 = CARTESIAN_POINT ( 'NONE',  ( 0.4074999999999998623, -0.3949999999999999623, 0.1250000000000000278 ) ) ;
#1330 = CARTESIAN_POINT ( 'NONE',  ( -0.4699999999999999734, 0.5024999999999999467, 0.2550000000000000044 ) ) ;
#1331 = DIRECTION ( 'NONE',  ( -1.000000000000000000, 0.000000000000000000, 0.000000000000000000 ) ) ;
#1332 = DIRECTION ( 'NONE',  ( -0.000000000000000000, -1.000000000000000000, -0.000000000000000000 ) ) ;
#1333 = AXIS2_PLACEMENT_3D ( 'NONE', #51, #560, #1075 ) ;
#1334 = CARTESIAN_POINT ( 'NONE',  ( 0.4074999999999998623, -0.5650000000000000577, 0.2550000000000000044 ) ) ;
#1335 = ADVANCED_FACE ( 'NONE', ( #1125 ), #738, .F. ) ;
#1336 = CARTESIAN_POINT ( 'NONE',  ( -1.500000000000000222, -0.2750000000000000777, 0.2550000000000000044 ) ) ;
#1337 = ORIENTED_EDGE ( 'NONE', *, *, #1617, .F. ) ;
#1338 = AXIS2_PLACEMENT_3D ( 'NONE', #1540, #491, #381 ) ;
#1339 = LINE ( 'NONE', #1229, #703 ) ;
#1340 = CARTESIAN_POINT ( 'NONE',  ( -0.4074999999999999734, -0.5024999999999999467, 0.000000000000000000 ) ) ;
#1341 = ORIENTED_EDGE ( 'NONE', *, *, #205, .F. ) ;
#1342 = CARTESIAN_POINT ( 'NONE',  ( 1.500000000000000222, -0.2750000000000000777, 0.2550000000000000044 ) ) ;
#1343 = DIRECTION ( 'NONE',  ( 1.000000000000000000, -1.453110634927800140E-16, 0.000000000000000000 ) ) ;
#1344 = VECTOR ( 'NONE', #74, 39.37007874015748143 ) ;
#1345 = VECTOR ( 'NONE', #133, 39.37007874015748143 ) ;
#1346 = EDGE_CURVE ( 'NONE', #1660, #636, #387, .T. ) ;
#1347 = ADVANCED_FACE ( 'NONE', ( #1012 ), #1386, .F. ) ;
#1348 = FACE_OUTER_BOUND ( 'NONE', #1590, .T. ) ;
#1349 = EDGE_LOOP ( 'NONE', ( #1443, #998, #825, #213 ) ) ;
#1350 =( NAMED_UNIT ( * ) PLANE_ANGLE_UNIT ( ) SI_UNIT ( $, .RADIAN. ) );
#1351 = DIRECTION ( 'NONE',  ( -0.000000000000000000, -0.000000000000000000, -1.000000000000000000 ) ) ;
#1352 = LINE ( 'NONE', #957, #1575 ) ;
#1353 = ORIENTED_EDGE ( 'NONE', *, *, #181, .F. ) ;
#1354 = AXIS2_PLACEMENT_3D ( 'NONE', #1602, #1211, #188 ) ;
#1355 = DIRECTION ( 'NONE',  ( 1.000000000000000000, 0.000000000000000000, 0.000000000000000000 ) ) ;
#1356 = CYLINDRICAL_SURFACE ( 'NONE', #1225, 0.09375000000000005551 ) ;
#1357 = CARTESIAN_POINT ( 'NONE',  ( -1.130000000000000115, -0.1450000000000001010, 0.000000000000000000 ) ) ;
#1358 = ORIENTED_EDGE ( 'NONE', *, *, #1138, .T. ) ;
#1359 = ORIENTED_EDGE ( 'NONE', *, *, #1444, .T. ) ;
#1360 = DIRECTION ( 'NONE',  ( -1.365923996832131363E-16, 1.000000000000000000, 0.000000000000000000 ) ) ;
#1361 = FACE_OUTER_BOUND ( 'NONE', #232, .T. ) ;
#1362 = ORIENTED_EDGE ( 'NONE', *, *, #517, .F. ) ;
#1363 = LINE ( 'NONE', #591, #1449 ) ;
#1364 = LINE ( 'NONE', #1501, #741 ) ;
#1365 = VERTEX_POINT ( 'NONE', #511 ) ;
#1366 = AXIS2_PLACEMENT_3D ( 'NONE', #1357, #704, #1216 ) ;
#1367 = EDGE_LOOP ( 'NONE', ( #509, #596, #1550, #1256 ) ) ;
#1368 = ADVANCED_FACE ( 'NONE', ( #482 ), #371, .F. ) ;
#1369 = EDGE_CURVE ( 'NONE', #876, #128, #898, .T. ) ;
#1370 = LINE ( 'NONE', #727, #492 ) ;
#1371 = ORIENTED_EDGE ( 'NONE', *, *, #1666, .T. ) ;
#1372 = DIRECTION ( 'NONE',  ( 1.000000000000000000, -0.000000000000000000, 0.000000000000000000 ) ) ;
#1373 = FACE_OUTER_BOUND ( 'NONE', #810, .T. ) ;
#1374 = CARTESIAN_POINT ( 'NONE',  ( -1.500000000000000222, 0.2750000000000000222, 0.000000000000000000 ) ) ;
#1375 = ORIENTED_EDGE ( 'NONE', *, *, #149, .F. ) ;
#1376 = ORIENTED_EDGE ( 'NONE', *, *, #245, .F. ) ;
#1377 = VERTEX_POINT ( 'NONE', #631 ) ;
#1378 = EDGE_CURVE ( 'NONE', #315, #264, #1518, .T. ) ;
#1379 = FACE_OUTER_BOUND ( 'NONE', #1295, .T. ) ;
#1380 = AXIS2_PLACEMENT_3D ( 'NONE', #529, #781, #662 ) ;
#1381 = CARTESIAN_POINT ( 'NONE',  ( -0.4074999999999999734, 0.5649999999999999467, 0.000000000000000000 ) ) ;
#1382 = ORIENTED_EDGE ( 'NONE', *, *, #434, .F. ) ;
#1383 = CARTESIAN_POINT ( 'NONE',  ( 0.000000000000000000, 0.000000000000000000, 0.000000000000000000 ) ) ;
#1384 = VERTEX_POINT ( 'NONE', #639 ) ;
#1385 = CARTESIAN_POINT ( 'NONE',  ( -1.249999999999999778, -0.5000000000000001110, 0.2050000000000005429 ) ) ;
#1386 = CYLINDRICAL_SURFACE ( 'NONE', #710, 0.1299999999999999767 ) ;
#1387 = FACE_OUTER_BOUND ( 'NONE', #73, .T. ) ;
#1388 = EDGE_CURVE ( 'NONE', #1001, #724, #1663, .T. ) ;
#1389 = AXIS2_PLACEMENT_3D ( 'NONE', #165, #551, #1165 ) ;
#1390 = VERTEX_POINT ( 'NONE', #1408 ) ;
#1391 = ORIENTED_EDGE ( 'NONE', *, *, #1592, .F. ) ;
#1392 = CARTESIAN_POINT ( 'NONE',  ( -1.249999999999999778, -0.5000000000000001110, 0.2050000000000005429 ) ) ;
#1393 = DIRECTION ( 'NONE',  ( 1.000000000000000000, 1.138269997360109828E-17, -0.000000000000000000 ) ) ;
#1394 = CARTESIAN_POINT ( 'NONE',  ( -0.4699999999999999734, -0.5024999999999999467, 0.000000000000000000 ) ) ;
#1395 = EDGE_CURVE ( 'NONE', #1056, #1515, #260, .T. ) ;
#1396 = VECTOR ( 'NONE', #769, 39.37007874015748143 ) ;
#1397 = VERTEX_POINT ( 'NONE', #1430 ) ;
#1398 = AXIS2_PLACEMENT_3D ( 'NONE', #1340, #1465, #1103 ) ;
#1399 = VERTEX_POINT ( 'NONE', #1315 ) ;
#1400 = FACE_OUTER_BOUND ( 'NONE', #1406, .T. ) ;
#1401 = ORIENTED_EDGE ( 'NONE', *, *, #1158, .F. ) ;
#1402 = DIRECTION ( 'NONE',  ( 0.000000000000000000, 0.000000000000000000, 1.000000000000000000 ) ) ;
#1403 = ORIENTED_EDGE ( 'NONE', *, *, #122, .T. ) ;
#1404 =( LENGTH_UNIT ( ) NAMED_UNIT ( * ) SI_UNIT ( $, .METRE. ) );
#1405 = EDGE_CURVE ( 'NONE', #485, #128, #1172, .T. ) ;
#1406 = EDGE_LOOP ( 'NONE', ( #1026, #224, #118, #1637 ) ) ;
#1407 = DIRECTION ( 'NONE',  ( 1.000000000000000000, 1.453110634927800140E-16, 0.000000000000000000 ) ) ;
#1408 = CARTESIAN_POINT ( 'NONE',  ( 0.4699999999999999178, 0.4975000000000001088, 0.1250000000000000278 ) ) ;
#1409 = AXIS2_PLACEMENT_3D ( 'NONE', #539, #530, #1055 ) ;
#1410 = EDGE_LOOP ( 'NONE', ( #190, #1153, #225, #1499 ) ) ;
#1411 = CARTESIAN_POINT ( 'NONE',  ( -0.4074999999999999734, -0.3949999999999997957, 0.1250000000000000278 ) ) ;
#1412 = VECTOR ( 'NONE', #1201, 39.37007874015748143 ) ;
#1413 = ORIENTED_EDGE ( 'NONE', *, *, #1506, .T. ) ;
#1414 = ORIENTED_EDGE ( 'NONE', *, *, #395, .F. ) ;
#1415 = ADVANCED_FACE ( 'NONE', ( #673 ), #1073, .F. ) ;
#1416 = EDGE_CURVE ( 'NONE', #240, #1320, #1005, .T. ) ;
#1417 = DIRECTION ( 'NONE',  ( -1.000000000000000000, 0.000000000000000000, 0.000000000000000000 ) ) ;
#1418 = DIRECTION ( 'NONE',  ( 0.000000000000000000, 0.000000000000000000, -1.000000000000000000 ) ) ;
#1419 = DIRECTION ( 'NONE',  ( -1.000000000000000000, 0.000000000000000000, 0.000000000000000000 ) ) ;
#1420 = ORIENTED_EDGE ( 'NONE', *, *, #653, .F. ) ;
#1421 = ORIENTED_EDGE ( 'NONE', *, *, #1666, .F. ) ;
#1422 = ORIENTED_EDGE ( 'NONE', *, *, #54, .F. ) ;
#1423 = CARTESIAN_POINT ( 'NONE',  ( -1.500000000000000222, -0.2750000000000000222, -3.050000000000000711 ) ) ;
#1424 = CARTESIAN_POINT ( 'NONE',  ( 0.4074999999999998623, 0.4975000000000001088, 0.000000000000000000 ) ) ;
#1425 = CARTESIAN_POINT ( 'NONE',  ( 0.8000000000000000444, 0.2750000000000000777, 0.000000000000000000 ) ) ;
#1426 = CARTESIAN_POINT ( 'NONE',  ( -0.4074999999999999734, 0.4574999999999998512, 0.1250000000000000278 ) ) ;
#1427 = CIRCLE ( 'NONE', #1107, 0.06250000000000001388 ) ;
#1428 = VERTEX_POINT ( 'NONE', #1439 ) ;
#1429 = FACE_OUTER_BOUND ( 'NONE', #1367, .T. ) ;
#1430 = CARTESIAN_POINT ( 'NONE',  ( 0.8000000000000000444, 0.2750000000000000777, 0.1350000000000000644 ) ) ;
#1431 = DIRECTION ( 'NONE',  ( -0.000000000000000000, -0.000000000000000000, -1.000000000000000000 ) ) ;
#1432 = CARTESIAN_POINT ( 'NONE',  ( -1.500000000000000222, 0.9999999999999998890, 0.000000000000000000 ) ) ;
#1433 = ORIENTED_EDGE ( 'NONE', *, *, #299, .T. ) ;
#1434 = EDGE_CURVE ( 'NONE', #1600, #1435, #1457, .T. ) ;
#1435 = VERTEX_POINT ( 'NONE', #814 ) ;
#1436 = DIRECTION ( 'NONE',  ( -0.000000000000000000, -0.000000000000000000, 1.000000000000000000 ) ) ;
#1437 = AXIS2_PLACEMENT_3D ( 'NONE', #318, #1081, #583 ) ;
#1438 = DIRECTION ( 'NONE',  ( 1.000000000000000000, 0.000000000000000000, 0.000000000000000000 ) ) ;
#1439 = CARTESIAN_POINT ( 'NONE',  ( -0.4699999999999999734, 0.4574999999999998512, 0.2550000000000000044 ) ) ;
#1440 = EDGE_LOOP ( 'NONE', ( #332, #1553, #1310, #352 ) ) ;
#1441 = CARTESIAN_POINT ( 'NONE',  ( -8.210075087342069880E-17, 0.5649999999999999467, 0.2550000000000000044 ) ) ;
#1442 = CIRCLE ( 'NONE', #447, 0.06250000000000001388 ) ;
#1443 = ORIENTED_EDGE ( 'NONE', *, *, #1311, .F. ) ;
#1444 = EDGE_CURVE ( 'NONE', #954, #879, #1218, .T. ) ;
#1445 = EDGE_LOOP ( 'NONE', ( #607, #1653, #1, #1382 ) ) ;
#1446 = FILL_AREA_STYLE ('',( #1071 ) ) ;
#1447 = CYLINDRICAL_SURFACE ( 'NONE', #756, 0.09375000000000005551 ) ;
#1448 = LINE ( 'NONE', #522, #1630 ) ;
#1449 = VECTOR ( 'NONE', #1332, 39.37007874015748143 ) ;
#1450 = LINE ( 'NONE', #640, #1396 ) ;
#1451 = CARTESIAN_POINT ( 'NONE',  ( 0.4699999999999999178, 0.4975000000000001088, 0.000000000000000000 ) ) ;
#1452 = ORIENTED_EDGE ( 'NONE', *, *, #966, .T. ) ;
#1453 = LINE ( 'NONE', #555, #401 ) ;
#1454 = AXIS2_PLACEMENT_3D ( 'NONE', #1197, #177, #48 ) ;
#1455 = ADVANCED_FACE ( 'NONE', ( #41 ), #428, .F. ) ;
#1456 = PLANE ( 'NONE',  #1541 ) ;
#1457 = LINE ( 'NONE', #275, #1654 ) ;
#1458 = PLANE ( 'NONE',  #1616 ) ;
#1459 = DIRECTION ( 'NONE',  ( 1.000000000000000000, 1.365923996832131609E-16, 0.000000000000000000 ) ) ;
#1460 = CARTESIAN_POINT ( 'NONE',  ( -1.500000000000000222, -1.000000000000000222, 0.000000000000000000 ) ) ;
#1461 = AXIS2_PLACEMENT_3D ( 'NONE', #1004, #752, #1290 ) ;
#1462 = ORIENTED_EDGE ( 'NONE', *, *, #972, .T. ) ;
#1463 = CARTESIAN_POINT ( 'NONE',  ( 1.500000000000000222, -0.9999999999999996669, 0.2550000000000000044 ) ) ;
#1464 = CARTESIAN_POINT ( 'NONE',  ( 0.4699999999999999178, -0.4574999999999999623, 0.1250000000000000278 ) ) ;
#1465 = DIRECTION ( 'NONE',  ( 0.000000000000000000, 0.000000000000000000, 1.000000000000000000 ) ) ;
#1466 = EDGE_CURVE ( 'NONE', #713, #1159, #1032, .T. ) ;
#1467 = ADVANCED_FACE ( 'NONE', ( #1064 ), #1579, .F. ) ;
#1468 = CARTESIAN_POINT ( 'NONE',  ( -1.000000000000000222, -0.1450000000000001010, 0.1350000000000000089 ) ) ;
#1469 = AXIS2_PLACEMENT_3D ( 'NONE', #1491, #574, #201 ) ;
#1470 = DIRECTION ( 'NONE',  ( 1.000000000000000000, 0.000000000000000000, 0.000000000000000000 ) ) ;
#1471 = FACE_OUTER_BOUND ( 'NONE', #493, .T. ) ;
#1472 = EDGE_LOOP ( 'NONE', ( #742, #175, #1537, #1648, #920, #1375, #271, #1104, #1633, #1240, #928, #1024, #468, #1246, #288, #1414 ) ) ;
#1473 =( GEOMETRIC_REPRESENTATION_CONTEXT ( 3 ) GLOBAL_UNCERTAINTY_ASSIGNED_CONTEXT ( ( #1280 ) ) GLOBAL_UNIT_ASSIGNED_CONTEXT ( ( #1593, #1350, #698 ) ) REPRESENTATION_CONTEXT ( 'NONE', 'WORKASPACE' ) );
#1474 = DIRECTION ( 'NONE',  ( 1.000000000000000000, 0.000000000000000000, 0.000000000000000000 ) ) ;
#1475 = DIRECTION ( 'NONE',  ( 0.000000000000000000, 0.000000000000000000, 1.000000000000000000 ) ) ;
#1476 = DIRECTION ( 'NONE',  ( -0.000000000000000000, -0.000000000000000000, 1.000000000000000000 ) ) ;
#1477 = ORIENTED_EDGE ( 'NONE', *, *, #874, .T. ) ;
#1478 = LINE ( 'NONE', #1214, #535 ) ;
#1479 = LINE ( 'NONE', #84, #390 ) ;
#1480 = AXIS2_PLACEMENT_3D ( 'NONE', #835, #826, #1355 ) ;
#1481 = CIRCLE ( 'NONE', #1561, 0.06250000000000001388 ) ;
#1482 = VECTOR ( 'NONE', #997, 39.37007874015748143 ) ;
#1483 = DIRECTION ( 'NONE',  ( 0.000000000000000000, 0.000000000000000000, 1.000000000000000000 ) ) ;
#1484 = ORIENTED_EDGE ( 'NONE', *, *, #1378, .T. ) ;
#1485 = ORIENTED_EDGE ( 'NONE', *, *, #716, .T. ) ;
#1486 = DIRECTION ( 'NONE',  ( -1.000000000000000000, 0.000000000000000000, 0.000000000000000000 ) ) ;
#1487 = CARTESIAN_POINT ( 'NONE',  ( -0.4074999999999999734, -0.4974999999999999423, 0.000000000000000000 ) ) ;
#1488 = ORIENTED_EDGE ( 'NONE', *, *, #939, .F. ) ;
#1489 = VECTOR ( 'NONE', #717, 39.37007874015748143 ) ;
#1490 = PLANE ( 'NONE',  #1642 ) ;
#1491 = CARTESIAN_POINT ( 'NONE',  ( 0.8000000000000000444, 0.1450000000000000178, 0.000000000000000000 ) ) ;
#1492 = DIRECTION ( 'NONE',  ( 0.000000000000000000, 0.000000000000000000, -1.000000000000000000 ) ) ;
#1493 = ORIENTED_EDGE ( 'NONE', *, *, #340, .F. ) ;
#1494 = EDGE_CURVE ( 'NONE', #89, #795, #1300, .T. ) ;
#1495 = EDGE_CURVE ( 'NONE', #1122, #725, #933, .T. ) ;
#1496 = VECTOR ( 'NONE', #88, 39.37007874015748143 ) ;
#1497 = VERTEX_POINT ( 'NONE', #139 ) ;
#1498 = DIRECTION ( 'NONE',  ( -0.000000000000000000, -0.000000000000000000, -1.000000000000000000 ) ) ;
#1499 = ORIENTED_EDGE ( 'NONE', *, *, #1526, .T. ) ;
#1500 = CARTESIAN_POINT ( 'NONE',  ( -0.4699999999999999734, 0.000000000000000000, 0.000000000000000000 ) ) ;
#1501 = CARTESIAN_POINT ( 'NONE',  ( -0.4699999999999999734, -0.5024999999999999467, 0.000000000000000000 ) ) ;
#1502 = EDGE_CURVE ( 'NONE', #1497, #1043, #284, .T. ) ;
#1503 = VECTOR ( 'NONE', #619, 39.37007874015748143 ) ;
#1504 = DIRECTION ( 'NONE',  ( 0.000000000000000000, 0.000000000000000000, 1.000000000000000000 ) ) ;
#1505 = ORIENTED_EDGE ( 'NONE', *, *, #668, .F. ) ;
#1506 = EDGE_CURVE ( 'NONE', #231, #362, #1448, .T. ) ;
#1507 = CIRCLE ( 'NONE', #319, 0.1299999999999999767 ) ;
#1508 = ORIENTED_EDGE ( 'NONE', *, *, #1564, .T. ) ;
#1509 = LINE ( 'NONE', #968, #30 ) ;
#1510 = ORIENTED_EDGE ( 'NONE', *, *, #103, .F. ) ;
#1511 = FACE_OUTER_BOUND ( 'NONE', #479, .T. ) ;
#1512 = CYLINDRICAL_SURFACE ( 'NONE', #237, 0.06250000000000001388 ) ;
#1513 = EDGE_LOOP ( 'NONE', ( #1296, #1551, #1576, #184 ) ) ;
#1514 = ORIENTED_EDGE ( 'NONE', *, *, #1667, .F. ) ;
#1515 = VERTEX_POINT ( 'NONE', #806 ) ;
#1516 = EDGE_CURVE ( 'NONE', #1309, #1428, #1163, .T. ) ;
#1517 = DIRECTION ( 'NONE',  ( 1.000000000000000000, 0.000000000000000000, 0.000000000000000000 ) ) ;
#1518 = LINE ( 'NONE', #872, #1142 ) ;
#1519 = FACE_OUTER_BOUND ( 'NONE', #1440, .T. ) ;
#1520 = ORIENTED_EDGE ( 'NONE', *, *, #960, .F. ) ;
#1521 = AXIS2_PLACEMENT_3D ( 'NONE', #1563, #925, #163 ) ;
#1522 = DIRECTION ( 'NONE',  ( 1.000000000000000000, 0.000000000000000000, 0.000000000000000000 ) ) ;
#1523 = ORIENTED_EDGE ( 'NONE', *, *, #1190, .T. ) ;
#1524 = FACE_OUTER_BOUND ( 'NONE', #1349, .T. ) ;
#1525 = CARTESIAN_POINT ( 'NONE',  ( 0.4074999999999998623, -0.4574999999999999623, 0.1250000000000000278 ) ) ;
#1526 = EDGE_CURVE ( 'NONE', #458, #643, #1198, .T. ) ;
#1527 = DIRECTION ( 'NONE',  ( -0.000000000000000000, -0.000000000000000000, -1.000000000000000000 ) ) ;
#1528 = AXIS2_PLACEMENT_3D ( 'NONE', #777, #675, #304 ) ;
#1529 = ORIENTED_EDGE ( 'NONE', *, *, #1294, .F. ) ;
#1530 = ORIENTED_EDGE ( 'NONE', *, *, #841, .T. ) ;
#1531 = CARTESIAN_POINT ( 'NONE',  ( -6.321031261935929057E-17, -0.4349999999999999978, 0.000000000000000000 ) ) ;
#1532 = DIRECTION ( 'NONE',  ( -1.000000000000000000, 0.000000000000000000, 0.000000000000000000 ) ) ;
#1533 = DIRECTION ( 'NONE',  ( 0.000000000000000000, 0.000000000000000000, 1.000000000000000000 ) ) ;
#1534 = EDGE_CURVE ( 'NONE', #1091, #969, #1274, .T. ) ;
#1535 = VECTOR ( 'NONE', #720, 39.37007874015748143 ) ;
#1536 = ORIENTED_EDGE ( 'NONE', *, *, #853, .T. ) ;
#1537 = ORIENTED_EDGE ( 'NONE', *, *, #684, .T. ) ;
#1538 = DIRECTION ( 'NONE',  ( 1.000000000000000000, 0.000000000000000000, 0.000000000000000000 ) ) ;
#1539 = VERTEX_POINT ( 'NONE', #12 ) ;
#1540 = CARTESIAN_POINT ( 'NONE',  ( -8.210075087342069880E-17, -0.5649999999999999467, 0.000000000000000000 ) ) ;
#1541 = AXIS2_PLACEMENT_3D ( 'NONE', #680, #1360, #452 ) ;
#1542 = EDGE_CURVE ( 'NONE', #1195, #460, #1038, .T. ) ;
#1543 = EDGE_CURVE ( 'NONE', #253, #1399, #202, .T. ) ;
#1544 = VERTEX_POINT ( 'NONE', #208 ) ;
#1545 = VERTEX_POINT ( 'NONE', #1611 ) ;
#1546 = LINE ( 'NONE', #1562, #1187 ) ;
#1547 = APPLICATION_CONTEXT ( 'automotive_design' ) ;
#1548 = CARTESIAN_POINT ( 'NONE',  ( -0.4074999999999999734, -0.4974999999999999423, 0.1250000000000000278 ) ) ;
#1549 = CARTESIAN_POINT ( 'NONE',  ( -1.500000000000000222, 0.9999999999999998890, 0.2550000000000000044 ) ) ;
#1550 = ORIENTED_EDGE ( 'NONE', *, *, #384, .T. ) ;
#1551 = ORIENTED_EDGE ( 'NONE', *, *, #246, .T. ) ;
#1552 = ADVANCED_FACE ( 'NONE', ( #316 ), #1603, .F. ) ;
#1553 = ORIENTED_EDGE ( 'NONE', *, *, #746, .F. ) ;
#1554 = CARTESIAN_POINT ( 'NONE',  ( 1.500000000000000222, -0.9999999999999996669, 0.2550000000000000044 ) ) ;
#1555 = DIRECTION ( 'NONE',  ( -0.000000000000000000, 0.000000000000000000, 1.000000000000000000 ) ) ;
#1556 = VECTOR ( 'NONE', #665, 39.37007874015748143 ) ;
#1557 = DIRECTION ( 'NONE',  ( -0.000000000000000000, -0.000000000000000000, -1.000000000000000000 ) ) ;
#1558 = LINE ( 'NONE', #270, #263 ) ;
#1559 = ORIENTED_EDGE ( 'NONE', *, *, #1434, .F. ) ;
#1560 = ORIENTED_EDGE ( 'NONE', *, *, #646, .F. ) ;
#1561 = AXIS2_PLACEMENT_3D ( 'NONE', #531, #1029, #1192 ) ;
#1562 = CARTESIAN_POINT ( 'NONE',  ( 1.500000000000000222, -0.9999999999999996669, 0.000000000000000000 ) ) ;
#1563 = CARTESIAN_POINT ( 'NONE',  ( 1.500000000000000222, -0.2750000000000000777, -3.050000000000000711 ) ) ;
#1564 = EDGE_CURVE ( 'NONE', #1539, #643, #977, .T. ) ;
#1565 = CARTESIAN_POINT ( 'NONE',  ( 0.4074999999999998623, -0.4975000000000001088, 0.1250000000000000278 ) ) ;
#1566 = DIRECTION ( 'NONE',  ( 0.000000000000000000, -0.000000000000000000, 1.000000000000000000 ) ) ;
#1567 = ORIENTED_EDGE ( 'NONE', *, *, #593, .T. ) ;
#1568 = VECTOR ( 'NONE', #832, 39.37007874015748143 ) ;
#1569 = ORIENTED_EDGE ( 'NONE', *, *, #1067, .T. ) ;
#1570 = DIRECTION ( 'NONE',  ( 1.000000000000000000, 0.000000000000000000, 0.000000000000000000 ) ) ;
#1571 = DIRECTION ( 'NONE',  ( 1.000000000000000000, 0.000000000000000000, 0.000000000000000000 ) ) ;
#1572 = CARTESIAN_POINT ( 'NONE',  ( 0.4699999999999999178, -0.4975000000000001088, 0.1250000000000000278 ) ) ;
#1573 = DIRECTION ( 'NONE',  ( 0.000000000000000000, 0.000000000000000000, -1.000000000000000000 ) ) ;
#1574 = EDGE_CURVE ( 'NONE', #128, #876, #463, .T. ) ;
#1575 = VECTOR ( 'NONE', #1112, 39.37007874015748143 ) ;
#1576 = ORIENTED_EDGE ( 'NONE', *, *, #1346, .F. ) ;
#1577 = DIRECTION ( 'NONE',  ( 1.000000000000000000, 8.228457812241756964E-17, -0.000000000000000000 ) ) ;
#1578 = CARTESIAN_POINT ( 'NONE',  ( -0.4074999999999999734, 0.3949999999999997957, 0.1250000000000000278 ) ) ;
#1579 = PLANE ( 'NONE',  #787 ) ;
#1580 = ORIENTED_EDGE ( 'NONE', *, *, #900, .F. ) ;
#1581 = DIRECTION ( 'NONE',  ( -0.000000000000000000, 1.000000000000000000, -0.000000000000000000 ) ) ;
#1582 = VECTOR ( 'NONE', #1266, 39.37007874015748143 ) ;
#1583 = EDGE_LOOP ( 'NONE', ( #1433, #1287, #891, #606, #505, #385, #1303, #1645 ) ) ;
#1584 = ADVANCED_FACE ( 'NONE', ( #1632 ), #589, .F. ) ;
#1585 = DIRECTION ( 'NONE',  ( 0.000000000000000000, 1.000000000000000000, 0.000000000000000000 ) ) ;
#1586 = DIRECTION ( 'NONE',  ( 1.453110634927800140E-16, -1.000000000000000000, 0.000000000000000000 ) ) ;
#1587 = CARTESIAN_POINT ( 'NONE',  ( -0.4074999999999999734, 0.4349999999999999423, 0.1250000000000000278 ) ) ;
#1588 = FACE_OUTER_BOUND ( 'NONE', #349, .T. ) ;
#1589 = LINE ( 'NONE', #944, #17 ) ;
#1590 = EDGE_LOOP ( 'NONE', ( #870, #915, #1422, #764 ) ) ;
#1591 = EDGE_CURVE ( 'NONE', #1539, #954, #1352, .T. ) ;
#1592 = EDGE_CURVE ( 'NONE', #1435, #719, #1114, .T. ) ;
#1593 =( CONVERSION_BASED_UNIT ( 'INCH', #1078 ) LENGTH_UNIT ( ) NAMED_UNIT ( #27 ) );
#1594 = LINE ( 'NONE', #301, #1489 ) ;
#1595 = LINE ( 'NONE', #58, #753 ) ;
#1596 = CARTESIAN_POINT ( 'NONE',  ( -0.4074999999999999734, 0.4974999999999999423, 0.1250000000000000278 ) ) ;
#1597 = DIRECTION ( 'NONE',  ( -0.000000000000000000, 0.000000000000000000, -1.000000000000000000 ) ) ;
#1598 = ADVANCED_FACE ( 'NONE', ( #1361 ), #215, .F. ) ;
#1599 = DIRECTION ( 'NONE',  ( -0.000000000000000000, -0.000000000000000000, -1.000000000000000000 ) ) ;
#1600 = VERTEX_POINT ( 'NONE', #342 ) ;
#1601 = DIRECTION ( 'NONE',  ( -0.7071067811865492381, 8.659560562354953812E-17, 0.7071067811865457964 ) ) ;
#1602 = CARTESIAN_POINT ( 'NONE',  ( -0.4074999999999999734, 0.4974999999999999423, 0.000000000000000000 ) ) ;
#1603 = CYLINDRICAL_SURFACE ( 'NONE', #1194, 0.06250000000000001388 ) ;
#1604 = DIRECTION ( 'NONE',  ( 0.000000000000000000, 0.000000000000000000, -1.000000000000000000 ) ) ;
#1605 = CIRCLE ( 'NONE', #1469, 0.1299999999999999767 ) ;
#1606 = FACE_OUTER_BOUND ( 'NONE', #439, .T. ) ;
#1607 = DIRECTION ( 'NONE',  ( 0.000000000000000000, 0.000000000000000000, 1.000000000000000000 ) ) ;
#1608 = VERTEX_POINT ( 'NONE', #987 ) ;
#1609 = CARTESIAN_POINT ( 'NONE',  ( 1.500000000000000222, -0.2750000000000000777, 0.1350000000000000644 ) ) ;
#1610 = CARTESIAN_POINT ( 'NONE',  ( -6.321031261935929057E-17, 0.4349999999999999978, 0.000000000000000000 ) ) ;
#1611 = CARTESIAN_POINT ( 'NONE',  ( -1.500000000000000222, -1.000000000000000222, 0.000000000000000000 ) ) ;
#1612 = EDGE_LOOP ( 'NONE', ( #112, #1152, #736, #755, #502, #327, #130, #729 ) ) ;
#1613 = CARTESIAN_POINT ( 'NONE',  ( -0.4699999999999999734, 0.4974999999999999423, 0.1250000000000000278 ) ) ;
#1614 = DIRECTION ( 'NONE',  ( 1.000000000000000000, 0.000000000000000000, 0.000000000000000000 ) ) ;
#1615 = VECTOR ( 'NONE', #940, 39.37007874015748143 ) ;
#1616 = AXIS2_PLACEMENT_3D ( 'NONE', #846, #709, #312 ) ;
#1617 = EDGE_CURVE ( 'NONE', #988, #907, #1595, .T. ) ;
#1618 = ADVANCED_FACE ( 'NONE', ( #326 ), #833, .F. ) ;
#1619 = CARTESIAN_POINT ( 'NONE',  ( -1.000000000000000222, -0.1450000000000001010, 0.1350000000000000089 ) ) ;
#1620 = ORIENTED_EDGE ( 'NONE', *, *, #939, .T. ) ;
#1621 = ORIENTED_EDGE ( 'NONE', *, *, #367, .T. ) ;
#1622 = CARTESIAN_POINT ( 'NONE',  ( 0.4074999999999998623, 0.3949999999999999623, 0.1250000000000000278 ) ) ;
#1623 = EDGE_LOOP ( 'NONE', ( #1144, #9, #87, #1086, #194, #1212 ) ) ;
#1624 = AXIS2_PLACEMENT_3D ( 'NONE', #1205, #805, #579 ) ;
#1625 = DIRECTION ( 'NONE',  ( 1.000000000000000000, -1.138269997360109828E-17, -0.000000000000000000 ) ) ;
#1626 = DIRECTION ( 'NONE',  ( 1.000000000000000000, -0.000000000000000000, 0.000000000000000000 ) ) ;
#1627 = EDGE_CURVE ( 'NONE', #598, #725, #160, .T. ) ;
#1628 = CARTESIAN_POINT ( 'NONE',  ( 0.000000000000000000, 0.000000000000000000, 0.2550000000000000044 ) ) ;
#1629 = ORIENTED_EDGE ( 'NONE', *, *, #716, .F. ) ;
#1630 = VECTOR ( 'NONE', #302, 39.37007874015748143 ) ;
#1631 = VERTEX_POINT ( 'NONE', #334 ) ;
#1632 = FACE_OUTER_BOUND ( 'NONE', #77, .T. ) ;
#1633 = ORIENTED_EDGE ( 'NONE', *, *, #516, .T. ) ;
#1634 = DIRECTION ( 'NONE',  ( -0.000000000000000000, -0.000000000000000000, -1.000000000000000000 ) ) ;
#1635 = AXIS2_PLACEMENT_3D ( 'NONE', #658, #25, #1470 ) ;
#1636 = CARTESIAN_POINT ( 'NONE',  ( -1.249999999999999778, 0.4999999999999998335, 0.2050000000000005429 ) ) ;
#1637 = ORIENTED_EDGE ( 'NONE', *, *, #562, .F. ) ;
#1638 = VECTOR ( 'NONE', #641, 39.37007874015748143 ) ;
#1639 = EDGE_LOOP ( 'NONE', ( #1095, #1058, #1222, #778 ) ) ;
#1640 = ORIENTED_EDGE ( 'NONE', *, *, #1269, .T. ) ;
#1641 = LINE ( 'NONE', #99, #837 ) ;
#1642 = AXIS2_PLACEMENT_3D ( 'NONE', #1500, #1372, #344 ) ;
#1643 = CARTESIAN_POINT ( 'NONE',  ( 0.4074999999999998623, -0.5025000000000000577, 0.2550000000000000044 ) ) ;
#1644 = CIRCLE ( 'NONE', #187, 0.06250000000000001388 ) ;
#1645 = ORIENTED_EDGE ( 'NONE', *, *, #1158, .T. ) ;
#1646 = EDGE_CURVE ( 'NONE', #380, #1001, #1509, .T. ) ;
#1647 = EDGE_CURVE ( 'NONE', #628, #1121, #1230, .T. ) ;
#1648 = ORIENTED_EDGE ( 'NONE', *, *, #1416, .T. ) ;
#1649 = FACE_OUTER_BOUND ( 'NONE', #913, .T. ) ;
#1650 = DIRECTION ( 'NONE',  ( -0.000000000000000000, -1.000000000000000000, -0.000000000000000000 ) ) ;
#1651 = AXIS2_PLACEMENT_3D ( 'NONE', #1305, #291, #538 ) ;
#1652 = CARTESIAN_POINT ( 'NONE',  ( -0.4074999999999999734, -0.4349999999999999423, 0.1250000000000000278 ) ) ;
#1653 = ORIENTED_EDGE ( 'NONE', *, *, #489, .F. ) ;
#1654 = VECTOR ( 'NONE', #919, 39.37007874015748143 ) ;
#1655 = ORIENTED_EDGE ( 'NONE', *, *, #1543, .F. ) ;
#1656 = PRODUCT_DEFINITION_CONTEXT ( 'detailed design', #1547, 'design' ) ;
#1657 = CARTESIAN_POINT ( 'NONE',  ( -0.4074999999999999734, -0.4574999999999998512, 0.000000000000000000 ) ) ;
#1658 = CARTESIAN_POINT ( 'NONE',  ( -1.249999999999999778, -0.5000000000000001110, 0.2050000000000005429 ) ) ;
#1659 = AXIS2_PLACEMENT_3D ( 'NONE', #860, #1626, #836 ) ;
#1660 = VERTEX_POINT ( 'NONE', #700 ) ;
#1661 = VECTOR ( 'NONE', #1601, 39.37007874015748143 ) ;
#1662 = FACE_OUTER_BOUND ( 'NONE', #1445, .T. ) ;
#1663 = LINE ( 'NONE', #504, #1249 ) ;
#1664 = VERTEX_POINT ( 'NONE', #1136 ) ;
#1665 = CARTESIAN_POINT ( 'NONE',  ( -0.4074999999999999734, 0.4974999999999999423, 0.000000000000000000 ) ) ;
#1666 = EDGE_CURVE ( 'NONE', #1365, #199, #478, .T. ) ;
#1667 = EDGE_CURVE ( 'NONE', #965, #879, #748, .T. ) ;
#1668 = CLOSED_SHELL ( 'NONE', ( #1335, #947, #1118, #890, #444, #218, #552, #624, #850, #1293, #497, #1166, #912, #132, #1455, #1283, #1298, #70, #1598, #1068, #467, #424, #1584, #1347, #1096, #1467, #1139, #1015, #1210, #765, #889, #613, #256, #1119, #897, #996, #1618, #1415, #127, #1552, #1023, #540, #938, #594, #1034, #1368, #786, #228, #995, #1247 ) ) ;
#1669 = ORIENTED_EDGE ( 'NONE', *, *, #730, .T. ) ;
ENDSEC;
END-ISO-10303-21;
